id,price,currency,rooms,area,floor,floors,hasRepair,isVipped,isFeatured,location,city
6176591,310000,AZN,2,81.0,3,17,True,False,False,Gənclik,Bakı
5897242,310000,AZN,3,119.0,2,15,True,False,False,Neftçilər,Bakı
6480127,339000,AZN,3,85.0,5,20,True,True,False,Şah İsmayıl Xətai,Bakı
6398388,690000,AZN,4,210.0,3,14,True,True,False,İçəri Şəhər,Bakı
6494899,182000,AZN,3,110.0,3,4,True,False,False,,Xırdalan
6417622,270000,AZN,3,77.0,4,17,True,False,False,İnşaatçılar,Bakı
6455664,289000,AZN,3,100.0,6,20,True,True,False,20 Yanvar,Bakı
6494896,240000,AZN,4,112.0,4,9,True,False,False,Əhmədli,Bakı
6455968,230000,AZN,2,68.7,8,18,True,True,True,8 Noyabr,Bakı
6459894,798000,AZN,4,183.0,6,17,True,True,False,Gənclik,Bakı
6437248,303000,AZN,3,87.0,9,16,True,False,False,Qara Qarayev,Bakı
6494893,293000,AZN,4,122.0,5,9,True,False,False,Bayıl,Bakı
6371693,151000,AZN,2,55.0,4,5,True,False,False,İnşaatçılar,Bakı
6209749,338000,AZN,3,107.0,9,17,True,False,False,Koroğlu,Bakı
6494892,130000,AZN,2,68.0,1,16,True,False,False,,Xırdalan
6494891,178000,AZN,3,70.0,1,9,True,False,False,Yeni Yasamal,Bakı
6494890,285000,AZN,4,135.0,13,16,True,False,False,Həzi Aslanov,Bakı
6391554,163000,AZN,3,80.0,2,4,True,False,False,Avtovağzal,Bakı
6492216,167000,AZN,3,60.0,8,12,True,True,False,İnşaatçılar,Bakı
6358627,490000,AZN,2,95.0,2,7,True,True,False,Ağ şəhər,Bakı
6494889,191000,AZN,3,115.0,12,19,True,False,False,Bakıxanov,Bakı
6203903,220000,AZN,3,88.0,4,5,True,False,False,İnşaatçılar,Bakı
6466828,420000,AZN,4,120.0,7,10,True,True,False,Səbail,Bakı
6246300,430000,AZN,4,137.0,10,15,True,True,False,Şah İsmayıl Xətai,Bakı
5909818,259000,AZN,3,96.0,6,14,False,True,True,Nərimanov,Bakı
6494888,310000,AZN,2,82.0,17,17,True,False,False,Nəsimi,Bakı
6409461,300000,AZN,3,105.0,8,16,True,False,False,Qara Qarayev,Bakı
6477850,150000,AZN,2,55.0,5,5,True,True,True,İnşaatçılar,Bakı
6209748,219000,AZN,2,59.0,13,17,True,False,False,Koroğlu,Bakı
6412026,299000,AZN,4,135.0,13,16,True,False,False,Həzi Aslanov,Bakı
6395961,258000,AZN,3,105.0,12,15,True,False,False,Həzi Aslanov,Bakı
6396767,1650000,AZN,4,220.0,8,20,False,False,False,Ağ şəhər,Bakı
6442325,258000,AZN,2,85.0,16,18,True,False,False,Həzi Aslanov,Bakı
6489581,255000,AZN,3,90.0,3,5,True,True,True,8-ci mikrorayon,Bakı
6099766,309000,AZN,4,110.0,5,6,True,False,False,İçəri Şəhər,Bakı
6452231,210000,AZN,3,90.0,6,9,True,False,False,20 Yanvar,Bakı
6303325,465000,AZN,4,180.0,11,16,True,False,False,Nəriman Nərimanov,Bakı
6483689,289000,AZN,3,95.0,5,17,True,False,False,Qara Qarayev,Bakı
6430270,355000,AZN,5,130.0,3,9,True,False,False,Nəsimi,Bakı
6369753,265000,AZN,3,101.0,1,17,True,False,False,İnşaatçılar,Bakı
6332264,424000,AZN,3,120.0,13,15,True,False,False,Nəsimi,Bakı
6428977,225000,AZN,3,90.0,4,5,True,False,False,Nəsimi,Bakı
6340284,650000,AZN,3,138.0,15,17,True,False,False,Nizami,Bakı
6363715,935000,AZN,2,95.0,17,25,True,True,False,Nəriman Nərimanov,Bakı
5871177,160000,AZN,3,90.0,8,9,True,False,False,Yeni Günəşli,Bakı
6487422,225000,AZN,2,74.0,13,17,True,True,False,Xalqlar Dostluğu,Bakı
6465393,138000,AZN,2,50.0,4,9,True,False,False,Həzi Aslanov,Bakı
6411734,250000,AZN,2,80.0,2,5,True,False,False,Bakıxanov,Bakı
6448557,155000,AZN,2,55.0,5,9,True,False,False,Nəsimi,Bakı
6441132,247000,AZN,2,85.0,15,17,True,False,False,Azadlıq Prospekti,Bakı
6451062,185000,AZN,2,46.0,15,16,True,True,False,Qara Qarayev,Bakı
6410036,270000,AZN,2,85.0,9,18,True,False,False,Nəriman Nərimanov,Bakı
6474882,265000,AZN,2,75.0,8,17,True,False,False,İnşaatçılar,Bakı
6491989,290000,AZN,3,100.0,12,18,True,False,False,7-ci mikrorayon,Bakı
6472215,145000,AZN,2,60.0,5,9,True,False,False,Xətai,Bakı
6482516,690000,AZN,3,279.0,16,16,True,True,False,Nəsimi,Bakı
6410202,163000,AZN,2,60.0,6,9,True,False,False,Xətai,Bakı
6453070,285000,AZN,5,125.0,1,5,True,False,False,Səbail,Bakı
6462887,350000,AZN,3,100.0,16,19,True,False,False,8 Noyabr,Bakı
6370874,169000,AZN,2,80.0,1,9,True,False,False,İnşaatçılar,Bakı
6459652,520000,AZN,3,138.0,12,18,True,True,True,Nəsimi,Bakı
6491585,267000,AZN,3,95.0,7,17,True,True,False,Neftçilər,Bakı
6387334,275000,AZN,3,145.0,1,6,False,True,True,Xətai,Bakı
6339524,164000,AZN,3,67.0,10,16,True,False,False,İnşaatçılar,Bakı
6494882,285000,AZN,3,134.0,8,17,True,False,False,Memar Əcəmi,Bakı
6311784,185000,AZN,2,65.0,5,5,True,False,False,Elmlər Akademiyası,Bakı
6491995,285000,AZN,3,76.0,9,15,True,False,False,İnşaatçılar,Bakı
6494881,132000,AZN,2,62.0,15,16,True,False,False,,Xırdalan
6475390,245000,AZN,3,102.0,13,18,True,False,False,Nəsimi,Bakı
6428869,165000,AZN,3,75.0,3,17,True,False,False,Yeni Günəşli,Bakı
6350270,310000,AZN,3,133.0,3,18,True,False,False,Xalqlar Dostluğu,Bakı
6456913,118000,AZN,1,40.0,2,5,True,True,True,8 Noyabr,Bakı
6480284,420000,AZN,3,139.0,10,16,True,True,True,Neftçilər,Bakı
6077713,213000,AZN,3,90.0,9,16,True,False,False,20 Yanvar,Bakı
6468478,190000,AZN,2,65.0,13,14,True,False,False,Xalqlar Dostluğu,Bakı
6385070,255000,AZN,3,80.0,7,9,True,False,False,Koroğlu,Bakı
6118271,118000,AZN,2,55.0,15,16,True,False,False,,Xırdalan
6366432,350000,AZN,3,135.0,12,14,True,True,True,8-ci mikrorayon,Bakı
6461300,253000,AZN,2,103.8,5,9,False,True,True,Sea Breeze,Bakı
6494878,500000,AZN,4,120.0,14,20,True,False,False,Şah İsmayıl Xətai,Bakı
6414973,690000,AZN,4,152.0,4,11,True,True,False,28 May,Bakı
6392581,298000,AZN,3,110.0,3,17,True,False,False,Elmlər Akademiyası,Bakı
6479507,154000,AZN,2,47.0,2,10,True,False,False,Xalqlar Dostluğu,Bakı
6433805,239275,AZN,1,56.3,3,7,False,True,True,Nardaran,Bakı
6375758,330000,AZN,3,110.0,14,19,True,True,False,İnşaatçılar,Bakı
5771629,300000,AZN,3,136.0,9,16,True,True,False,Memar Əcəmi,Bakı
6255792,335000,AZN,3,150.0,4,24,False,True,True,Şah İsmayıl Xətai,Bakı
6082787,229000,AZN,2,59.0,5,6,True,False,False,Nizami,Bakı
6164080,263000,AZN,2,66.0,6,21,True,True,True,Şah İsmayıl Xətai,Bakı
6360564,230000,AZN,2,100.0,5,6,False,False,False,Şıxov,Bakı
6336500,285000,AZN,3,122.0,11,16,True,False,False,Yasamal,Bakı
6432602,478000,AZN,3,133.0,12,16,False,True,False,28 May,Bakı
6366294,245000,AZN,2,90.0,13,16,True,False,False,Binəqədi,Bakı
5919361,1380000,AZN,5,224.0,11,16,True,True,False,İçəri Şəhər,Bakı
5902061,255000,AZN,2,70.0,16,16,True,True,True,Şah İsmayıl Xətai,Bakı
6459982,650000,AZN,4,220.0,3,14,True,True,False,28 May,Bakı
6348929,489000,AZN,3,100.0,3,7,True,False,False,Şah İsmayıl Xətai,Bakı
6473474,215000,AZN,4,110.0,5,5,True,False,False,Gənclik,Bakı
6331868,170000,AZN,3,55.0,3,4,True,False,False,Gənclik,Bakı
6485506,285000,AZN,3,122.0,11,12,True,False,False,Yeni Yasamal,Bakı
6369142,530000,AZN,5,210.0,2,8,True,True,False,Nəsimi,Bakı
6474492,420000,AZN,3,110.0,5,6,True,True,False,İçəri Şəhər,Bakı
6485614,245000,AZN,2,90.0,13,16,True,False,False,Biləcəri,Bakı
6354285,395000,AZN,4,169.0,9,15,False,False,False,Koroğlu,Bakı
6400053,85500,AZN,2,57.0,11,16,False,True,False,Lökbatan,Bakı
5459397,345000,AZN,3,110.0,2,18,True,False,False,Gənclik,Bakı
6095562,425000,AZN,3,140.0,3,13,True,False,False,Nərimanov,Bakı
6477033,385000,AZN,4,210.0,16,16,True,True,False,Nəriman Nərimanov,Bakı
6475056,103000,AZN,2,50.0,3,4,True,False,False,Masazır,Bakı
6494871,350000,AZN,4,128.0,21,22,False,False,False,Nizami,Bakı
6448370,349000,AZN,3,105.0,12,15,True,False,False,Həzi Aslanov,Bakı
6390195,242000,AZN,3,80.0,12,15,True,False,False,Həzi Aslanov,Bakı
6494869,505000,AZN,4,212.0,13,22,False,False,False,28 May,Bakı
6474913,147000,AZN,2,62.0,5,9,True,False,False,Həzi Aslanov,Bakı
6396609,345000,AZN,3,105.0,9,15,True,False,False,Həzi Aslanov,Bakı
5744959,112000,AZN,3,100.0,1,5,True,True,True,Mərdəkan,Bakı
6370600,620000,AZN,4,190.0,10,12,True,True,False,Nəriman Nərimanov,Bakı
6388212,368000,AZN,4,131.0,5,15,False,False,False,Nərimanov,Bakı
6494865,230000,AZN,3,90.0,2,9,True,False,False,Nəsimi,Bakı
6487831,340000,AZN,2,90.0,2,16,True,True,False,Nəriman Nərimanov,Bakı
6494719,295000,AZN,3,82.0,7,17,True,False,False,Gənclik,Bakı
6155211,315000,AZN,3,80.0,10,18,True,False,False,Nərimanov,Bakı
6337435,490000,AZN,3,113.0,16,18,True,True,False,28 May,Bakı
6487876,380000,AZN,2,100.0,2,16,True,True,False,Nəriman Nərimanov,Bakı
6485882,205000,AZN,2,55.0,14,20,True,False,False,20 Yanvar,Bakı
6487773,190000,AZN,2,50.0,15,16,True,True,False,Nəriman Nərimanov,Bakı
5301180,79500,AZN,2,44.0,2,6,True,True,False,Masazır,Bakı
6389050,200000,AZN,2,60.0,4,5,True,False,False,Nərimanov,Bakı
6398099,330000,AZN,3,128.0,3,17,True,False,False,Həzi Aslanov,Bakı
6224810,210000,AZN,2,65.0,19,20,False,True,True,Şah İsmayıl Xətai,Bakı
4466583,75360,AZN,1,47.1,7,14,False,True,True,,Sumqayıt
6491576,225000,AZN,3,117.0,4,6,True,False,False,Köhnə Günəşli,Bakı
6397975,355000,AZN,3,133.0,7,17,True,False,False,Həzi Aslanov,Bakı
6262243,460000,AZN,3,130.0,3,3,True,True,False,İçəri Şəhər,Bakı
6389240,215000,AZN,4,100.0,2,5,True,False,False,Həzi Aslanov,Bakı
6028530,290000,AZN,2,75.0,15,17,True,True,True,Şah İsmayıl Xətai,Bakı
5693622,337000,AZN,3,129.0,3,16,True,False,False,Səbail,Bakı
6494861,250000,AZN,3,90.0,2,9,True,False,False,Neftçilər,Bakı
6494860,646800,AZN,4,231.0,3,6,False,False,False,Nəsimi,Bakı
5996834,590000,AZN,4,165.0,16,17,True,True,False,Nəriman Nərimanov,Bakı
6463593,132000,AZN,3,240.0,23,23,False,True,True,Bakıxanov,Bakı
6460360,173900,AZN,3,77.3,9,14,False,False,False,Bakıxanov,Bakı
6494855,171000,AZN,3,85.0,3,5,True,False,False,Memar Əcəmi,Bakı
6400209,215000,AZN,3,85.0,5,5,True,False,False,8 Noyabr,Bakı
6481621,219500,AZN,3,89.0,12,17,True,True,True,Avtovağzal,Bakı
6493869,155000,AZN,2,50.0,8,10,True,False,False,Gənclik,Bakı
6387391,155000,AZN,2,55.0,2,16,True,False,False,Nərimanov,Bakı
6347543,190000,AZN,3,70.0,4,5,True,False,False,Qara Qarayev,Bakı
5647914,555000,AZN,4,130.0,4,17,True,False,False,Nəriman Nərimanov,Bakı
6403539,258000,AZN,3,115.0,2,11,True,False,False,Əhmədli,Bakı
6480151,225000,AZN,4,100.0,1,9,True,False,False,Həzi Aslanov,Bakı
6329118,162000,AZN,2,55.0,3,9,True,False,False,Nərimanov,Bakı
6184444,200000,AZN,2,82.6,15,15,False,False,False,Nəriman Nərimanov,Bakı
5916923,249000,AZN,4,105.0,10,17,True,False,False,Həzi Aslanov,Bakı
6414950,295000,AZN,3,115.0,12,18,True,False,False,Yeni Yasamal,Bakı
6316368,189000,AZN,2,70.0,4,5,True,False,False,Nəriman Nərimanov,Bakı
6453148,199000,AZN,2,59.0,5,18,True,True,True,20 Yanvar,Bakı
6494852,335000,AZN,4,130.0,13,19,True,False,False,Nəriman Nərimanov,Bakı
6329113,236000,AZN,3,85.0,3,5,True,False,False,Nəriman Nərimanov,Bakı
6316338,340000,AZN,2,111.0,12,13,True,False,False,Nəsimi,Bakı
6494851,224000,AZN,3,75.0,4,5,True,False,False,Yasamal,Bakı
6476653,162000,AZN,2,60.0,2,3,True,True,False,Sahil,Bakı
6357130,199000,AZN,2,65.0,5,9,True,True,True,Gənclik,Bakı
6131808,575000,AZN,3,127.0,5,12,True,True,True,Nəsimi,Bakı
6492775,160000,AZN,2,65.0,5,9,True,True,False,Həzi Aslanov,Bakı
6481414,270000,AZN,2,84.0,9,20,True,False,False,Nəriman Nərimanov,Bakı
6494766,349000,AZN,3,105.0,11,15,True,True,True,Həzi Aslanov,Bakı
6494848,520000,AZN,3,130.0,6,16,True,False,False,Nəriman Nərimanov,Bakı
6403323,142000,AZN,2,66.0,5,9,True,False,False,Həzi Aslanov,Bakı
6494847,160000,AZN,2,60.0,2,5,True,False,False,Bakıxanov,Bakı
6349117,200000,AZN,3,80.0,2,5,True,False,False,Qara Qarayev,Bakı
6494845,149000,AZN,3,63.0,5,14,True,False,False,,Xırdalan
6494846,157000,AZN,2,62.0,9,12,True,False,False,Yeni Yasamal,Bakı
6494844,198000,AZN,2,84.0,4,16,True,False,False,Avtovağzal,Bakı
6494843,145000,AZN,3,56.0,2,3,True,False,False,Lökbatan,Bakı
6075432,285000,AZN,2,89.0,10,17,True,False,False,Qara Qarayev,Bakı
6332097,185000,AZN,2,46.0,15,17,True,False,False,Qara Qarayev,Bakı
6153124,315000,AZN,4,185.0,14,18,False,False,False,Həzi Aslanov,Bakı
6494841,205000,AZN,3,82.0,6,9,True,False,False,9-cu mikrorayon,Bakı
6459342,234000,AZN,3,63.0,16,18,True,True,True,İnşaatçılar,Bakı
5705564,560000,AZN,4,187.0,15,18,True,False,False,28 May,Bakı
5758122,329000,AZN,5,120.0,7,9,True,False,False,Qara Qarayev,Bakı
6494838,415000,AZN,2,118.0,17,17,True,False,False,Nərimanov,Bakı
6447282,177900,AZN,2,53.0,15,19,True,False,False,Həzi Aslanov,Bakı
5281948,360000,AZN,4,182.0,6,15,True,True,True,Avtovağzal,Bakı
6183805,477000,AZN,3,159.0,5,16,False,False,False,Elmlər Akademiyası,Bakı
6494836,690000,AZN,4,210.0,3,14,True,False,False,İçəri Şəhər,Bakı
6486320,313000,AZN,3,93.0,14,17,True,False,False,Neftçilər,Bakı
6494837,250000,AZN,2,70.0,5,17,True,False,False,Koroğlu,Bakı
6199593,265000,AZN,3,110.0,20,20,True,False,False,Şah İsmayıl Xətai,Bakı
6486334,250000,AZN,2,76.0,12,17,True,False,False,Neftçilər,Bakı
6152062,1020000,AZN,3,205.0,6,22,True,False,False,28 May,Bakı
6363169,287000,AZN,2,87.0,13,17,True,False,False,Qara Qarayev,Bakı
6486363,210000,AZN,2,65.0,5,17,True,False,False,Qara Qarayev,Bakı
6492124,240000,AZN,3,85.0,9,9,True,True,False,Nəsimi,Bakı
6077679,259000,AZN,3,100.0,7,13,True,False,False,Qara Qarayev,Bakı
6494834,210000,AZN,3,73.0,17,20,True,False,False,Memar Əcəmi,Bakı
6421027,267000,AZN,3,80.0,8,14,True,False,False,Neftçilər,Bakı
6465359,172000,AZN,2,50.0,3,5,True,False,False,Qara Qarayev,Bakı
6395691,221000,AZN,3,95.0,12,18,True,False,False,Xalqlar Dostluğu,Bakı
6369497,228000,AZN,3,85.0,12,16,True,False,False,Neftçilər,Bakı
6487991,205000,AZN,2,71.5,15,17,False,False,False,Koroğlu,Bakı
5970697,109000,AZN,2,65.0,4,5,False,True,False,Həzi Aslanov,Bakı
6395010,395000,AZN,3,123.5,5,14,False,True,True,7-ci mikrorayon,Bakı
6492661,418000,AZN,3,152.0,14,17,True,False,False,Qara Qarayev,Bakı
6246543,385000,AZN,3,130.0,11,16,True,True,False,Şah İsmayıl Xətai,Bakı
6494831,145000,AZN,3,55.0,5,5,True,False,False,Sabunçu,Bakı
6491441,125000,AZN,2,45.0,4,5,True,False,False,Memar Əcəmi,Bakı
5843866,79500,AZN,3,82.0,6,6,True,True,False,Masazır,Bakı
6392344,279000,AZN,2,100.0,6,18,True,False,False,Nəsimi,Bakı
6368663,700000,AZN,4,240.0,9,16,True,True,False,28 May,Bakı
6321899,175000,AZN,2,60.0,5,10,True,False,False,,Sumqayıt
6465446,205000,AZN,2,55.0,14,17,True,True,False,Dərnəgül,Bakı
6284179,142000,AZN,2,71.0,3,12,True,False,False,,Sumqayıt
6310768,149000,AZN,2,57.0,5,10,True,False,False,,Sumqayıt
6494814,395000,AZN,3,105.0,18,19,True,True,True,Nəriman Nərimanov,Bakı
6492730,228000,AZN,2,65.0,7,9,True,True,True,Nərimanov,Bakı
6494829,249000,AZN,2,65.0,4,14,True,False,False,Nəriman Nərimanov,Bakı
6494826,245000,AZN,3,120.0,13,20,True,False,False,Yeni Günəşli,Bakı
6489125,204120,AZN,2,81.0,2,10,False,True,True,Yeni Yasamal,Bakı
6494824,183000,AZN,2,68.0,9,11,True,False,False,Zığ,Bakı
6492085,590000,AZN,4,220.0,5,21,True,True,False,Nərimanov,Bakı
6489149,292404,AZN,3,118.0,4,12,False,True,True,Yeni Yasamal,Bakı
6494823,230000,AZN,3,90.0,9,9,True,False,False,Azadlıq Prospekti,Bakı
6491526,160000,AZN,2,62.0,1,9,True,True,False,Yeni Yasamal,Bakı
6489077,159558,AZN,1,58.0,11,12,False,True,True,Yeni Yasamal,Bakı
6494821,285000,AZN,3,105.0,16,17,True,False,False,Nəriman Nərimanov,Bakı
6483076,260000,AZN,2,95.0,13,16,True,True,True,Qara Qarayev,Bakı
6384158,486000,AZN,4,162.0,9,10,True,False,False,Elmlər Akademiyası,Bakı
6370834,970000,AZN,5,245.0,8,8,False,True,False,Ağ şəhər,Bakı
6494817,275000,AZN,3,104.0,2,17,True,False,False,20 Yanvar,Bakı
6438220,245000,AZN,3,82.0,2,5,True,True,True,Nəriman Nərimanov,Bakı
6294627,240000,AZN,3,90.0,5,9,True,False,False,Binəqədi,Bakı
6329167,598000,AZN,3,135.0,3,8,False,True,False,Ağ şəhər,Bakı
6494815,552000,AZN,4,185.0,12,17,True,False,False,28 May,Bakı
6494761,520000,AZN,2,83.0,7,7,True,True,False,Ağ şəhər,Bakı
6341939,264000,AZN,3,115.0,6,19,True,True,False,İnşaatçılar,Bakı
5835417,305000,AZN,5,120.0,5,9,True,False,False,Azadlıq Prospekti,Bakı
6478870,157000,AZN,2,60.0,4,14,True,True,False,Xalqlar Dostluğu,Bakı
6358497,300000,AZN,2,118.0,5,13,True,False,False,28 May,Bakı
6494811,140000,AZN,1,40.0,2,5,True,False,False,Nərimanov,Bakı
6469224,130000,AZN,1,35.0,2,5,True,False,False,Nizami,Bakı
6494810,260000,AZN,2,94.0,10,18,True,False,False,Elmlər Akademiyası,Bakı
6126253,265000,AZN,3,106.0,8,18,True,False,False,Həzi Aslanov,Bakı
6494809,170000,AZN,2,48.0,2,5,True,False,False,Neftçilər,Bakı
6464366,363000,AZN,3,101.0,19,19,True,True,False,Şah İsmayıl Xətai,Bakı
6476816,130000,AZN,2,62.0,8,16,True,True,False,,Xırdalan
6008853,278000,AZN,2,90.0,3,14,True,False,False,Qara Qarayev,Bakı
6054047,330000,AZN,3,115.0,2,14,True,False,False,Qara Qarayev,Bakı
6431318,289000,AZN,2,75.0,17,21,True,False,False,Şah İsmayıl Xətai,Bakı
6433118,285000,AZN,2,70.0,19,21,True,False,False,Şah İsmayıl Xətai,Bakı
6473146,620000,AZN,3,136.0,11,18,False,False,False,Gənclik,Bakı
6433138,285000,AZN,3,70.0,19,21,True,False,False,Şah İsmayıl Xətai,Bakı
6494805,243000,AZN,3,90.0,8,9,True,False,False,Nərimanov,Bakı
6465644,230000,AZN,3,90.0,12,16,True,False,False,Neftçilər,Bakı
6100952,406100,AZN,3,131.0,6,7,False,True,False,Nəsimi,Bakı
6431258,195000,AZN,2,55.0,3,16,False,False,False,Şah İsmayıl Xətai,Bakı
6494803,195000,AZN,3,130.0,3,16,True,False,False,8-ci kilometr,Bakı
6431405,200000,AZN,2,65.0,19,20,False,False,False,Şah İsmayıl Xətai,Bakı
6481946,189000,AZN,2,70.0,12,14,True,False,False,Neftçilər,Bakı
5692795,157000,AZN,2,66.0,2,5,True,False,False,Səbail,Bakı
6472315,1300000,AZN,10,1000.0,20,21,False,False,False,Şah İsmayıl Xətai,Bakı
6484834,169000,AZN,3,90.0,4,7,True,False,False,8-ci kilometr,Bakı
6490148,159000,AZN,2,65.0,3,9,True,False,False,İnşaatçılar,Bakı
6433239,350000,AZN,3,150.0,4,24,False,False,False,Şah İsmayıl Xətai,Bakı
6411793,550000,AZN,3,120.0,6,6,True,False,False,Ağ şəhər,Bakı
6363733,180000,AZN,2,56.9,9,20,True,True,True,20 Yanvar,Bakı
6433163,255000,AZN,2,70.0,16,16,True,False,False,Şah İsmayıl Xətai,Bakı
6425031,188000,AZN,2,45.0,2,9,True,True,True,Elmlər Akademiyası,Bakı
6403146,1050000,AZN,4,215.0,7,21,True,False,False,28 May,Bakı
6494801,213000,AZN,2,70.0,4,4,True,False,False,Nəsimi,Bakı
6494800,260000,AZN,2,94.0,10,18,True,False,False,Elmlər Akademiyası,Bakı
6494799,269000,AZN,3,130.0,11,13,True,False,False,Yeni Yasamal,Bakı
6483411,142000,AZN,2,76.0,3,16,True,False,False,Abşeron,Xırdalan
6494798,234000,AZN,2,41.0,2,18,True,False,False,Nizami,Bakı
6413772,165000,AZN,2,35.0,4,5,True,False,False,Nəriman Nərimanov,Bakı
4937917,299000,AZN,3,134.0,5,19,True,False,False,20 Yanvar,Bakı
6462022,120000,AZN,2,50.0,1,5,True,False,False,Memar Əcəmi,Bakı
6448679,690000,AZN,3,130.0,6,6,True,False,False,İçəri Şəhər,Bakı
6447351,138500,AZN,2,66.0,7,9,True,True,False,Yeni Günəşli,Bakı
6493655,950000,AZN,4,220.0,9,17,True,False,False,Elmlər Akademiyası,Bakı
6494794,145000,AZN,2,65.0,8,9,True,False,False,Həzi Aslanov,Bakı
5977651,157000,AZN,3,75.0,7,20,True,True,False,Əhmədli,Bakı
6494793,327000,AZN,4,163.7,13,14,False,False,False,Bakıxanov,Bakı
6485025,212000,AZN,2,70.0,18,20,True,False,False,Nəriman Nərimanov,Bakı
6472524,51000,AZN,1,27.0,3,5,True,True,False,Azadlıq Prospekti,Bakı
6494791,335000,AZN,3,95.0,12,14,True,False,False,Nəriman Nərimanov,Bakı
6494789,63000,AZN,1,31.0,1,15,True,False,False,,Xırdalan
6081455,229000,AZN,3,85.0,6,9,True,False,False,Həzi Aslanov,Bakı
6489414,445000,AZN,3,140.0,10,17,True,True,False,Nəsimi,Bakı
6494788,117000,AZN,1,34.0,9,9,True,False,False,Gənclik,Bakı
6480164,184000,AZN,2,63.0,3,13,True,True,True,Xətai,Bakı
6371352,227000,AZN,2,54.0,3,5,True,True,True,İçəri Şəhər,Bakı
6431307,260000,AZN,2,60.0,17,21,True,False,False,Şah İsmayıl Xətai,Bakı
6387250,880000,AZN,4,178.0,6,7,True,True,False,Ağ şəhər,Bakı
6494787,115000,AZN,2,40.0,5,5,True,False,False,Avtovağzal,Bakı
6471225,232000,AZN,3,105.0,8,18,True,True,False,Nizami,Bakı
6167135,63500,AZN,3,58.3,9,11,False,False,False,Masazır,Bakı
6494786,250000,AZN,3,90.0,4,5,True,False,False,Qara Qarayev,Bakı
6494784,245000,AZN,2,68.0,2,5,True,False,False,Gənclik,Bakı
6259010,459000,AZN,4,171.0,6,16,False,True,False,Şah İsmayıl Xətai,Bakı
6494785,172000,AZN,2,83.0,14,18,True,False,False,Əhmədli,Bakı
6190799,555000,AZN,4,128.0,10,17,True,False,False,Nəriman Nərimanov,Bakı
6494783,157000,AZN,3,80.0,9,9,True,False,False,Xətai,Bakı
6494782,385000,AZN,3,120.0,10,16,True,False,False,Şah İsmayıl Xətai,Bakı
6494779,207000,AZN,2,105.0,13,14,True,True,False,Qara Qarayev,Bakı
6494778,349000,AZN,3,105.0,11,14,True,False,False,Həzi Aslanov,Bakı
6494777,803600,AZN,5,287.0,5,7,False,False,False,Nəsimi,Bakı
5675325,320000,AZN,3,126.0,7,16,True,False,False,İnşaatçılar,Bakı
6459583,289000,AZN,2,75.0,17,21,True,False,False,Şah İsmayıl Xətai,Bakı
6408812,170000,AZN,2,47.0,18,20,True,False,False,20 Yanvar,Bakı
6494776,140000,AZN,2,65.0,3,5,True,False,False,Həzi Aslanov,Bakı
5918350,650000,AZN,3,120.0,15,17,True,False,False,Elmlər Akademiyası,Bakı
6423290,186000,AZN,3,50.0,3,4,True,True,False,Gənclik,Bakı
3049175,610000,AZN,4,180.0,25,27,True,False,False,Yasamal,Bakı
6386017,320000,AZN,2,72.0,3,3,True,True,False,Sahil,Bakı
6241320,495000,AZN,3,103.0,3,4,True,False,False,İçəri Şəhər,Bakı
6436557,290000,AZN,3,70.0,16,18,True,True,False,Bakmil,Bakı
5990242,265000,AZN,2,93.0,16,16,True,True,False,Şah İsmayıl Xətai,Bakı
6031927,179500,AZN,1,67.0,4,16,True,False,False,Neftçilər,Bakı
6482519,394999,AZN,3,90.0,7,16,True,False,False,28 May,Bakı
6494772,695000,AZN,4,152.0,9,18,True,False,False,28 May,Bakı
5452485,309000,AZN,2,69.0,2,19,True,True,False,Şah İsmayıl Xətai,Bakı
6075017,280000,AZN,3,95.0,8,16,True,True,False,Şah İsmayıl Xətai,Bakı
6459672,140000,AZN,3,76.0,9,12,True,False,False,Hövsan,Bakı
6459623,285000,AZN,3,70.0,19,21,True,False,False,Şah İsmayıl Xətai,Bakı
6486044,394999,AZN,3,105.0,18,19,True,False,False,Nəriman Nərimanov,Bakı
6344159,79500,AZN,2,44.0,4,6,True,False,False,Masazır,Bakı
6011121,183000,AZN,2,60.0,9,9,True,True,False,Şah İsmayıl Xətai,Bakı
6471402,630000,AZN,4,141.0,2,7,True,False,False,Şah İsmayıl Xətai,Bakı
6443603,143000,AZN,2,45.0,5,9,True,False,False,Yeni Günəşli,Bakı
5906689,325000,AZN,2,93.0,9,26,False,True,False,Şah İsmayıl Xətai,Bakı
6261522,325000,AZN,3,135.0,5,16,False,True,False,Azadlıq Prospekti,Bakı
6307152,435000,AZN,3,115.0,16,16,True,True,False,Şah İsmayıl Xətai,Bakı
6490631,182000,AZN,3,65.0,1,9,True,True,False,Xalqlar Dostluğu,Bakı
6459607,195000,AZN,2,55.0,3,16,False,False,False,Şah İsmayıl Xətai,Bakı
6459556,210000,AZN,2,65.0,19,21,False,False,False,Şah İsmayıl Xətai,Bakı
6472314,1300000,AZN,19,1000.0,20,21,False,False,False,Şah İsmayıl Xətai,Bakı
6488844,500000,AZN,4,150.0,11,17,True,False,False,8-ci mikrorayon,Bakı
6044623,147500,AZN,2,43.0,6,9,True,False,False,Azadlıq Prospekti,Bakı
6448917,340000,AZN,3,90.0,3,5,True,False,False,28 May,Bakı
6053495,198000,AZN,5,120.0,7,9,True,False,False,Qaraçuxur,Bakı
6465091,315000,AZN,3,125.0,7,11,True,False,False,Azadlıq Prospekti,Bakı
6387407,350000,AZN,3,110.0,12,17,True,True,False,İnşaatçılar,Bakı
6408961,247000,AZN,2,67.0,16,19,True,False,False,Şah İsmayıl Xətai,Bakı
6067102,207000,AZN,3,78.0,5,11,True,False,False,Qara Qarayev,Bakı
6489104,450000,AZN,3,123.0,4,19,True,True,False,Nizami,Bakı
6488145,177000,AZN,4,115.0,4,9,True,True,False,Hövsan,Bakı
6433716,280000,AZN,4,130.0,2,9,True,False,False,Azadlıq Prospekti,Bakı
6494757,124000,AZN,2,65.0,16,17,True,False,False,Binəqədi,Bakı
6484793,380000,AZN,2,118.0,4,11,False,True,False,Nəsimi,Bakı
6444367,160000,AZN,3,65.0,9,9,True,False,False,Əhmədli,Bakı
6483041,395000,AZN,3,90.0,7,16,True,True,True,Nərimanov,Bakı
6060205,181000,AZN,2,65.0,2,9,True,False,False,8-ci mikrorayon,Bakı
6402947,315000,AZN,3,115.0,8,17,True,False,False,Həzi Aslanov,Bakı
6359912,129000,AZN,2,46.0,3,5,True,True,False,Memar Əcəmi,Bakı
6389379,243000,AZN,3,75.0,8,9,True,False,False,Nərimanov,Bakı
6494753,170000,AZN,3,80.0,1,9,True,False,False,Xətai,Bakı
6433777,275000,AZN,4,115.0,2,5,True,False,False,Azadlıq Prospekti,Bakı
6486579,185000,AZN,3,80.0,3,9,True,False,False,Əhmədli,Bakı
6494750,470000,AZN,3,115.0,8,18,True,False,False,28 May,Bakı
6313250,440000,AZN,3,130.0,4,6,True,True,False,Sahil,Bakı
6056099,74340,AZN,2,53.1,3,4,False,True,False,Qaraçuxur,Bakı
6410937,294000,AZN,2,90.0,5,16,True,True,False,Şah İsmayıl Xətai,Bakı
6494749,227000,AZN,2,45.0,7,10,True,False,False,Nizami,Bakı
6459564,189999,AZN,3,65.0,11,16,True,True,False,Memar Əcəmi,Bakı
6485532,285000,AZN,3,115.0,9,17,True,True,False,Azadlıq Prospekti,Bakı
6120182,446000,AZN,3,139.5,3,17,False,True,False,Gənclik,Bakı
6454846,330000,AZN,3,117.0,9,16,True,True,False,İnşaatçılar,Bakı
6405625,395000,AZN,3,142.0,3,17,False,True,False,Gənclik,Bakı
6483011,550000,AZN,3,125.0,20,20,True,True,True,Şah İsmayıl Xətai,Bakı
6487734,140000,AZN,2,38.0,3,5,True,True,False,Qara Qarayev,Bakı
6411504,550000,AZN,4,150.0,9,13,True,False,False,Nəsimi,Bakı
6432213,305000,AZN,2,88.0,16,18,True,True,False,Şah İsmayıl Xətai,Bakı
6408174,303000,AZN,3,87.0,9,16,True,False,False,Qara Qarayev,Bakı
6276298,360000,AZN,4,145.0,8,8,True,False,False,Bakıxanov,Bakı
6149582,415000,AZN,3,157.9,16,18,False,False,False,Nərimanov,Bakı
6054242,420000,AZN,4,210.0,14,17,True,False,False,20 Yanvar,Bakı
6326072,325000,AZN,3,145.0,10,17,False,True,False,Binəqədi,Bakı
6407450,157000,AZN,2,70.0,9,17,True,False,False,Yeni Günəşli,Bakı
6494746,275000,AZN,2,58.0,4,16,True,False,False,Gənclik,Bakı
6494744,113000,AZN,1,45.0,8,9,True,False,False,Həzi Aslanov,Bakı
6494742,145000,AZN,2,45.0,3,9,True,False,False,Azadlıq Prospekti,Bakı
6463539,219000,AZN,3,95.0,8,18,True,False,False,Həzi Aslanov,Bakı
6327707,370000,AZN,3,125.0,10,16,True,False,False,Şah İsmayıl Xətai,Bakı
6460653,149000,AZN,2,50.0,3,5,True,False,False,Neftçilər,Bakı
6494736,444000,AZN,3,138.0,3,16,True,False,False,Elmlər Akademiyası,Bakı
6324552,242000,AZN,4,110.0,9,12,False,False,False,Neftçilər,Bakı
5617529,130000,AZN,3,114.0,4,6,True,False,False,Masazır,Bakı
6486904,112000,AZN,2,54.0,4,16,False,True,True,28 May,Bakı
6332741,700000,AZN,3,143.0,6,8,True,True,False,Ağ şəhər,Bakı
6494735,273000,AZN,5,120.0,4,9,True,False,False,Əhmədli,Bakı
6494734,239000,AZN,3,90.0,2,9,True,False,False,Suraxanı,Bakı
6494733,560000,AZN,3,135.0,10,16,True,False,False,Nəriman Nərimanov,Bakı
6494732,205000,AZN,4,75.0,4,5,True,False,False,Neftçilər,Bakı
6316321,220000,AZN,3,80.0,3,9,True,True,False,İnşaatçılar,Bakı
5805494,530000,AZN,3,153.0,17,18,True,False,False,Nizami,Bakı
6494728,95000,AZN,2,79.1,10,18,False,False,False,Lökbatan,Bakı
6494726,161000,AZN,2,70.0,7,9,True,False,False,Köhnə Günəşli,Bakı
6356870,190000,AZN,2,62.0,2,6,True,False,False,Şıxov,Bakı
6467596,195000,AZN,2,76.0,18,20,True,True,True,Həzi Aslanov,Bakı
6425266,395000,AZN,2,108.0,14,16,True,False,False,28 May,Bakı
6471941,195000,AZN,3,75.0,9,9,True,True,True,Əhmədli,Bakı
6479314,189000,AZN,3,80.0,4,17,True,True,False,Memar Əcəmi,Bakı
6479156,170000,AZN,3,55.0,4,5,True,True,False,İnşaatçılar,Bakı
6478126,150000,AZN,2,60.0,2,5,True,True,False,20 Yanvar,Bakı
6478114,122000,AZN,2,40.0,2,5,True,True,False,İnşaatçılar,Bakı
6321648,519000,AZN,3,128.0,15,20,False,True,True,Şah İsmayıl Xətai,Bakı
6405649,325000,AZN,3,97.0,4,17,False,True,False,Nəsimi,Bakı
6321590,549000,AZN,3,128.0,16,20,False,True,True,Şah İsmayıl Xətai,Bakı
6447279,319000,AZN,2,66.0,20,20,True,True,True,Şah İsmayıl Xətai,Bakı
6494725,267000,AZN,3,95.0,10,17,True,False,False,Neftçilər,Bakı
6457797,239000,AZN,3,72.0,5,18,True,True,True,İnşaatçılar,Bakı
6422204,362000,AZN,3,130.0,4,18,True,True,True,Şah İsmayıl Xətai,Bakı
6389311,230000,AZN,3,80.0,4,5,True,True,False,Elmlər Akademiyası,Bakı
6387814,205000,AZN,3,90.0,4,5,True,True,False,İnşaatçılar,Bakı
6385496,164000,AZN,2,60.0,3,5,True,True,False,İnşaatçılar,Bakı
6387797,219000,AZN,3,88.0,2,5,True,True,False,Yeni Yasamal,Bakı
6385478,143000,AZN,2,50.0,5,5,True,True,False,İnşaatçılar,Bakı
6385457,147000,AZN,2,44.0,5,5,True,True,False,28 May,Bakı
6366925,155000,AZN,3,60.0,4,5,True,True,False,İnşaatçılar,Bakı
6318621,200000,AZN,2,82.0,6,18,True,True,False,Yeni Yasamal,Bakı
6337144,149000,AZN,2,58.0,12,16,True,True,False,İnşaatçılar,Bakı
6370158,172000,AZN,3,68.0,4,9,True,True,False,Memar Əcəmi,Bakı
6336884,237000,AZN,3,88.0,3,15,True,True,False,Yeni Yasamal,Bakı
6330768,159000,AZN,2,55.0,8,9,True,True,False,Azadlıq Prospekti,Bakı
6330993,285000,AZN,3,100.0,3,5,True,False,False,Elmlər Akademiyası,Bakı
6483922,155000,AZN,2,113.5,5,16,False,True,True,28 May,Bakı
6494723,210000,AZN,3,100.0,4,16,True,False,False,Nəsimi,Bakı
6476294,260000,AZN,2,80.0,9,17,True,False,False,Memar Əcəmi,Bakı
6494721,240000,AZN,2,90.0,3,16,True,False,False,8-ci kilometr,Bakı
5906159,75900,AZN,3,109.6,4,4,False,True,True,Görədil,Bakı
6494722,196000,AZN,2,61.0,2,16,True,False,False,Memar Əcəmi,Bakı
5453064,65000,AZN,2,68.0,2,4,False,False,False,Binəqədi,Bakı
6494718,520000,AZN,3,175.0,14,22,False,False,False,Nizami,Bakı
6494621,280000,AZN,3,100.0,10,17,True,False,False,7-ci mikrorayon,Bakı
6479661,245000,AZN,3,122.0,11,16,False,True,False,Qara Qarayev,Bakı
6304915,375000,AZN,3,121.0,10,14,True,True,True,Nizami,Bakı
6044531,280000,AZN,2,121.0,4,16,False,True,False,Qara Qarayev,Bakı
6354644,216000,AZN,2,67.0,4,6,True,False,False,Şıxov,Bakı
6494716,149900,AZN,2,62.0,4,9,True,False,False,Həzi Aslanov,Bakı
6494674,203000,AZN,2,52.0,3,5,True,False,False,Memar Əcəmi,Bakı
6483971,470000,AZN,5,250.0,4,5,True,True,True,Nəriman Nərimanov,Bakı
6494714,570000,AZN,3,135.0,12,20,True,False,False,Nəriman Nərimanov,Bakı
6494713,113000,AZN,2,48.0,3,5,True,False,False,Hövsan,Bakı
6494710,160000,AZN,3,60.0,10,18,True,False,False,9-cu mikrorayon,Bakı
6281669,398000,AZN,5,500.0,17,18,True,True,True,Həzi Aslanov,Bakı
6302365,480000,AZN,6,160.0,6,17,True,False,False,20 Yanvar,Bakı
6394746,120000,AZN,3,57.0,5,16,True,False,False,Avtovağzal,Bakı
6453196,210000,AZN,3,75.0,2,5,True,True,False,Qara Qarayev,Bakı
6291872,455000,AZN,4,141.0,2,2,True,True,True,Nizami,Bakı
6480133,163000,AZN,3,70.0,5,5,True,False,False,Binəqədi,Bakı
6494708,329000,AZN,4,85.0,9,10,True,False,False,Gənclik,Bakı
5628032,247000,AZN,3,75.0,4,5,True,False,False,Elmlər Akademiyası,Bakı
6256368,130000,AZN,3,90.0,5,12,True,True,True,Abşeron,Xırdalan
6267893,220000,AZN,2,80.0,17,17,True,True,True,Azadlıq Prospekti,Bakı
6494702,207000,AZN,2,65.0,6,9,True,False,False,Nərimanov,Bakı
6473110,173900,AZN,3,56.0,3,5,True,False,False,Memar Əcəmi,Bakı
6494698,148500,AZN,3,68.0,14,15,True,False,False,Suraxanı,Bakı
6494701,158000,AZN,3,90.0,10,15,True,False,False,,Xırdalan
6434338,305000,AZN,2,68.0,4,17,True,True,True,Elmlər Akademiyası,Bakı
6476906,140000,AZN,2,52.0,4,9,True,False,False,Həzi Aslanov,Bakı
6198005,215000,AZN,3,90.0,9,12,True,False,False,Yeni Yasamal,Bakı
6272014,750000,AZN,4,278.0,8,16,False,False,False,Gənclik,Bakı
5955331,75000,AZN,2,42.0,2,6,True,True,False,Masazır,Bakı
6326589,169900,AZN,2,68.0,17,21,True,False,False,İnşaatçılar,Bakı
6494696,330000,AZN,3,85.0,9,10,True,False,False,Gənclik,Bakı
5978140,425000,AZN,4,186.0,3,20,False,True,False,28 May,Bakı
5673384,260000,AZN,2,65.0,23,27,True,True,True,8 Noyabr,Bakı
6494694,250000,AZN,2,75.0,15,18,True,False,False,Gənclik,Bakı
6360381,395000,AZN,4,138.0,12,17,True,False,False,8 Noyabr,Bakı
6295556,750000,AZN,4,263.5,3,22,False,True,False,Gənclik,Bakı
6494692,49500,AZN,1,43.0,8,8,False,False,False,Masazır,Bakı
6267807,203000,AZN,3,65.0,5,5,True,True,False,Nizami,Bakı
6365728,450000,AZN,4,165.0,10,20,True,False,False,8 Noyabr,Bakı
6103288,79900,AZN,4,77.0,1,5,True,True,False,Pirallahı,Bakı
6457280,222999,AZN,3,80.0,5,9,True,True,False,Əhmədli,Bakı
6455458,255000,AZN,2,70.0,16,16,True,False,False,Şah İsmayıl Xətai,Bakı
6411684,430000,AZN,3,130.0,9,16,True,False,False,Nizami,Bakı
6300020,220000,AZN,3,82.0,5,5,True,False,False,28 May,Bakı
6485395,260000,AZN,3,80.0,15,17,True,True,False,İnşaatçılar,Bakı
6437281,187500,AZN,2,74.4,9,12,False,True,True,Bakıxanov,Bakı
6259790,282000,AZN,2,95.0,13,17,True,True,False,Nəsimi,Bakı
6280172,420000,AZN,4,165.0,10,16,True,False,False,8 Noyabr,Bakı
5625392,289000,AZN,2,73.0,16,16,True,True,True,Koroğlu,Bakı
6494676,170000,AZN,2,55.0,12,17,True,True,True,Həzi Aslanov,Bakı
6455685,289000,AZN,3,100.0,6,20,True,True,True,20 Yanvar,Bakı
6152275,95000,AZN,2,58.0,3,4,True,False,False,Masazır,Bakı
6483376,177900,AZN,3,112.0,8,16,False,True,True,M.Ə.Rəsulzadə,Bakı
6480053,165000,AZN,4,100.0,2,9,True,True,False,Hövsan,Bakı
6250719,229000,AZN,2,69.5,8,12,False,False,False,Gənclik,Bakı
6101354,645900,AZN,4,176.5,5,16,False,True,False,Nəriman Nərimanov,Bakı
6128067,229000,AZN,3,98.0,5,17,True,True,False,Suraxanı,Bakı
4466805,152480,AZN,3,95.3,14,14,False,True,True,,Sumqayıt
6470976,259000,AZN,3,85.0,3,5,True,False,False,Binəqədi,Bakı
6195236,635000,AZN,3,180.0,8,22,True,False,False,Şah İsmayıl Xətai,Bakı
6494672,325000,AZN,2,67.0,9,9,True,False,False,Nəsimi,Bakı
6401398,212000,AZN,2,65.0,7,9,True,False,False,Azadlıq Prospekti,Bakı
6483952,176000,AZN,2,55.0,12,19,True,True,False,Xətai,Bakı
6335691,227000,AZN,3,65.0,4,9,True,False,False,Gənclik,Bakı
6467523,187000,AZN,3,65.0,6,9,True,False,False,Həzi Aslanov,Bakı
6041379,96000,AZN,3,74.0,3,6,True,True,False,Masazır,Bakı
6494671,240000,AZN,2,110.0,4,16,True,False,False,Memar Əcəmi,Bakı
6419164,122900,AZN,2,60.0,6,13,True,True,True,,Xırdalan
6494664,250000,AZN,2,54.0,14,17,True,False,False,Nəsimi,Bakı
6448290,208000,AZN,3,80.0,11,13,True,False,False,Nizami,Bakı
6494666,224900,AZN,4,82.0,6,9,True,False,False,Həzi Aslanov,Bakı
6351003,278000,AZN,2,90.0,9,15,True,True,True,Nəriman Nərimanov,Bakı
6443406,279000,AZN,2,96.0,3,16,True,False,False,Nəsimi,Bakı
6494663,180000,AZN,3,80.0,3,9,True,False,False,Xətai,Bakı
6480687,120000,AZN,2,65.0,15,16,True,True,False,,Xırdalan
6494657,135000,AZN,2,45.0,14,14,True,False,False,İnşaatçılar,Bakı
5253127,950000,AZN,4,209.8,13,23,False,True,True,28 May,Bakı
6494656,243000,AZN,3,75.0,8,9,True,False,False,8-ci mikrorayon,Bakı
6389300,170000,AZN,2,65.0,9,9,True,False,False,8-ci mikrorayon,Bakı
6471860,450000,AZN,4,167.0,5,16,True,False,False,Nəriman Nərimanov,Bakı
6462324,205000,AZN,3,70.0,5,5,True,True,False,28 May,Bakı
6468823,229000,AZN,2,68.0,6,18,True,True,False,Şah İsmayıl Xətai,Bakı
6473580,145000,AZN,2,42.0,2,5,True,False,False,Binəqədi,Bakı
6493102,250000,AZN,2,64.0,15,18,True,True,True,Nəsimi,Bakı
6403536,375000,AZN,3,151.0,3,24,True,False,False,Şah İsmayıl Xətai,Bakı
6494653,175000,AZN,2,60.0,1,9,True,False,False,Qara Qarayev,Bakı
6005221,279000,AZN,2,100.0,2,7,True,False,False,Nərimanov,Bakı
5380782,1300000,AZN,4,303.0,20,23,False,False,False,28 May,Bakı
6489024,135000,AZN,2,60.0,5,6,True,False,False,Xətai,Bakı
5921959,870000,AZN,4,234.0,8,19,True,False,False,Sahil,Bakı
6494651,139000,AZN,2,66.0,7,15,True,False,False,,Xırdalan
6486270,129000,AZN,2,68.0,4,16,True,False,False,,Xırdalan
6480926,138000,AZN,3,80.0,5,5,True,False,False,Avtovağzal,Bakı
6409240,90000,AZN,3,72.0,1,5,True,False,False,Masazır,Bakı
6488236,109000,AZN,2,62.0,15,16,True,False,False,Abşeron,Xırdalan
6479717,70000,AZN,1,57.0,1,6,True,False,False,Masazır,Bakı
6451891,142000,AZN,3,60.0,5,5,True,True,True,Memar Əcəmi,Bakı
5201704,76000,AZN,2,40.0,2,6,True,False,False,Masazır,Bakı
6373424,285000,AZN,3,100.0,2,16,True,False,False,20 Yanvar,Bakı
6084875,441000,AZN,3,147.0,6,16,False,False,False,Nizami,Bakı
6440970,170000,AZN,2,55.0,2,5,True,False,False,Nəriman Nərimanov,Bakı
6187937,420000,AZN,5,203.0,14,16,False,False,False,Elmlər Akademiyası,Bakı
6405703,599000,AZN,4,230.0,7,18,True,False,False,28 May,Bakı
6079248,162000,AZN,2,48.0,5,5,True,False,False,Elmlər Akademiyası,Bakı
6079366,642600,AZN,3,189.0,4,18,False,False,False,Nizami,Bakı
6473746,320000,AZN,3,110.0,14,16,True,False,False,Dərnəgül,Bakı
6303240,56500,AZN,2,55.0,6,6,True,False,False,Masazır,Bakı
6245025,270000,AZN,3,90.0,7,16,True,False,False,İnşaatçılar,Bakı
6489667,242000,AZN,3,76.0,11,15,True,True,True,Həzi Aslanov,Bakı
6073502,325000,AZN,3,105.0,9,18,True,False,False,8-ci mikrorayon,Bakı
6481564,244000,AZN,3,116.3,5,14,False,False,False,Bakıxanov,Bakı
6494645,180000,AZN,1,51.0,7,17,True,False,False,İnşaatçılar,Bakı
6426143,255000,AZN,3,85.0,3,5,True,False,False,Binəqədi,Bakı
6236524,307000,AZN,3,96.0,10,16,True,False,False,Azadlıq Prospekti,Bakı
6259134,355000,AZN,2,85.0,7,18,True,True,False,Elmlər Akademiyası,Bakı
5560091,325000,AZN,3,135.0,15,17,True,False,False,Nərimanov,Bakı
6439718,95000,AZN,2,62.0,2,7,True,False,False,Abşeron,Xırdalan
6494643,450000,AZN,4,190.0,12,16,True,False,False,İnşaatçılar,Bakı
5863255,225267,AZN,2,63.1,3,9,True,True,True,Nardaran,Bakı
6409151,72000,AZN,2,52.0,5,6,True,False,False,Masazır,Bakı
6357162,624000,AZN,3,147.0,3,8,False,False,False,Ağ şəhər,Bakı
6350575,320000,AZN,2,44.0,5,7,True,False,False,Ağ şəhər,Bakı
6494641,380000,AZN,3,158.0,3,16,True,False,False,Şah İsmayıl Xətai,Bakı
6480956,1185000,AZN,4,165.0,5,7,True,False,False,Ağ şəhər,Bakı
6469278,560000,AZN,3,113.5,1,2,False,True,True,Nardaran,Bakı
6440750,241000,AZN,3,85.0,1,9,True,False,False,Nərimanov,Bakı
6494021,598000,AZN,3,135.0,3,7,False,False,False,Ağ şəhər,Bakı
6494640,395000,AZN,3,105.0,18,19,True,False,False,Nəriman Nərimanov,Bakı
6385857,612000,AZN,3,136.0,4,8,False,False,False,Ağ şəhər,Bakı
6350494,700000,AZN,4,145.0,3,7,False,False,False,Ağ şəhər,Bakı
6494638,1200000,AZN,5,322.0,9,17,True,False,False,Elmlər Akademiyası,Bakı
6457718,1200000,AZN,4,210.0,12,15,True,True,True,Nəsimi,Bakı
6494635,173000,AZN,3,59.0,14,18,True,False,False,İnşaatçılar,Bakı
6494634,270000,AZN,2,94.0,10,18,True,False,False,Elmlər Akademiyası,Bakı
6357081,195000,AZN,3,60.0,2,4,True,False,False,Gənclik,Bakı
6494632,430000,AZN,4,165.0,10,16,True,False,False,8 Noyabr,Bakı
6494633,243000,AZN,4,110.0,4,9,True,False,False,20 Yanvar,Bakı
6443178,225000,AZN,2,95.0,13,19,True,False,False,İnşaatçılar,Bakı
6469298,493000,AZN,3,100.0,1,9,False,True,True,Nardaran,Bakı
6000073,285000,AZN,3,110.0,7,11,True,False,False,Azadlıq Prospekti,Bakı
6487695,162000,AZN,2,57.0,2,5,True,False,False,Xalqlar Dostluğu,Bakı
6455875,184000,AZN,2,60.0,2,9,True,False,False,Həzi Aslanov,Bakı
6072234,300000,AZN,2,67.0,7,17,True,False,False,Nəsimi,Bakı
5879195,460000,AZN,3,125.0,6,16,True,False,False,Nəriman Nərimanov,Bakı
6179674,249000,AZN,3,90.0,4,5,True,False,False,Binəqədi,Bakı
6484747,180000,AZN,2,65.0,4,5,True,True,False,Xalqlar Dostluğu,Bakı
6385565,215000,AZN,4,85.0,4,5,True,False,False,Azadlıq Prospekti,Bakı
6494630,157000,AZN,2,40.0,3,9,True,False,False,Nərimanov,Bakı
6476874,124000,AZN,2,60.0,1,5,True,False,False,Xalqlar Dostluğu,Bakı
6438132,182000,AZN,3,60.0,1,9,True,False,False,Xalqlar Dostluğu,Bakı
6411604,117000,AZN,2,37.0,5,5,True,False,False,Neftçilər,Bakı
6494629,390000,AZN,3,110.0,8,17,True,False,False,28 May,Bakı
6467522,225000,AZN,2,74.0,13,17,True,False,False,Xalqlar Dostluğu,Bakı
6119782,265000,AZN,3,140.0,17,17,True,False,False,Əhmədli,Bakı
6467583,275000,AZN,3,112.0,2,17,True,False,False,Qara Qarayev,Bakı
6313813,230000,AZN,3,80.0,2,9,True,False,False,Bakıxanov,Bakı
6152885,290000,AZN,3,69.0,16,18,True,False,False,Bakmil,Bakı
6485872,468000,AZN,3,92.0,14,18,True,True,False,Şah İsmayıl Xətai,Bakı
6411535,440000,AZN,3,135.0,3,7,False,False,False,Nəriman Nərimanov,Bakı
6494623,265000,AZN,2,70.0,7,17,True,False,False,Şah İsmayıl Xətai,Bakı
6435853,1150000,AZN,5,330.0,10,16,True,False,False,Nizami,Bakı
6479698,355000,AZN,3,133.0,10,18,True,True,False,Nəsimi,Bakı
6411624,260000,AZN,2,72.0,3,7,False,False,False,Nəriman Nərimanov,Bakı
6494620,370000,AZN,3,100.5,6,10,False,False,False,Nizami,Bakı
6321381,148000,AZN,2,48.0,1,5,True,False,False,Neftçilər,Bakı
6460423,280000,AZN,3,70.0,14,16,True,True,True,Yasamal,Bakı
6494618,225000,AZN,2,65.0,8,9,True,False,False,Nərimanov,Bakı
6154253,270000,AZN,2,68.0,17,19,True,False,False,Şah İsmayıl Xətai,Bakı
6486910,177000,AZN,3,93.0,5,5,True,False,False,Həzi Aslanov,Bakı
6240020,368000,AZN,3,138.0,15,17,True,False,False,Neftçilər,Bakı
6494612,220000,AZN,4,100.0,9,9,True,False,False,Bakıxanov,Bakı
6471919,620000,AZN,4,230.0,16,18,True,False,False,Nizami,Bakı
6411666,269999,AZN,3,115.0,10,17,True,False,False,Həzi Aslanov,Bakı
6494610,226000,AZN,3,100.0,10,15,True,False,False,Həzi Aslanov,Bakı
6483387,188000,AZN,2,55.0,11,16,True,False,False,20 Yanvar,Bakı
6494611,175000,AZN,2,60.0,17,19,True,False,False,Memar Əcəmi,Bakı
6362687,650000,AZN,3,190.0,9,18,True,False,False,Elmlər Akademiyası,Bakı
6167734,195000,AZN,2,69.0,2,14,True,False,False,Qara Qarayev,Bakı
6494609,305000,AZN,2,67.0,4,17,True,False,False,Elmlər Akademiyası,Bakı
6409069,300000,AZN,5,120.0,5,9,True,False,False,Xalqlar Dostluğu,Bakı
6453932,172000,AZN,3,80.0,5,9,True,False,False,Bakıxanov,Bakı
6298789,380000,AZN,4,121.0,7,14,True,False,False,Yasamal,Bakı
6455833,249000,AZN,3,105.0,12,14,True,False,False,Xalqlar Dostluğu,Bakı
6364710,335000,AZN,2,86.0,11,16,True,False,False,Nərimanov,Bakı
6169693,125000,AZN,2,30.0,5,5,True,False,False,Memar Əcəmi,Bakı
6451096,225000,AZN,3,74.3,4,9,True,False,False,Bakıxanov,Bakı
6452917,138000,AZN,2,45.0,4,9,True,False,False,Həzi Aslanov,Bakı
6289522,155000,AZN,3,70.0,1,5,True,False,False,Bakıxanov,Bakı
6247652,275000,AZN,1,50.0,4,8,False,False,False,Ağ şəhər,Bakı
6418434,189000,AZN,3,90.0,3,5,True,False,False,Bakıxanov,Bakı
6494607,475000,AZN,4,117.0,7,17,True,False,False,Gənclik,Bakı
6494605,349000,AZN,3,120.0,2,18,True,False,False,Memar Əcəmi,Bakı
6494604,850000,AZN,4,200.0,3,12,True,False,False,Gənclik,Bakı
6371730,169000,AZN,2,58.0,6,17,True,True,False,Azadlıq Prospekti,Bakı
6446876,345000,AZN,4,136.0,13,20,True,True,False,İnşaatçılar,Bakı
5879675,999000,AZN,5,185.0,6,7,False,False,False,Ağ şəhər,Bakı
6494598,307000,AZN,2,75.0,13,17,True,False,False,Koroğlu,Bakı
6494602,158000,AZN,2,65.0,4,9,True,False,False,Yeni Yasamal,Bakı
6494601,270000,AZN,2,86.0,9,20,True,False,False,Nəriman Nərimanov,Bakı
5294596,1020000,AZN,5,200.0,6,8,False,False,False,Ağ şəhər,Bakı
6313018,209000,AZN,2,80.0,8,12,False,False,False,Nərimanov,Bakı
6494596,650000,AZN,4,211.0,10,19,True,False,False,Şah İsmayıl Xətai,Bakı
6318828,240000,AZN,3,114.0,3,7,True,True,False,,Sumqayıt
6494594,865000,AZN,4,211.0,13,16,False,False,False,Nəsimi,Bakı
6388337,270000,AZN,3,112.0,3,16,True,False,False,Həzi Aslanov,Bakı
6478784,158000,AZN,2,48.0,5,5,True,False,False,İnşaatçılar,Bakı
6364590,373000,AZN,2,67.1,15,19,True,False,False,Şah İsmayıl Xətai,Bakı
6475044,450000,AZN,2,93.0,4,4,True,True,True,Nardaran,Bakı
6494593,175000,AZN,2,60.0,17,19,True,False,False,Memar Əcəmi,Bakı
6036717,189000,AZN,2,75.0,8,17,True,False,False,Həzi Aslanov,Bakı
6494589,750000,AZN,3,102.0,3,8,True,False,False,Ağ şəhər,Bakı
6462343,205000,AZN,3,90.0,6,9,True,False,False,20 Yanvar,Bakı
6253180,495000,AZN,2,95.0,3,20,False,False,False,Ağ şəhər,Bakı
6447149,225000,AZN,3,114.0,8,12,False,False,False,Həzi Aslanov,Bakı
6494579,275000,AZN,4,105.0,2,9,True,False,False,Azadlıq Prospekti,Bakı
5687113,365000,AZN,3,100.0,5,5,True,True,False,Nizami,Bakı
6411192,187000,AZN,2,65.0,5,9,True,False,False,Yasamal,Bakı
6494585,265000,AZN,3,117.0,14,17,True,False,False,Xalqlar Dostluğu,Bakı
6494586,295000,AZN,2,95.0,4,18,True,False,False,Gənclik,Bakı
6494582,285000,AZN,3,130.0,12,15,True,False,False,Memar Əcəmi,Bakı
6494580,550000,AZN,2,83.0,7,7,True,False,False,Ağ şəhər,Bakı
5745539,620000,AZN,3,178.0,25,27,True,True,False,8 Noyabr,Bakı
6117333,146000,AZN,2,52.0,4,5,True,False,False,Nizami,Bakı
6313996,61000,AZN,2,32.0,10,18,True,True,False,,Xırdalan
6494571,139000,AZN,2,66.0,7,15,True,False,False,Abşeron,Xırdalan
5810204,472000,AZN,3,110.0,7,18,False,True,True,Elmlər Akademiyası,Bakı
6494577,188000,AZN,2,55.0,5,5,True,False,False,Elmlər Akademiyası,Bakı
6413533,650000,AZN,4,180.0,17,18,False,True,True,28 May,Bakı
6494576,81000,AZN,2,50.0,9,11,True,False,False,,Xırdalan
6389244,128000,AZN,4,101.0,1,9,True,False,False,Ramana,Bakı
6494574,240000,AZN,2,90.0,3,16,True,False,False,Nizami,Bakı
6061977,240000,AZN,2,66.2,14,20,True,False,False,Şah İsmayıl Xətai,Bakı
6043168,519999,AZN,4,185.0,10,14,True,True,True,Azadlıq Prospekti,Bakı
6494570,200000,AZN,2,58.0,5,14,True,False,False,İnşaatçılar,Bakı
6140747,310000,AZN,2,100.0,6,16,True,True,False,Şah İsmayıl Xətai,Bakı
5436733,229000,AZN,2,68.2,6,20,True,True,False,Şah İsmayıl Xətai,Bakı
6494569,176500,AZN,2,65.0,3,10,True,False,False,Xalqlar Dostluğu,Bakı
6494567,123000,AZN,3,45.0,12,13,True,False,False,Əhmədli,Bakı
6216434,345000,AZN,4,100.0,1,9,True,False,False,Gənclik,Bakı
6485823,310000,AZN,2,77.0,9,17,True,True,False,Nəsimi,Bakı
6464118,115000,AZN,3,71.0,5,8,True,True,True,Masazır,Bakı
6228777,857000,AZN,4,230.0,7,17,True,True,True,28 May,Bakı
6494563,178000,AZN,2,58.0,10,13,True,False,False,Memar Əcəmi,Bakı
5682245,332000,AZN,4,209.0,17,17,False,True,False,Nəsimi,Bakı
6494562,660000,AZN,3,120.0,3,7,False,False,False,Ağ şəhər,Bakı
6470347,125000,AZN,2,45.0,5,9,True,True,False,Köhnə Günəşli,Bakı
6479880,245000,AZN,3,80.0,9,9,True,True,False,Nərimanov,Bakı
6494559,319000,AZN,2,110.0,10,17,True,False,False,Nəriman Nərimanov,Bakı
6479039,189000,AZN,2,54.0,12,14,True,False,False,Neftçilər,Bakı
6433823,495482,AZN,2,112.1,4,7,False,True,True,Nardaran,Bakı
6184625,690000,AZN,4,210.0,3,14,True,True,True,İçəri Şəhər,Bakı
6494560,377777,AZN,3,105.0,11,11,True,False,False,8 Noyabr,Bakı
6494558,190000,AZN,2,60.0,8,12,True,False,False,8-ci mikrorayon,Bakı
6281354,480000,AZN,2,98.0,4,7,True,False,False,Ağ şəhər,Bakı
6494553,500000,AZN,3,166.0,10,18,False,False,False,Şah İsmayıl Xətai,Bakı
6482640,557220,AZN,3,150.6,7,16,False,True,True,Elmlər Akademiyası,Bakı
6494555,265000,AZN,2,51.0,7,16,True,False,False,Nəsimi,Bakı
6359855,300000,AZN,3,120.0,9,9,True,True,False,Şah İsmayıl Xətai,Bakı
6494554,165000,AZN,3,65.0,2,5,True,False,False,Binəqədi,Bakı
6481364,285000,AZN,3,117.0,2,16,True,True,False,Əhmədli,Bakı
6457576,350000,AZN,3,105.0,14,17,True,True,False,Əhmədli,Bakı
6494547,120000,AZN,3,63.0,2,9,True,False,False,,Xırdalan
6461236,450000,AZN,2,100.0,8,15,True,True,True,Nəriman Nərimanov,Bakı
5832183,359000,AZN,3,129.0,2,13,True,True,True,Şah İsmayıl Xətai,Bakı
6494550,67000,AZN,2,54.0,1,5,True,False,False,Məmmədli,Bakı
6488853,207000,AZN,4,100.0,5,9,True,True,True,20 Yanvar,Bakı
6465952,255000,AZN,3,127.0,16,17,True,True,False,Memar Əcəmi,Bakı
6414344,519000,AZN,3,170.0,6,24,False,True,False,Nəriman Nərimanov,Bakı
6296614,455000,AZN,3,147.5,9,15,False,False,False,Nizami,Bakı
6469942,450000,AZN,2,100.0,8,15,True,True,False,Nəriman Nərimanov,Bakı
6445187,450000,AZN,2,100.0,8,15,True,True,True,Nəriman Nərimanov,Bakı
6463164,718000,AZN,6,280.0,13,16,True,False,False,Şah İsmayıl Xətai,Bakı
5863093,159222,AZN,1,44.6,3,9,True,True,True,Nardaran,Bakı
6474977,157000,AZN,2,60.0,9,9,True,True,True,Həzi Aslanov,Bakı
6494549,306000,AZN,3,90.0,9,16,False,False,False,Nəsimi,Bakı
6422488,450000,AZN,2,100.0,8,15,True,True,False,Nəriman Nərimanov,Bakı
6494548,425000,AZN,3,127.0,12,15,True,False,False,Qara Qarayev,Bakı
6459503,248000,AZN,3,107.0,8,12,True,True,True,Həzi Aslanov,Bakı
6402054,220000,AZN,3,120.0,8,20,True,True,False,Həzi Aslanov,Bakı
6376152,66000,AZN,2,54.0,6,6,True,True,False,Masazır,Bakı
6379586,115000,AZN,2,50.0,5,5,True,True,True,Həzi Aslanov,Bakı
6465778,146000,AZN,3,90.0,9,9,True,False,False,Əhmədli,Bakı
6494546,830000,AZN,5,195.0,2,7,True,False,False,Ağ şəhər,Bakı
6473339,178000,AZN,3,76.0,2,11,True,True,True,Yeni Günəşli,Bakı
6429236,199000,AZN,1,54.0,4,10,True,True,True,Nərimanov,Bakı
6437192,450000,AZN,2,101.0,8,15,True,True,True,Nəriman Nərimanov,Bakı
6097378,530000,AZN,4,185.0,8,18,True,False,False,Şah İsmayıl Xətai,Bakı
5539168,168000,AZN,3,90.0,7,9,True,False,False,Əhmədli,Bakı
6147878,250000,AZN,3,141.0,14,14,True,False,False,Xalqlar Dostluğu,Bakı
6386350,249000,AZN,3,103.0,3,13,True,True,True,Xalqlar Dostluğu,Bakı
6094758,278000,AZN,3,140.0,9,16,True,False,False,Əhmədli,Bakı
6119177,130000,AZN,2,61.0,3,6,True,False,False,Əhmədli,Bakı
6470979,160000,AZN,1,34.5,1,28,True,True,False,Sea Breeze,Bakı
5985329,300000,AZN,4,133.0,8,12,True,False,False,Həzi Aslanov,Bakı
5909726,179000,AZN,2,65.0,2,10,True,True,True,Nərimanov,Bakı
6116088,330000,AZN,3,125.0,15,17,True,False,False,Əhmədli,Bakı
6393262,174000,AZN,2,48.0,4,5,True,False,False,Elmlər Akademiyası,Bakı
6157725,285000,AZN,3,90.0,1,19,True,False,False,Əhmədli,Bakı
6120624,157500,AZN,3,90.0,9,9,True,False,False,Həzi Aslanov,Bakı
6154948,280000,AZN,3,130.0,14,19,True,False,False,İnşaatçılar,Bakı
6494527,187999,AZN,3,74.0,4,5,True,False,False,Memar Əcəmi,Bakı
6092529,180000,AZN,3,90.0,4,9,True,False,False,Əhmədli,Bakı
6407031,120000,AZN,1,43.0,16,17,True,False,False,Neftçilər,Bakı
6479150,440000,AZN,3,142.0,16,17,True,False,False,Səbail,Bakı
6407075,110000,AZN,2,40.0,5,5,True,False,False,Neftçilər,Bakı
6407137,115000,AZN,2,40.0,1,5,True,False,False,Xalqlar Dostluğu,Bakı
6407177,140000,AZN,2,50.0,1,5,True,False,False,Neftçilər,Bakı
6407247,168000,AZN,2,57.0,7,16,True,False,False,Neftçilər,Bakı
6494542,155000,AZN,2,40.0,5,5,True,False,False,Gənclik,Bakı
6407421,155000,AZN,2,60.0,1,9,True,False,False,Xalqlar Dostluğu,Bakı
6407597,200000,AZN,2,83.0,17,17,True,False,False,Xalqlar Dostluğu,Bakı
6494541,277000,AZN,2,90.0,4,18,True,False,False,Nəsimi,Bakı
6491718,187000,AZN,2,66.0,7,18,True,False,False,Dərnəgül,Bakı
6494539,155000,AZN,2,50.0,8,10,True,False,False,Gənclik,Bakı
6494531,680000,AZN,4,200.0,3,16,True,False,False,İçəri Şəhər,Bakı
6438537,270000,AZN,3,127.0,16,17,True,True,False,Memar Əcəmi,Bakı
6494537,220000,AZN,2,60.0,12,20,True,False,False,20 Yanvar,Bakı
5502245,515000,AZN,4,198.0,18,20,False,True,False,Elmlər Akademiyası,Bakı
6002616,340000,AZN,4,128.0,7,11,True,False,False,8 Noyabr,Bakı
4966002,287375,AZN,3,114.9,4,14,False,True,True,Dərnəgül,Bakı
6494535,73000,AZN,2,57.0,5,5,True,False,False,,Xırdalan
4965055,299950,AZN,3,119.9,4,13,,True,True,Dərnəgül,Bakı
6494533,82000,AZN,2,43.0,3,6,True,False,False,Masazır,Bakı
4966017,296693,AZN,3,116.3,4,14,False,True,True,Dərnəgül,Bakı
6486438,340000,AZN,2,75.0,6,19,True,False,False,Şah İsmayıl Xətai,Bakı
6494532,140000,AZN,3,61.0,1,9,True,False,False,Həzi Aslanov,Bakı
4967576,331920,AZN,3,138.3,4,13,False,True,True,Dərnəgül,Bakı
6442773,129000,AZN,2,52.0,2,2,True,True,True,28 May,Bakı
6396803,380000,AZN,4,165.0,2,15,True,False,False,Memar Əcəmi,Bakı
6446125,225000,AZN,2,76.0,6,17,True,True,True,7-ci mikrorayon,Bakı
6422751,192000,AZN,2,72.0,6,10,True,False,False,Həzi Aslanov,Bakı
6408083,199000,AZN,3,78.0,2,5,True,False,False,Bakıxanov,Bakı
6470173,192000,AZN,2,70.0,4,16,True,True,False,Həzi Aslanov,Bakı
6470235,165000,AZN,2,60.0,2,11,True,True,False,Bakıxanov,Bakı
6472060,920000,AZN,4,161.0,3,7,True,True,True,Ağ şəhər,Bakı
5740876,950000,AZN,4,350.0,4,16,True,True,False,Nəriman Nərimanov,Bakı
6084478,193000,AZN,2,54.9,3,17,True,False,False,Həzi Aslanov,Bakı
6476821,68000,AZN,2,37.0,1,6,True,True,False,Masazır,Bakı
6469084,329000,AZN,4,169.0,9,15,True,True,True,Neftçilər,Bakı
6359506,220000,AZN,4,100.0,2,5,True,False,False,Neftçilər,Bakı
6494525,300000,AZN,3,134.0,5,19,True,False,False,Yasamal,Bakı
6057566,125000,AZN,2,51.0,15,19,True,False,False,Bakıxanov,Bakı
6494524,150000,AZN,2,51.0,3,5,True,False,False,Xalqlar Dostluğu,Bakı
6407999,219000,AZN,3,96.0,10,17,True,False,False,Xətai,Bakı
5936595,395000,AZN,3,140.0,4,16,True,True,False,Nəsimi,Bakı
6494511,229000,AZN,3,98.0,10,15,True,False,False,Həzi Aslanov,Bakı
6233983,170000,AZN,2,78.0,7,17,True,False,False,Əhmədli,Bakı
6305632,110000,AZN,1,35.0,5,5,True,False,False,İnşaatçılar,Bakı
6494519,380000,AZN,3,93.0,13,19,True,False,False,Şah İsmayıl Xətai,Bakı
6395876,315000,AZN,3,127.0,5,14,False,False,False,Qara Qarayev,Bakı
5556087,295000,AZN,3,100.0,14,20,True,True,False,20 Yanvar,Bakı
6494515,122000,AZN,1,31.0,1,3,True,False,False,28 May,Bakı
6494513,309000,AZN,4,124.0,7,14,True,False,False,Həzi Aslanov,Bakı
6494514,275000,AZN,2,50.0,4,8,False,False,False,Ağ şəhər,Bakı
6455044,290000,AZN,2,108.2,15,16,False,True,False,Koroğlu,Bakı
6494512,128000,AZN,2,65.0,10,16,True,False,False,,Xırdalan
6197247,650000,AZN,3,133.0,15,16,True,True,True,28 May,Bakı
6465955,205000,AZN,3,85.0,11,13,True,False,False,Neftçilər,Bakı
5536194,160000,AZN,2,60.0,4,5,True,False,False,Qara Qarayev,Bakı
6463759,290000,AZN,3,100.0,14,17,True,False,False,Qara Qarayev,Bakı
6281607,330000,AZN,3,106.0,3,17,True,False,False,Qara Qarayev,Bakı
6337703,220000,AZN,3,85.0,7,9,True,False,False,Qara Qarayev,Bakı
5801955,193000,AZN,3,110.0,1,9,True,False,False,Qara Qarayev,Bakı
6416772,260000,AZN,2,77.0,15,17,True,False,False,Qara Qarayev,Bakı
6487990,86000,AZN,2,73.0,5,6,True,False,False,Masazır,Bakı
6077009,230000,AZN,3,115.0,10,12,True,True,True,,Xırdalan
6104518,166000,AZN,3,82.0,9,9,True,False,False,Əhmədli,Bakı
6263071,355000,AZN,5,180.0,7,9,True,False,False,Nizami,Bakı
6158076,130000,AZN,3,102.0,4,17,True,True,False,Saray,Bakı
6494508,384000,AZN,3,99.0,15,20,True,False,False,Nəsimi,Bakı
6410533,247000,AZN,2,67.0,17,19,True,False,False,Şah İsmayıl Xətai,Bakı
6494507,400000,AZN,3,171.0,3,16,True,False,False,8 Noyabr,Bakı
6404460,290000,AZN,4,105.0,3,5,True,False,False,8-ci mikrorayon,Bakı
6042320,189000,AZN,4,100.0,7,9,True,False,False,Köhnə Günəşli,Bakı
6494505,200000,AZN,2,58.0,4,17,True,False,False,Nəsimi,Bakı
6483028,395000,AZN,3,105.0,18,19,True,False,False,Nəriman Nərimanov,Bakı
6494501,132000,AZN,1,40.0,1,3,True,False,False,28 May,Bakı
6331508,240000,AZN,3,70.0,14,18,True,False,False,Nərimanov,Bakı
6494498,260000,AZN,3,75.0,3,4,True,False,False,Nəriman Nərimanov,Bakı
6494496,157000,AZN,2,55.0,7,9,True,False,False,Əhmədli,Bakı
6494493,197000,AZN,3,90.0,3,9,True,False,False,Neftçilər,Bakı
5094157,279000,AZN,2,77.2,14,17,True,False,False,Bayıl,Bakı
6488903,115000,AZN,2,50.0,1,4,True,False,False,Xətai,Bakı
4466743,137920,AZN,2,86.2,7,14,False,True,False,,Sumqayıt
6494492,158000,AZN,2,65.0,4,9,True,False,False,Yeni Yasamal,Bakı
6494490,300000,AZN,4,110.0,6,9,True,False,False,Elmlər Akademiyası,Bakı
6419292,112000,AZN,2,50.0,4,5,True,False,False,Qaraçuxur,Bakı
6494488,188000,AZN,3,103.0,10,10,True,False,False,Xalqlar Dostluğu,Bakı
6479821,425000,AZN,2,105.0,16,17,True,True,True,Gənclik,Bakı
6494487,80000,AZN,1,42.0,4,5,True,False,False,Gənclik,Bakı
6491683,155000,AZN,3,85.0,9,9,True,True,False,Həzi Aslanov,Bakı
6463284,485000,AZN,3,130.0,8,16,True,False,False,28 May,Bakı
6494483,215000,AZN,3,62.0,3,16,True,False,False,Neftçilər,Bakı
6494482,135000,AZN,4,105.0,5,5,True,False,False,Zabrat,Bakı
6472029,165000,AZN,2,71.4,8,12,True,True,True,Əmircan,Bakı
5106668,700000,AZN,3,142.0,8,8,True,False,False,Ağ şəhər,Bakı
6484205,160000,AZN,2,50.0,10,18,True,False,False,İnşaatçılar,Bakı
6466968,330000,AZN,2,114.0,14,18,True,False,False,28 May,Bakı
6494479,385000,AZN,3,130.0,6,17,True,False,False,Şah İsmayıl Xətai,Bakı
6484261,155000,AZN,3,75.0,4,4,True,False,False,Bakıxanov,Bakı
6475430,275000,AZN,4,125.0,4,9,True,False,False,Nəsimi,Bakı
6494477,310000,AZN,3,115.0,5,6,True,False,False,Nəsimi,Bakı
6494478,345000,AZN,3,115.0,3,16,True,False,False,İnşaatçılar,Bakı
6190243,847000,AZN,3,140.0,4,10,False,False,False,Ağ şəhər,Bakı
6157610,168000,AZN,3,70.0,2,5,True,False,False,Bakıxanov,Bakı
6389320,166000,AZN,2,50.0,3,5,True,False,False,Elmlər Akademiyası,Bakı
6367395,465000,AZN,4,210.0,1,5,True,True,True,,Sumqayıt
6494476,338000,AZN,3,107.0,9,17,True,False,False,Koroğlu,Bakı
6413009,579000,AZN,5,240.0,14,24,True,False,False,Şah İsmayıl Xətai,Bakı
5930025,215000,AZN,4,95.0,7,9,True,False,False,Bakıxanov,Bakı
6440781,388000,AZN,3,155.0,6,24,True,True,True,Şah İsmayıl Xətai,Bakı
6491649,213000,AZN,4,104.0,3,11,True,True,False,Bakıxanov,Bakı
6372430,250000,AZN,3,94.0,15,17,True,False,False,Səbail,Bakı
6411712,310000,AZN,3,105.4,6,14,False,False,False,Nərimanov,Bakı
6045856,199000,AZN,3,80.0,2,5,True,False,False,Bakıxanov,Bakı
6466226,158000,AZN,3,65.0,6,9,True,True,True,Memar Əcəmi,Bakı
6410386,220000,AZN,2,57.0,3,6,True,False,False,İçəri Şəhər,Bakı
6408459,288000,AZN,2,74.0,8,17,True,False,False,Nəriman Nərimanov,Bakı
6447796,110000,AZN,1,38.0,1,5,True,True,True,Memar Əcəmi,Bakı
6422687,430000,AZN,3,108.0,4,15,True,True,True,28 May,Bakı
6439523,189000,AZN,3,75.0,4,17,True,True,True,Memar Əcəmi,Bakı
6444169,235000,AZN,2,80.0,15,18,True,False,False,Azadlıq Prospekti,Bakı
6441708,145000,AZN,2,60.0,5,5,True,True,False,Xalqlar Dostluğu,Bakı
6399720,194500,AZN,2,60.0,3,18,True,True,True,Memar Əcəmi,Bakı
6476587,53500,AZN,1,25.0,5,5,True,True,False,,Xırdalan
5465343,305000,AZN,3,110.0,11,20,True,True,True,Əhmədli,Bakı
6446263,310000,AZN,3,110.0,12,13,True,False,False,Xətai,Bakı
6388659,215000,AZN,3,101.0,4,16,True,True,True,Xətai,Bakı
6480092,292000,AZN,2,90.0,11,16,True,False,False,Elmlər Akademiyası,Bakı
6399777,240000,AZN,3,75.0,2,18,True,True,True,Memar Əcəmi,Bakı
5902710,190000,AZN,3,95.0,3,9,True,True,True,Lökbatan,Bakı
6472418,370000,AZN,3,128.0,4,17,True,False,False,Elmlər Akademiyası,Bakı
6400654,82000,AZN,1,22.0,1,2,True,False,False,Sahil,Bakı
6482948,132000,AZN,2,52.0,8,18,True,True,True,20 Yanvar,Bakı
6476957,199500,AZN,2,61.0,14,15,True,False,False,Qara Qarayev,Bakı
6439492,68000,AZN,2,44.0,5,6,True,True,False,Masazır,Bakı
6488740,178000,AZN,4,114.0,8,9,True,True,False,Hövsan,Bakı
6407132,445000,AZN,3,168.0,11,18,False,False,False,28 May,Bakı
6439477,67500,AZN,2,57.0,6,6,True,False,False,Masazır,Bakı
6407682,650000,AZN,5,172.0,3,4,True,False,False,Sahil,Bakı
6494470,330000,AZN,3,136.0,3,19,True,False,False,Nəriman Nərimanov,Bakı
6494473,193000,AZN,2,90.0,10,17,False,False,False,Biləcəri,Bakı
6494472,165000,AZN,3,55.0,3,5,True,False,False,20 Yanvar,Bakı
6414185,700000,AZN,7,800.0,17,17,False,True,True,Elmlər Akademiyası,Bakı
6475866,350000,AZN,3,100.0,2,3,True,False,False,Sahil,Bakı
6411343,470000,AZN,4,165.0,12,17,True,False,False,Şah İsmayıl Xətai,Bakı
6457188,385000,AZN,3,157.0,8,17,True,False,False,Şah İsmayıl Xətai,Bakı
6327299,95000,AZN,1,18.0,1,2,True,False,False,Sahil,Bakı
6430536,199000,AZN,3,73.0,5,10,True,False,False,Bakıxanov,Bakı
6494469,305000,AZN,3,110.0,13,19,True,False,False,Azadlıq Prospekti,Bakı
6449950,70000,AZN,2,61.0,2,4,False,True,False,Qaraçuxur,Bakı
6494467,215000,AZN,1,76.3,9,12,False,False,False,8 Noyabr,Bakı
6494466,188000,AZN,3,70.0,3,5,True,False,False,Qara Qarayev,Bakı
6390519,264000,AZN,3,96.0,6,9,False,True,True,Nəriman Nərimanov,Bakı
6494465,210000,AZN,3,100.0,4,16,True,False,False,Memar Əcəmi,Bakı
6465886,380000,AZN,3,100.0,12,17,True,True,False,Nəsimi,Bakı
6494464,157000,AZN,2,52.0,2,5,True,False,False,Elmlər Akademiyası,Bakı
6040734,374000,AZN,3,135.0,11,17,True,False,False,İnşaatçılar,Bakı
6304450,183000,AZN,2,85.0,7,10,True,True,True,Yeni Yasamal,Bakı
6474750,145000,AZN,2,60.0,4,5,True,True,False,Memar Əcəmi,Bakı
6491144,750000,AZN,3,176.0,6,7,True,True,True,Şah İsmayıl Xətai,Bakı
6360046,345000,AZN,3,135.0,16,18,True,False,False,İnşaatçılar,Bakı
6494461,194000,AZN,2,47.0,9,17,True,False,False,Qara Qarayev,Bakı
6410940,111555,AZN,1,22.0,2,3,True,False,False,İçəri Şəhər,Bakı
6412081,377777,AZN,4,146.0,5,19,True,False,False,Xətai,Bakı
6491130,161000,AZN,2,75.0,7,9,True,False,False,Xətai,Bakı
6493148,140000,AZN,2,72.0,5,10,True,False,False,Suraxanı,Bakı
6464684,325000,AZN,3,105.0,8,17,True,False,False,8-ci mikrorayon,Bakı
6480051,138000,AZN,2,68.0,9,9,True,False,False,Yeni Günəşli,Bakı
6351721,362000,AZN,4,132.0,4,16,False,True,False,Qara Qarayev,Bakı
6378412,249000,AZN,3,85.0,4,5,True,False,False,8-ci mikrorayon,Bakı
6473846,122000,AZN,2,33.0,2,5,True,False,False,Elmlər Akademiyası,Bakı
6494457,129500,AZN,2,38.0,2,5,True,False,False,Memar Əcəmi,Bakı
6433205,338000,AZN,3,135.0,16,17,True,False,False,İnşaatçılar,Bakı
6491659,250000,AZN,3,90.0,2,7,True,False,False,Elmlər Akademiyası,Bakı
6494455,437500,AZN,3,125.0,5,16,True,False,False,28 May,Bakı
6491959,290000,AZN,2,61.0,11,18,True,False,False,Nərimanov,Bakı
6204058,99000,AZN,2,55.0,2,12,True,True,True,,Xırdalan
6428447,535000,AZN,3,150.0,6,16,True,False,False,Nəsimi,Bakı
6489073,158000,AZN,2,52.0,3,9,True,False,False,Nərimanov,Bakı
6412055,85500,AZN,2,45.0,10,13,True,False,False,Abşeron,Xırdalan
6442835,223000,AZN,3,77.0,3,9,True,False,False,Gənclik,Bakı
6452693,180000,AZN,2,80.0,12,14,True,True,True,Həzi Aslanov,Bakı
6368060,172000,AZN,2,84.0,14,18,True,False,False,Əhmədli,Bakı
6478563,235000,AZN,3,85.0,7,9,True,True,False,Nəriman Nərimanov,Bakı
6411176,198050,AZN,3,72.0,5,10,True,False,False,Həzi Aslanov,Bakı
6494452,310300,AZN,3,107.0,9,16,True,False,False,Yeni Yasamal,Bakı
6465756,152999,AZN,2,87.0,13,17,True,False,False,,Xırdalan
6411157,192050,AZN,2,71.0,6,10,True,False,False,Həzi Aslanov,Bakı
6454748,330000,AZN,3,107.0,5,17,True,True,False,Qara Qarayev,Bakı
6098656,510000,AZN,4,190.0,8,14,True,False,False,Nəsimi,Bakı
6098481,270000,AZN,3,132.0,12,16,True,False,False,Azadlıq Prospekti,Bakı
5759449,101625,AZN,2,81.3,5,7,False,True,True,,Lənkəran
6344955,240000,AZN,1,65.0,7,15,True,False,False,8 Noyabr,Bakı
5750385,79750,AZN,1,63.8,5,9,False,True,True,,Lənkəran
6494447,250000,AZN,3,85.0,2,9,True,False,False,Neftçilər,Bakı
5776148,97500,AZN,2,78.0,2,9,False,True,True,,Lənkəran
5769521,93750,AZN,2,75.0,1,9,False,True,True,,Lənkəran
6290669,458000,AZN,3,120.0,8,16,True,False,False,Gənclik,Bakı
5776143,76250,AZN,1,61.0,2,9,False,True,True,,Lənkəran
5757534,67125,AZN,1,53.74,2,7,False,True,True,,Lənkəran
6444751,320000,AZN,3,127.0,8,16,False,False,False,Koroğlu,Bakı
5769530,62125,AZN,1,49.7,1,7,False,True,True,,Lənkəran
6494445,315000,AZN,3,103.5,11,17,True,False,False,Dərnəgül,Bakı
5783827,70375,AZN,1,56.3,2,7,False,True,True,,Lənkəran
6494446,160000,AZN,2,50.5,5,19,False,False,False,8 Noyabr,Bakı
6120103,349000,AZN,2,128.0,11,18,True,True,True,Nərimanov,Bakı
6494444,146000,AZN,1,44.0,2,5,True,False,False,Şah İsmayıl Xətai,Bakı
5769541,150975,AZN,3,120.78,2,9,False,True,True,,Lənkəran
6490400,225000,AZN,3,114.0,8,13,False,True,True,Həzi Aslanov,Bakı
6098513,255000,AZN,2,91.9,5,7,False,True,True,Abşeron,Bakı
6482605,263000,AZN,2,59.0,3,18,True,True,True,Bakmil,Bakı
6424410,255000,AZN,2,77.0,8,16,True,False,False,Qara Qarayev,Bakı
6465127,195000,AZN,3,80.0,5,9,True,False,False,İnşaatçılar,Bakı
6445872,300000,AZN,3,120.0,3,18,True,False,False,8 Noyabr,Bakı
6341521,165000,AZN,3,70.0,3,5,True,True,False,Həzi Aslanov,Bakı
6463747,1100000,AZN,4,290.0,5,22,True,True,True,Şah İsmayıl Xətai,Bakı
6363359,175000,AZN,2,45.0,3,5,True,False,False,İnşaatçılar,Bakı
6451621,145000,AZN,2,50.0,14,16,True,False,False,Avtovağzal,Bakı
6494442,355000,AZN,3,98.0,12,14,True,False,False,İnşaatçılar,Bakı
6494443,440000,AZN,4,202.0,7,12,True,False,False,Gənclik,Bakı
6206411,195000,AZN,1,57.4,4,7,False,True,True,Nardaran,Bakı
5637302,335000,AZN,4,125.0,3,14,True,True,False,Badamdar,Bakı
6494441,469999,AZN,3,115.0,8,18,True,False,False,28 May,Bakı
6408018,585000,AZN,3,112.0,13,16,True,False,False,28 May,Bakı
6418585,217000,AZN,3,91.0,2,17,True,False,False,Həzi Aslanov,Bakı
6492325,295000,AZN,2,90.0,16,16,True,False,False,Nizami,Bakı
6484503,275000,AZN,4,120.0,2,9,True,False,False,Azadlıq Prospekti,Bakı
6155330,82000,AZN,2,55.0,7,17,True,False,False,Saray,Bakı
6494438,539478,AZN,2,75.0,7,13,True,False,False,Nardaran,Bakı
6323198,250000,AZN,2,112.0,17,17,True,False,False,Elmlər Akademiyası,Bakı
6446231,184500,AZN,2,57.0,3,9,True,False,False,9-cu mikrorayon,Bakı
6494436,205000,AZN,2,74.0,8,16,True,False,False,Memar Əcəmi,Bakı
6447492,270000,AZN,2,95.0,3,17,True,True,False,Qara Qarayev,Bakı
6494433,80000,AZN,1,25.0,1,2,True,False,False,Sahil,Bakı
6409260,285000,AZN,3,95.0,4,9,True,False,False,Elmlər Akademiyası,Bakı
6494434,140000,AZN,2,55.0,1,5,True,False,False,20 Yanvar,Bakı
6296459,330000,AZN,3,95.0,14,19,True,True,False,İnşaatçılar,Bakı
5848341,210000,AZN,3,70.0,5,5,True,False,False,Elmlər Akademiyası,Bakı
6296543,610000,AZN,3,120.0,10,17,True,True,False,Elmlər Akademiyası,Bakı
6494430,105000,AZN,1,35.0,1,5,True,False,False,Neftçilər,Bakı
6494429,158000,AZN,2,62.0,4,9,True,False,False,Yeni Yasamal,Bakı
6009441,279000,AZN,2,77.0,15,18,True,False,False,Səbail,Bakı
6494428,425000,AZN,3,130.0,12,14,True,False,False,Qara Qarayev,Bakı
6494426,113000,AZN,1,45.0,8,9,True,False,False,Əhmədli,Bakı
5771400,420000,AZN,2,90.0,14,17,True,True,False,Nizami,Bakı
6349093,430000,AZN,3,145.0,11,24,False,True,True,Şah İsmayıl Xətai,Bakı
6494424,259000,AZN,4,120.0,4,9,True,False,False,20 Yanvar,Bakı
6466104,465000,AZN,4,131.0,16,17,True,True,False,Nəsimi,Bakı
6494422,328000,AZN,3,135.0,10,17,True,False,False,İnşaatçılar,Bakı
6494423,272000,AZN,3,107.0,8,16,True,False,False,Azadlıq Prospekti,Bakı
6325870,270000,AZN,3,108.0,7,17,True,False,False,Əhmədli,Bakı
6343459,226000,AZN,3,80.0,3,9,True,True,False,Həzi Aslanov,Bakı
6494421,279000,AZN,3,92.0,7,22,True,False,False,Ağ şəhər,Bakı
6462968,450000,AZN,3,145.0,5,16,True,True,False,28 May,Bakı
6407612,120000,AZN,2,65.0,5,9,True,True,False,,Xırdalan
6487849,240000,AZN,3,103.0,3,17,True,True,True,Həzi Aslanov,Bakı
5698229,154000,AZN,3,68.0,5,5,True,True,False,Memar Əcəmi,Bakı
6459601,260000,AZN,2,60.0,17,21,True,False,False,Şah İsmayıl Xətai,Bakı
6396814,170000,AZN,5,120.0,9,9,True,False,False,Yeni Günəşli,Bakı
6475300,145000,AZN,3,90.0,17,17,True,False,False,Əhmədli,Bakı
6389680,254000,AZN,3,89.0,9,19,True,True,False,Həzi Aslanov,Bakı
6494418,155000,AZN,2,35.0,4,5,True,False,False,İçəri Şəhər,Bakı
6410861,205000,AZN,2,82.0,10,16,False,False,False,Əhmədli,Bakı
6434465,750000,AZN,4,180.0,8,18,True,False,False,Elmlər Akademiyası,Bakı
6437398,380000,AZN,3,105.0,3,8,True,False,False,Nəriman Nərimanov,Bakı
6433621,255000,AZN,3,115.0,16,17,True,True,True,Avtovağzal,Bakı
6494415,155000,AZN,2,50.0,8,10,True,False,False,Gənclik,Bakı
6475178,307000,AZN,2,115.0,9,16,True,True,False,Şah İsmayıl Xətai,Bakı
6455493,166000,AZN,2,42.0,15,17,True,False,False,Qara Qarayev,Bakı
6450765,173000,AZN,2,50.0,3,5,True,False,False,Nəriman Nərimanov,Bakı
6326897,115000,AZN,2,35.0,1,5,True,True,False,Memar Əcəmi,Bakı
6318441,298000,AZN,3,120.0,7,16,False,False,False,İnşaatçılar,Bakı
6391870,159000,AZN,2,65.0,13,17,True,False,False,Qara Qarayev,Bakı
6494411,161000,AZN,2,45.0,4,5,True,False,False,Nəriman Nərimanov,Bakı
6255361,275000,AZN,3,90.0,8,9,True,False,False,28 May,Bakı
6421894,290000,AZN,4,110.0,2,5,True,False,False,Nəriman Nərimanov,Bakı
6494251,278000,AZN,2,55.0,10,12,True,False,False,Nizami,Bakı
6487944,340000,AZN,3,152.0,4,18,True,False,False,8 Noyabr,Bakı
6446209,268000,AZN,2,66.0,5,16,True,True,True,Gənclik,Bakı
6494405,355000,AZN,2,84.0,13,14,True,False,False,Nərimanov,Bakı
6482840,280000,AZN,4,85.0,1,9,True,True,False,Əhmədli,Bakı
6320130,110000,AZN,3,73.0,3,9,True,False,False,Masazır,Bakı
6494410,935400,AZN,5,311.8,6,7,False,False,False,Nəriman Nərimanov,Bakı
6471014,105000,AZN,3,70.0,8,11,True,True,False,Abşeron,Xırdalan
6494407,90000,AZN,1,25.0,2,2,True,False,False,Sahil,Bakı
6462596,154900,AZN,2,65.0,9,15,True,False,False,Neftçilər,Bakı
6457553,285000,AZN,3,105.0,11,16,True,True,True,Memar Əcəmi,Bakı
6480259,465000,AZN,3,142.0,12,16,True,False,False,Gənclik,Bakı
6392288,155000,AZN,2,50.0,14,16,True,True,True,Həzi Aslanov,Bakı
6494404,189000,AZN,3,77.0,3,16,True,False,False,Zığ,Bakı
6311592,610000,AZN,3,127.0,8,16,True,False,False,Elmlər Akademiyası,Bakı
6288205,335000,AZN,3,130.0,5,13,True,False,False,Həzi Aslanov,Bakı
6409497,319000,AZN,3,120.6,8,25,True,False,False,Elmlər Akademiyası,Bakı
6432189,155000,AZN,3,97.0,7,14,True,True,False,,Sumqayıt
6408636,97000,AZN,3,74.0,1,5,True,False,False,Masazır,Bakı
5823424,139000,AZN,3,70.0,3,9,True,False,False,Yeni Günəşli,Bakı
6494172,169000,AZN,3,70.0,1,9,True,False,False,Xalqlar Dostluğu,Bakı
6494399,235000,AZN,2,80.0,16,17,True,False,False,Azadlıq Prospekti,Bakı
5842195,148000,AZN,2,47.0,20,20,True,True,False,20 Yanvar,Bakı
6494397,230000,AZN,3,90.0,2,9,True,False,False,Memar Əcəmi,Bakı
6366882,193000,AZN,3,85.0,2,5,True,False,False,Elmlər Akademiyası,Bakı
6221978,160000,AZN,2,50.0,3,5,True,False,False,Neftçilər,Bakı
6408421,128000,AZN,1,50.0,4,6,True,False,False,Yasamal,Bakı
6367140,230000,AZN,3,80.0,3,5,True,False,False,Elmlər Akademiyası,Bakı
6327584,225000,AZN,3,85.0,5,9,True,False,False,Qara Qarayev,Bakı
6494395,219000,AZN,2,88.0,11,17,True,False,False,Həzi Aslanov,Bakı
6408887,154000,AZN,2,60.0,4,5,True,False,False,Elmlər Akademiyası,Bakı
6247786,165000,AZN,2,58.0,3,16,True,False,False,Xalqlar Dostluğu,Bakı
6308765,188000,AZN,2,86.0,6,12,True,False,False,Azadlıq Prospekti,Bakı
6471489,174000,AZN,3,60.0,3,5,True,False,False,Memar Əcəmi,Bakı
6391994,308000,AZN,3,136.0,10,16,True,False,False,Elmlər Akademiyası,Bakı
6317906,95000,AZN,2,52.0,1,16,True,False,False,,Xırdalan
6084689,180000,AZN,3,80.0,9,9,True,False,False,Həzi Aslanov,Bakı
6409100,195000,AZN,2,75.0,5,22,True,False,False,İnşaatçılar,Bakı
6084681,135000,AZN,2,60.0,1,9,True,False,False,Həzi Aslanov,Bakı
6410326,200000,AZN,3,62.0,2,5,True,False,False,Elmlər Akademiyası,Bakı
6327594,105000,AZN,1,35.0,5,5,True,False,False,Qara Qarayev,Bakı
6410370,125000,AZN,2,45.0,5,5,True,False,False,İnşaatçılar,Bakı
6410637,126000,AZN,2,35.0,2,5,True,False,False,Xalqlar Dostluğu,Bakı
6410624,165000,AZN,2,65.0,8,9,True,False,False,Əhmədli,Bakı
6494391,220000,AZN,2,82.0,14,17,True,False,False,Əhmədli,Bakı
6347672,138000,AZN,2,41.0,2,12,True,False,False,Yasamal,Bakı
6283453,195000,AZN,2,53.0,3,20,True,False,False,20 Yanvar,Bakı
6494389,270000,AZN,4,157.0,6,16,True,False,False,Xətai,Bakı
6266320,258000,AZN,3,75.0,14,20,True,False,False,20 Yanvar,Bakı
6226372,195000,AZN,2,53.0,4,20,True,False,False,20 Yanvar,Bakı
6494387,170000,AZN,3,81.0,12,16,True,False,False,,Xırdalan
6494386,170000,AZN,2,58.0,8,17,True,False,False,Neftçilər,Bakı
5964768,289000,AZN,2,75.0,17,21,True,False,False,Şah İsmayıl Xətai,Bakı
6494385,315000,AZN,3,100.0,10,16,True,False,False,Nizami,Bakı
6473668,458000,AZN,3,118.0,7,17,True,True,False,Gənclik,Bakı
6210009,169000,AZN,2,58.0,8,17,True,True,False,Neftçilər,Bakı
6412257,118000,AZN,2,65.0,4,16,True,False,False,,Xırdalan
6378564,245000,AZN,2,55.0,14,18,True,True,True,Böyükşor,Bakı
5606352,222000,AZN,2,58.0,7,17,True,False,False,Azadlıq Prospekti,Bakı
6491557,239000,AZN,3,75.0,9,9,True,True,False,Binəqədi,Bakı
6465086,163000,AZN,2,70.0,1,5,True,True,True,İnşaatçılar,Bakı
6417496,228000,AZN,3,110.0,3,17,True,False,False,Əhmədli,Bakı
6003249,153000,AZN,3,85.0,1,9,True,False,False,Həzi Aslanov,Bakı
6000933,195000,AZN,3,80.0,8,9,True,False,False,Əhmədli,Bakı
6200129,229000,AZN,3,80.0,6,15,True,False,False,Həzi Aslanov,Bakı
6148597,285000,AZN,2,70.0,19,21,True,False,False,Şah İsmayıl Xətai,Bakı
6494380,178000,AZN,2,60.0,3,10,True,False,False,Xalqlar Dostluğu,Bakı
6000909,134000,AZN,2,50.0,5,5,True,False,False,Xalqlar Dostluğu,Bakı
6148603,285000,AZN,3,70.0,19,21,True,False,False,Şah İsmayıl Xətai,Bakı
6243974,145000,AZN,2,50.0,4,5,True,False,False,Neftçilər,Bakı
6383032,72000,AZN,2,44.0,2,6,True,False,False,Masazır,Bakı
5964039,179000,AZN,3,85.0,6,9,True,False,False,Həzi Aslanov,Bakı
6204064,195000,AZN,2,55.0,3,16,False,False,False,Şah İsmayıl Xətai,Bakı
6486592,245000,AZN,3,102.0,8,9,True,False,False,Gənclik,Bakı
6471287,205000,AZN,2,45.0,5,5,True,True,False,Elmlər Akademiyası,Bakı
6029290,290000,AZN,2,75.0,15,16,True,False,False,Şah İsmayıl Xətai,Bakı
6252699,198000,AZN,3,75.0,5,10,True,False,False,Xətai,Bakı
6173791,190000,AZN,1,26.0,2,3,True,True,True,İçəri Şəhər,Bakı
6494374,182500,AZN,2,72.0,7,16,True,False,False,Biləcəri,Bakı
6427037,116000,AZN,1,41.0,5,12,True,False,False,Əmircan,Bakı
6035988,227000,AZN,3,90.0,11,16,True,True,False,Yeni Yasamal,Bakı
6225699,200000,AZN,2,65.0,19,20,False,False,False,Şah İsmayıl Xətai,Bakı
6494372,350000,AZN,2,105.0,13,17,True,False,False,Nərimanov,Bakı
6494371,120000,AZN,3,93.0,2,6,True,False,False,,Xırdalan
6484946,483588,AZN,3,134.3,6,16,False,True,True,Elmlər Akademiyası,Bakı
6260006,1300000,AZN,10,1000.0,20,22,False,False,False,Şah İsmayıl Xətai,Bakı
6257938,357000,AZN,3,121.0,6,14,False,False,False,Gənclik,Bakı
6073287,245000,AZN,3,165.0,10,12,True,False,False,,Xırdalan
6258842,335000,AZN,3,150.0,4,24,False,False,False,Şah İsmayıl Xətai,Bakı
6453771,313000,AZN,2,102.0,6,16,True,False,False,8 Noyabr,Bakı
6397991,272000,AZN,3,100.0,8,16,True,False,False,20 Yanvar,Bakı
6485304,424080,AZN,2,111.6,9,9,False,True,True,Elmlər Akademiyası,Bakı
5964627,255000,AZN,2,70.0,16,16,True,False,False,Şah İsmayıl Xətai,Bakı
5883441,315000,AZN,4,185.0,15,18,False,False,False,Həzi Aslanov,Bakı
4599094,45500,AZN,1,54.0,6,6,False,False,False,Masazır,Bakı
6422545,153000,AZN,2,65.0,5,9,True,False,False,Neftçilər,Bakı
5964539,263000,AZN,2,66.0,12,21,False,False,False,Şah İsmayıl Xətai,Bakı
6164020,263000,AZN,2,66.0,6,21,True,False,False,Şah İsmayıl Xətai,Bakı
5864814,319000,AZN,3,98.0,3,12,True,False,False,Bakıxanov,Bakı
6494367,259000,AZN,3,70.0,12,20,True,False,False,20 Yanvar,Bakı
6494368,189000,AZN,3,90.0,3,5,True,False,False,Bakıxanov,Bakı
6494365,275000,AZN,2,75.2,3,6,True,False,False,Nardaran,Bakı
6200683,198000,AZN,4,120.0,11,15,True,False,False,Abşeron,Xırdalan
6487548,85500,AZN,2,73.0,5,6,True,False,False,Masazır,Bakı
6494363,400000,AZN,3,160.0,4,17,True,False,False,8 Noyabr,Bakı
5940052,172000,AZN,2,60.0,4,5,True,False,False,8-ci mikrorayon,Bakı
6494362,530000,AZN,4,200.0,11,20,True,False,False,28 May,Bakı
6494361,470000,AZN,3,115.0,8,18,True,False,False,28 May,Bakı
6452746,355000,AZN,3,120.0,2,16,True,True,True,İnşaatçılar,Bakı
6434539,550000,AZN,3,125.0,19,19,True,True,True,Şah İsmayıl Xətai,Bakı
6488492,162000,AZN,2,65.0,3,5,True,True,False,Həzi Aslanov,Bakı
6411368,175000,AZN,3,75.0,3,9,True,False,False,Qaraçuxur,Bakı
6494358,255000,AZN,3,95.0,6,18,True,False,False,Memar Əcəmi,Bakı
6197152,260000,AZN,2,60.0,17,21,True,False,False,Şah İsmayıl Xətai,Bakı
6494355,205000,AZN,2,53.0,14,20,True,False,False,20 Yanvar,Bakı
6246183,314000,AZN,4,127.0,5,16,False,False,False,Qara Qarayev,Bakı
6494352,242000,AZN,3,92.0,7,19,True,False,False,Nəsimi,Bakı
6326857,85000,AZN,2,51.0,3,4,True,True,False,Qaraçuxur,Bakı
6471775,154800,AZN,2,90.5,5,12,False,False,False,Biləcəri,Bakı
6447014,175000,AZN,3,74.0,5,15,True,False,False,Biləcəri,Bakı
6494350,209000,AZN,1,55.0,5,16,False,False,False,Nəsimi,Bakı
6049056,300000,AZN,3,132.0,3,18,False,False,False,8 Noyabr,Bakı
6494349,420000,AZN,3,126.0,10,18,True,False,False,Nizami,Bakı
6287472,140000,AZN,3,99.0,1,4,True,True,False,Qaraçuxur,Bakı
5515435,275000,AZN,4,148.5,1,6,False,True,True,Həzi Aslanov,Bakı
6494348,220000,AZN,3,100.0,11,15,False,False,False,20 Yanvar,Bakı
6426852,300000,AZN,3,102.0,8,16,True,False,False,Qara Qarayev,Bakı
6458678,168000,AZN,3,108.0,11,11,True,False,False,Əhmədli,Bakı
6486545,199500,AZN,3,85.0,8,10,True,False,False,Xalqlar Dostluğu,Bakı
6476171,218000,AZN,3,95.0,8,17,True,False,False,Həzi Aslanov,Bakı
6494334,70000,AZN,2,70.0,5,6,False,True,False,Masazır,Bakı
6494342,169000,AZN,3,76.0,8,9,True,False,False,Həzi Aslanov,Bakı
6163602,897000,AZN,4,182.0,13,18,True,True,False,Elmlər Akademiyası,Bakı
6451825,485000,AZN,4,180.0,8,12,True,True,False,8 Noyabr,Bakı
6494339,94000,AZN,3,90.0,2,3,True,False,False,Əhmədli,Bakı
6494337,117000,AZN,1,38.0,3,5,True,False,False,Həzi Aslanov,Bakı
6494338,597000,AZN,3,135.0,3,7,False,False,False,Ağ şəhər,Bakı
6486995,186000,AZN,2,80.0,3,17,True,False,False,Həzi Aslanov,Bakı
6494336,131000,AZN,2,63.0,8,16,True,False,False,,Xırdalan
6483619,325000,AZN,3,145.0,14,18,True,False,False,Gənclik,Bakı
6494333,170000,AZN,2,80.0,8,13,True,False,False,,Xırdalan
6494329,170000,AZN,2,45.0,3,5,True,False,False,Elmlər Akademiyası,Bakı
4816583,1901939,AZN,4,266.4,4,10,False,True,True,Bayıl,Bakı
6494328,350000,AZN,3,130.0,11,17,True,False,False,20 Yanvar,Bakı
6494327,700000,AZN,3,88.0,4,7,True,False,False,Ağ şəhər,Bakı
6378970,398000,AZN,3,107.4,6,16,True,False,False,Dərnəgül,Bakı
5563472,440000,AZN,4,180.0,3,16,True,True,False,Azadlıq Prospekti,Bakı
6494323,220000,AZN,4,95.0,1,9,True,False,False,Xalqlar Dostluğu,Bakı
5877292,252000,AZN,2,92.0,19,21,True,True,True,Nəriman Nərimanov,Bakı
6448741,322000,AZN,3,100.0,12,18,True,False,False,Elmlər Akademiyası,Bakı
5888596,289000,AZN,2,75.0,17,21,True,False,False,Şah İsmayıl Xətai,Bakı
6462715,160000,AZN,2,65.0,16,16,True,False,False,Yasamal,Bakı
6143156,285000,AZN,3,70.0,19,21,True,False,False,Şah İsmayıl Xətai,Bakı
6494320,250000,AZN,3,90.0,5,9,True,False,False,Memar Əcəmi,Bakı
6247568,212000,AZN,2,92.0,7,20,False,False,False,Həzi Aslanov,Bakı
6483900,290000,AZN,4,100.0,5,7,True,False,False,Şah İsmayıl Xətai,Bakı
6143124,285000,AZN,2,70.0,19,21,True,False,False,Şah İsmayıl Xətai,Bakı
6411232,242000,AZN,3,80.0,11,15,True,False,False,Həzi Aslanov,Bakı
6203711,195000,AZN,2,55.0,3,15,False,False,False,Şah İsmayıl Xətai,Bakı
5880265,425000,AZN,4,172.8,9,16,False,True,True,Koroğlu,Bakı
6494312,176000,AZN,3,92.0,9,9,True,False,False,Xalqlar Dostluğu,Bakı
6494311,155000,AZN,2,58.0,2,5,True,False,False,Memar Əcəmi,Bakı
6494308,200000,AZN,2,41.0,3,4,True,False,False,Sahil,Bakı
6478266,307167,AZN,4,146.2,2,9,False,False,False,7-ci mikrorayon,Bakı
6175302,480000,AZN,2,80.0,7,7,True,False,False,Ağ şəhər,Bakı
6319941,560000,AZN,3,108.0,4,8,True,False,False,Ağ şəhər,Bakı
6471357,240000,AZN,2,75.0,5,12,True,False,False,Xalqlar Dostluğu,Bakı
6432094,285000,AZN,3,100.0,9,18,True,False,False,28 May,Bakı
6444016,168000,AZN,3,69.3,1,9,True,True,False,Köhnə Günəşli,Bakı
6238545,288000,AZN,3,90.0,4,13,True,False,False,Neftçilər,Bakı
6389885,355000,AZN,3,120.0,12,18,True,False,False,Nəsimi,Bakı
6133397,455000,AZN,3,140.0,3,18,True,False,False,Nəsimi,Bakı
6259942,1300000,AZN,10,1000.0,20,21,False,False,False,Şah İsmayıl Xətai,Bakı
6327689,360000,AZN,4,124.0,2,11,True,False,False,Əhmədli,Bakı
6354415,139000,AZN,3,74.0,4,9,True,True,False,Masazır,Bakı
6408463,870000,AZN,4,213.0,6,7,False,False,False,Ağ şəhər,Bakı
6494303,270000,AZN,2,82.0,9,20,True,False,False,Nəriman Nərimanov,Bakı
6372885,210000,AZN,2,88.8,13,14,False,True,False,20 Yanvar,Bakı
6494302,227000,AZN,3,130.0,10,12,False,False,False,Sabunçu,Bakı
6439000,81000,AZN,2,48.0,3,9,True,True,False,Masazır,Bakı
6449243,135000,AZN,2,56.0,1,3,True,True,True,Sahil,Bakı
6177753,475000,AZN,2,80.0,7,7,True,False,False,Ağ şəhər,Bakı
6494299,543250,AZN,4,205.0,13,16,False,False,False,Nəsimi,Bakı
6456540,113000,AZN,2,60.0,2,5,True,False,False,Memar Əcəmi,Bakı
6274976,110000,AZN,1,35.0,2,5,True,True,False,Qara Qarayev,Bakı
6494295,330000,AZN,3,98.0,18,20,True,False,False,Azadlıq Prospekti,Bakı
6101390,490000,AZN,2,95.0,2,8,True,False,False,Ağ şəhər,Bakı
6439881,293000,AZN,2,80.0,10,12,True,False,False,Nəsimi,Bakı
6441958,365000,AZN,3,100.0,3,18,True,False,False,Nəriman Nərimanov,Bakı
6494293,429000,AZN,3,150.0,16,18,True,False,False,Badamdar,Bakı
6388338,245000,AZN,3,125.0,2,16,False,False,False,Memar Əcəmi,Bakı
6494294,315000,AZN,2,85.0,18,20,True,False,False,Nəriman Nərimanov,Bakı
6485293,750000,AZN,4,147.0,2,7,True,False,False,Ağ şəhər,Bakı
5491265,196000,AZN,3,80.0,7,9,True,False,False,Bakıxanov,Bakı
5510139,385000,AZN,3,147.0,2,12,True,False,False,Bakıxanov,Bakı
6351187,410000,AZN,4,170.0,8,16,False,False,False,Gənclik,Bakı
6494288,430000,AZN,4,200.0,14,20,True,False,False,Nəsimi,Bakı
6097066,315000,AZN,4,185.0,14,18,False,True,True,Əhmədli,Bakı
6178368,263000,AZN,2,66.0,12,21,True,False,False,Şah İsmayıl Xətai,Bakı
6093192,335000,AZN,3,130.0,3,12,False,False,False,Nərimanov,Bakı
6404385,298000,AZN,2,83.0,14,22,True,True,False,Xətai,Bakı
6352147,250000,AZN,2,90.0,8,16,False,False,False,Gənclik,Bakı
6324649,590000,AZN,4,182.0,7,16,True,False,False,Nəriman Nərimanov,Bakı
6325095,142000,AZN,1,50.0,12,13,False,False,False,İnşaatçılar,Bakı
6411260,963000,AZN,4,205.0,4,20,False,False,False,Ağ şəhər,Bakı
6325736,595000,AZN,4,160.0,15,17,True,False,False,Şah İsmayıl Xətai,Bakı
6414756,139000,AZN,2,60.0,5,9,True,False,False,Köhnə Günəşli,Bakı
6485670,342000,AZN,3,110.0,16,18,True,True,False,Qara Qarayev,Bakı
6479158,219000,AZN,1,70.0,3,16,False,False,False,Nəsimi,Bakı
6272212,795500,AZN,4,185.0,5,20,False,False,False,Ağ şəhər,Bakı
6494284,270000,AZN,2,82.0,9,20,True,False,False,Nəriman Nərimanov,Bakı
6444782,185000,AZN,2,46.0,6,16,,True,False,Qara Qarayev,Bakı
6426740,310000,AZN,3,136.0,14,17,True,False,False,Nəriman Nərimanov,Bakı
6476035,109000,AZN,1,40.0,3,6,False,False,False,Sea Breeze,Bakı
6494280,370000,AZN,3,105.0,10,15,True,False,False,Nəriman Nərimanov,Bakı
6249517,495000,AZN,3,140.0,15,17,True,False,False,Gənclik,Bakı
5827516,181500,AZN,2,56.7,13,16,True,True,False,Yasamal,Bakı
6494279,255000,AZN,3,80.0,14,17,False,False,False,Nizami,Bakı
6353870,378000,AZN,3,118.0,5,17,True,False,False,Gənclik,Bakı
6494276,210000,AZN,3,91.0,2,17,True,False,False,Xətai,Bakı
6494278,295000,AZN,3,135.0,17,18,True,False,False,Neftçilər,Bakı
6494274,379000,AZN,2,83.0,6,17,True,False,False,28 May,Bakı
5856789,720000,AZN,4,145.0,5,8,True,False,False,Ağ şəhər,Bakı
5323124,605000,AZN,3,157.0,18,20,False,False,False,Ağ şəhər,Bakı
6197280,260000,AZN,2,60.0,17,21,True,False,False,Şah İsmayıl Xətai,Bakı
6007423,595000,AZN,4,193.0,9,20,True,False,False,Nərimanov,Bakı
6494138,150000,AZN,2,50.0,3,5,True,True,False,Neftçilər,Bakı
6399215,1000000,AZN,5,186.0,5,7,False,False,False,Ağ şəhər,Bakı
6494273,240000,AZN,2,90.0,3,16,True,False,False,8-ci kilometr,Bakı
6494272,219000,AZN,2,80.0,17,24,False,False,False,Şah İsmayıl Xətai,Bakı
6114285,624000,AZN,3,146.8,3,8,False,False,False,Ağ şəhər,Bakı
6468820,253000,AZN,2,70.0,14,16,True,False,False,Nərimanov,Bakı
5884900,285000,AZN,3,71.4,4,17,True,False,False,Azadlıq Prospekti,Bakı
6320782,479000,AZN,3,100.0,3,8,True,False,False,Ağ şəhər,Bakı
6148946,700000,AZN,3,141.0,8,8,True,False,False,Ağ şəhər,Bakı
5538525,1150000,AZN,4,267.0,12,28,True,False,False,Şah İsmayıl Xətai,Bakı
5726333,700000,AZN,4,197.0,9,16,True,False,False,Elmlər Akademiyası,Bakı
6432514,239000,AZN,1,49.8,1,7,False,True,True,Sea Breeze,Bakı
5669366,200000,AZN,3,99.0,10,15,False,False,False,Binəqədi,Bakı
5697707,259000,AZN,3,82.0,15,17,True,False,False,Binəqədi,Bakı
6310312,390000,AZN,3,157.0,14,19,True,True,False,Şah İsmayıl Xətai,Bakı
5761767,133000,AZN,2,64.5,8,16,False,False,False,Binəqədi,Bakı
6436894,198000,AZN,2,50.0,10,17,True,True,True,Qara Qarayev,Bakı
5546577,880000,AZN,5,326.0,16,17,False,False,False,Nəriman Nərimanov,Bakı
6494269,250000,AZN,2,50.0,10,10,True,False,False,Sahil,Bakı
5763228,325000,AZN,3,113.0,16,18,False,False,False,28 May,Bakı
6494270,129000,AZN,2,45.0,5,5,True,False,False,Memar Əcəmi,Bakı
6195534,132000,AZN,3,74.0,4,11,True,True,False,Məmmədli,Bakı
6159872,357000,AZN,3,143.0,13,16,False,False,False,Nəriman Nərimanov,Bakı
5549049,1200000,AZN,10,613.0,14,14,False,False,False,Nizami,Bakı
6227473,110000,AZN,1,36.0,2,2,False,False,False,28 May,Bakı
6335501,315000,AZN,4,157.0,11,15,True,True,False,,Sumqayıt
5825599,360000,AZN,3,136.0,15,17,True,False,False,Nəsimi,Bakı
6149476,920000,AZN,3,193.0,22,24,False,False,False,28 May,Bakı
6468088,278000,AZN,3,80.0,2,4,True,True,True,28 May,Bakı
5693684,783000,AZN,4,261.0,3,7,False,False,False,Nərimanov,Bakı
6417482,192000,AZN,2,53.0,11,20,True,True,False,20 Yanvar,Bakı
6411127,377000,AZN,3,147.5,15,19,False,False,False,Xətai,Bakı
6444013,132000,AZN,3,84.0,8,14,True,False,False,Masazır,Bakı
6494045,325000,AZN,4,176.0,17,18,True,True,False,İnşaatçılar,Bakı
6451508,135000,AZN,1,38.0,7,16,False,False,False,Böyükşor,Bakı
6269034,188000,AZN,2,52.0,5,5,True,True,False,Elmlər Akademiyası,Bakı
6493872,305000,AZN,2,68.0,4,17,True,True,True,Elmlər Akademiyası,Bakı
6127094,83000,AZN,1,21.0,1,2,True,False,False,28 May,Bakı
6456126,79500,AZN,3,77.0,6,6,True,False,False,Masazır,Bakı
6227458,80000,AZN,1,21.0,1,2,True,False,False,28 May,Bakı
6494267,155000,AZN,2,58.0,2,5,True,False,False,Memar Əcəmi,Bakı
6494263,315000,AZN,4,110.0,12,17,False,False,False,Nizami,Bakı
6049956,170000,AZN,2,62.0,10,10,False,False,False,28 May,Bakı
6408969,621450,AZN,3,138.1,3,8,False,False,False,Ağ şəhər,Bakı
6494265,660000,AZN,4,174.0,5,18,True,False,False,Nəriman Nərimanov,Bakı
6464740,81000,AZN,3,85.0,9,11,False,True,False,Masazır,Bakı
6370271,336000,AZN,3,112.3,12,17,False,False,False,28 May,Bakı
6446332,233000,AZN,2,60.0,5,14,True,False,False,Nərimanov,Bakı
6448179,250000,AZN,2,71.0,7,14,True,False,False,Bakıxanov,Bakı
6455919,355000,AZN,3,120.0,15,17,True,False,False,Nərimanov,Bakı
6477960,270000,AZN,2,82.0,10,20,True,False,False,Nəriman Nərimanov,Bakı
6024480,184500,AZN,3,65.0,4,9,True,True,False,Əhmədli,Bakı
6395397,235000,AZN,2,67.0,12,17,True,False,False,8-ci mikrorayon,Bakı
6478659,145000,AZN,2,41.0,3,5,True,False,False,Memar Əcəmi,Bakı
6437243,188000,AZN,2,52.0,9,16,True,True,True,Neftçilər,Bakı
6326055,79000,AZN,3,105.0,6,6,True,True,False,Masazır,Bakı
6488357,660000,AZN,3,120.0,3,7,False,True,False,Ağ şəhər,Bakı
6494260,186000,AZN,2,55.0,5,14,True,False,False,Nizami,Bakı
6330912,635000,AZN,3,125.0,19,21,True,True,True,Şah İsmayıl Xətai,Bakı
6435353,142175,AZN,3,60.5,13,14,False,True,True,Qaraçuxur,Bakı
5797553,545000,AZN,4,186.0,6,17,True,True,True,Nizami,Bakı
6375155,275000,AZN,2,65.0,10,17,True,False,False,Gənclik,Bakı
6416371,65000,AZN,2,56.0,6,6,True,True,True,Masazır,Bakı
6465848,225000,AZN,2,65.0,2,4,True,True,False,Şah İsmayıl Xətai,Bakı
6418458,202000,AZN,2,83.0,15,15,False,False,False,Nəriman Nərimanov,Bakı
6457427,90000,AZN,2,65.0,8,9,True,True,False,Hövsan,Bakı
6423468,385000,AZN,3,116.0,10,14,True,False,False,28 May,Bakı
6418498,275000,AZN,3,75.0,5,16,True,False,False,Nəriman Nərimanov,Bakı
5860159,78500,AZN,1,41.0,6,7,True,False,False,Masazır,Bakı
6494253,688750,AZN,3,145.0,3,7,False,False,False,Ağ şəhər,Bakı
6321998,99500,AZN,2,64.0,9,9,True,False,False,Masazır,Bakı
6320436,85000,AZN,2,62.0,3,9,True,False,False,Masazır,Bakı
6234578,82500,AZN,2,83.0,5,6,False,False,False,Masazır,Bakı
6494249,309000,AZN,4,130.0,4,6,True,False,False,Həzi Aslanov,Bakı
6494248,122000,AZN,3,67.0,1,16,True,False,False,,Xırdalan
6319305,87000,AZN,2,60.0,2,5,True,False,False,Masazır,Bakı
6235111,94000,AZN,2,58.0,6,14,True,False,False,Masazır,Bakı
6494217,265000,AZN,3,106.0,2,17,True,True,True,Əhmədli,Bakı
6094630,215000,AZN,2,70.0,7,9,True,False,False,Yasamal,Bakı
6494233,350000,AZN,3,105.0,13,15,True,True,True,Əhmədli,Bakı
6151464,448000,AZN,4,141.7,3,17,True,False,False,Gənclik,Bakı
6479818,180000,AZN,3,85.0,6,9,True,False,False,Xətai,Bakı
6494243,172000,AZN,5,120.0,9,9,True,False,False,Yeni Günəşli,Bakı
6289453,280000,AZN,2,90.0,3,16,True,False,False,Nəsimi,Bakı
6430840,145000,AZN,2,60.0,4,9,True,False,False,Həzi Aslanov,Bakı
6353531,278000,AZN,2,90.0,9,15,True,False,False,Nəriman Nərimanov,Bakı
6235212,70000,AZN,2,41.0,2,8,True,False,False,Masazır,Bakı
6312616,268000,AZN,2,84.0,8,15,True,False,False,Nəriman Nərimanov,Bakı
6058302,345000,AZN,3,105.0,9,15,True,False,False,Həzi Aslanov,Bakı
6480279,157000,AZN,2,60.0,3,17,True,False,False,Yasamal,Bakı
5029079,100000,AZN,2,68.0,13,16,True,False,False,Masazır,Bakı
6494241,275000,AZN,3,123.0,18,18,True,False,False,İnşaatçılar,Bakı
5416914,95000,AZN,3,70.0,1,8,True,False,False,Masazır,Bakı
6322115,259000,AZN,2,55.0,7,18,True,False,False,Elmlər Akademiyası,Bakı
5871249,319000,AZN,3,120.0,3,14,True,False,False,Neftçilər,Bakı
6475960,615000,AZN,4,139.0,4,5,False,True,True,Sea Breeze,Bakı
5793685,220000,AZN,2,54.0,7,14,True,False,False,Nərimanov,Bakı
5676050,102000,AZN,3,84.0,4,14,True,False,False,Masazır,Bakı
5341743,590000,AZN,4,164.0,3,16,True,False,False,Nəriman Nərimanov,Bakı
4662253,93500,AZN,2,70.0,5,6,True,False,False,Masazır,Bakı
6051556,385000,AZN,2,81.0,2,8,True,True,True,Sea Breeze,Bakı
5282129,125000,AZN,3,92.0,3,6,True,False,False,Masazır,Bakı
5964868,495000,AZN,4,175.0,19,20,True,False,False,Nəsimi,Bakı
6270786,355000,AZN,3,108.0,8,18,True,False,False,Səbail,Bakı
5826867,67000,AZN,2,41.0,3,8,True,False,False,Masazır,Bakı
6494235,109000,AZN,1,39.5,5,9,False,False,False,Sea Breeze,Bakı
6398942,318000,AZN,3,105.0,6,16,True,False,False,Həzi Aslanov,Bakı
6482367,663214,AZN,4,174.5,8,16,False,True,True,Elmlər Akademiyası,Bakı
6473961,300000,AZN,3,72.2,18,18,True,False,False,Nəriman Nərimanov,Bakı
6155388,93000,AZN,3,84.0,4,14,True,False,False,Masazır,Bakı
6465811,135000,AZN,1,20.0,1,17,True,False,False,Nəriman Nərimanov,Bakı
6494232,380000,AZN,3,117.0,15,16,True,False,False,Nəsimi,Bakı
6486964,123000,AZN,2,56.0,8,9,True,False,False,,Xırdalan
6398952,241900,AZN,3,80.0,12,15,True,False,False,Əhmədli,Bakı
6494234,140000,AZN,2,60.0,3,9,True,False,False,Azadlıq Prospekti,Bakı
6464732,195000,AZN,5,125.0,5,9,True,True,False,Həzi Aslanov,Bakı
6494231,66000,AZN,1,49.7,3,9,False,False,False,Masazır,Bakı
6462706,390000,AZN,3,108.0,8,16,True,True,False,28 May,Bakı
5489871,314500,AZN,1,58.0,4,4,True,True,True,Sea Breeze,Bakı
6008412,515000,AZN,3,125.0,6,16,True,False,False,Nəsimi,Bakı
6283292,488700,AZN,4,171.5,12,16,False,False,False,Nəriman Nərimanov,Bakı
6494225,210000,AZN,2,55.2,2,2,True,False,False,Nəriman Nərimanov,Bakı
6345303,565000,AZN,4,178.0,22,27,False,False,False,Yasamal,Bakı
6355115,225000,AZN,2,65.0,13,17,True,False,False,Koroğlu,Bakı
6494226,147000,AZN,2,65.0,5,9,True,False,False,Həzi Aslanov,Bakı
6312644,54500,AZN,1,42.0,2,6,False,False,False,Masazır,Bakı
6325502,310000,AZN,3,105.0,8,16,True,True,True,Neftçilər,Bakı
6385849,378000,AZN,2,63.0,11,20,True,False,False,Xətai,Bakı
6311395,89500,AZN,2,57.0,3,6,True,False,False,Masazır,Bakı
6494224,379000,AZN,3,107.0,15,17,True,False,False,Nərimanov,Bakı
6068188,85000,AZN,2,70.0,2,8,True,False,False,Masazır,Bakı
6470770,249000,AZN,3,130.0,16,17,True,False,False,Xalqlar Dostluğu,Bakı
6494223,338000,AZN,2,107.0,9,17,True,False,False,Koroğlu,Bakı
6129920,81000,AZN,2,78.0,6,6,True,False,False,Masazır,Bakı
6402874,215000,AZN,3,160.0,11,11,True,False,False,Nəriman Nərimanov,Bakı
6405883,255000,AZN,4,90.0,1,5,True,False,False,Elmlər Akademiyası,Bakı
5959142,650000,AZN,3,120.0,15,17,True,False,False,Elmlər Akademiyası,Bakı
6478098,135000,AZN,3,55.0,5,5,True,False,False,Memar Əcəmi,Bakı
5070077,66500,AZN,2,41.0,7,8,True,False,False,Masazır,Bakı
5959133,920000,AZN,4,166.0,11,17,True,False,False,Elmlər Akademiyası,Bakı
5968709,155000,AZN,3,96.0,3,6,True,False,False,Masazır,Bakı
6494221,320000,AZN,2,71.3,5,6,True,False,False,Sea Breeze,Bakı
6445303,162000,AZN,3,60.0,1,9,True,False,False,Əhmədli,Bakı
6482323,329500,AZN,3,109.0,13,16,True,True,False,Nizami,Bakı
4795829,92000,AZN,2,70.0,7,8,True,False,False,Masazır,Bakı
6140535,108000,AZN,2,70.0,8,8,True,False,False,Masazır,Bakı
6222835,80500,AZN,2,57.0,5,6,True,False,False,Masazır,Bakı
6365000,86000,AZN,2,51.0,1,6,True,False,False,Masazır,Bakı
6237680,276000,AZN,3,88.0,3,17,True,False,False,Həzi Aslanov,Bakı
6181908,135000,AZN,3,90.0,7,7,True,False,False,Masazır,Bakı
5990210,435000,AZN,3,106.0,16,17,True,False,False,28 May,Bakı
6494220,150000,AZN,2,52.0,16,17,True,False,False,Biləcəri,Bakı
6323422,85000,AZN,2,57.0,1,6,True,False,False,Masazır,Bakı
6176440,345000,AZN,2,67.0,3,17,True,False,False,Elmlər Akademiyası,Bakı
6494218,248000,AZN,3,86.0,8,10,True,False,False,Memar Əcəmi,Bakı
6224630,88000,AZN,3,55.0,5,7,True,False,False,Masazır,Bakı
6139310,678000,AZN,4,242.0,12,17,False,False,False,28 May,Bakı
6138160,71000,AZN,2,44.0,4,8,True,False,False,Masazır,Bakı
5747400,53000,AZN,2,41.0,8,8,True,False,False,Masazır,Bakı
6430593,660000,AZN,3,217.0,11,17,True,False,False,Nərimanov,Bakı
6428036,655000,AZN,3,148.0,6,20,True,False,False,Elmlər Akademiyası,Bakı
6150532,120000,AZN,3,80.0,4,7,True,False,False,Masazır,Bakı
5730719,600000,AZN,3,157.0,18,20,False,False,False,Ağ şəhər,Bakı
5889119,83000,AZN,2,54.0,2,6,True,False,False,Masazır,Bakı
5901894,830000,AZN,5,195.0,2,7,True,True,False,Ağ şəhər,Bakı
5665642,100000,AZN,2,60.0,5,7,True,False,False,Masazır,Bakı
6425280,465000,AZN,2,86.0,3,17,True,False,False,Elmlər Akademiyası,Bakı
6494216,369900,AZN,3,112.0,15,17,True,False,False,Nəriman Nərimanov,Bakı
6131880,112000,AZN,2,92.4,4,9,False,False,False,Masazır,Bakı
6494210,270000,AZN,2,80.0,6,16,False,False,False,28 May,Bakı
5646854,896719,AZN,3,184.5,4,19,True,True,True,Şah İsmayıl Xətai,Bakı
6494212,350000,AZN,3,148.0,14,18,False,False,False,Nəsimi,Bakı
6493704,349999,AZN,3,136.0,12,18,True,True,False,20 Yanvar,Bakı
6494214,290000,AZN,4,136.0,9,12,True,False,False,Əhmədli,Bakı
6442018,83500,AZN,2,42.0,2,10,True,True,False,Masazır,Bakı
6019229,375000,AZN,2,100.0,12,17,True,False,False,Nizami,Bakı
5646676,535919,AZN,2,97.2,4,19,True,True,True,Şah İsmayıl Xətai,Bakı
6332414,237000,AZN,2,63.2,5,17,True,False,False,Koroğlu,Bakı
6494211,210000,AZN,2,64.0,11,16,False,False,False,Koroğlu,Bakı
6411143,1496000,AZN,4,220.0,15,20,False,False,False,Ağ şəhər,Bakı
6380101,129000,AZN,2,52.0,20,20,True,False,False,İnşaatçılar,Bakı
5646756,878528,AZN,3,190.5,7,19,True,True,False,Şah İsmayıl Xətai,Bakı
6325618,239000,AZN,2,95.0,4,20,True,False,False,Həzi Aslanov,Bakı
6494209,229000,AZN,3,98.0,10,15,True,False,False,Həzi Aslanov,Bakı
5981885,155000,AZN,1,57.0,1,9,False,True,True,Sea Breeze,Bakı
5981972,347500,AZN,2,102.0,3,7,True,True,True,Sea Breeze,Bakı
6051473,320000,AZN,2,100.0,5,18,True,False,False,Şah İsmayıl Xətai,Bakı
6251851,580000,AZN,3,141.0,4,4,True,True,True,Sea Breeze,Bakı
6476091,240000,AZN,3,88.0,4,19,True,False,False,Həzi Aslanov,Bakı
6335865,235000,AZN,3,87.0,7,14,True,False,False,Xalqlar Dostluğu,Bakı
6494208,310000,AZN,4,240.0,13,13,True,False,False,8 Noyabr,Bakı
6475152,425000,AZN,3,130.0,11,16,True,False,False,Qara Qarayev,Bakı
6359870,365000,AZN,3,112.0,14,15,True,False,False,Nəsimi,Bakı
6458629,249000,AZN,3,87.0,5,16,True,True,False,Əhmədli,Bakı
6427457,237000,AZN,2,60.0,2,14,True,True,False,Bayıl,Bakı
6363485,509000,AZN,4,180.0,12,16,True,False,False,Nəsimi,Bakı
5910390,399000,AZN,3,99.0,15,20,True,False,False,Nəsimi,Bakı
6491106,205000,AZN,2,71.0,15,17,False,False,False,Koroğlu,Bakı
6441819,154000,AZN,2,55.0,8,20,True,False,False,İnşaatçılar,Bakı
6474567,179000,AZN,2,51.0,3,10,True,False,False,7-ci mikrorayon,Bakı
6312954,200000,AZN,3,80.0,2,17,True,False,False,Həzi Aslanov,Bakı
6449000,255000,AZN,2,70.0,9,18,True,False,False,8 Noyabr,Bakı
6290236,146000,AZN,2,50.0,4,5,True,False,False,İnşaatçılar,Bakı
6226086,437000,AZN,3,112.0,9,15,True,False,False,Nərimanov,Bakı
6414548,310000,AZN,2,85.0,14,18,True,False,False,Nərimanov,Bakı
6494201,520000,AZN,4,192.0,7,17,True,False,False,28 May,Bakı
6491224,429000,AZN,3,151.0,16,18,True,True,True,Badamdar,Bakı
6494198,300000,AZN,3,107.0,7,20,True,False,False,Yasamal,Bakı
4675929,175000,AZN,1,60.0,3,8,False,True,True,Nardaran,Bakı
5814679,465000,AZN,4,141.0,16,17,True,False,False,Gənclik,Bakı
6353683,184000,AZN,2,68.0,10,15,True,False,False,Həzi Aslanov,Bakı
5750714,239000,AZN,3,127.0,6,14,True,False,False,Həzi Aslanov,Bakı
6391768,222000,AZN,3,125.0,10,18,False,False,False,Avtovağzal,Bakı
6215772,150000,AZN,2,54.0,1,9,True,False,False,Əhmədli,Bakı
6494197,164000,AZN,2,50.0,3,5,True,False,False,20 Yanvar,Bakı
6397443,209000,AZN,3,85.0,4,4,True,False,False,Gənclik,Bakı
6494196,98000,AZN,2,27.0,5,5,True,False,False,Nəriman Nərimanov,Bakı
6302281,520000,AZN,3,140.0,8,16,True,False,False,Nəsimi,Bakı
6494194,170000,AZN,3,90.0,1,9,True,False,False,Xətai,Bakı
6341995,300000,AZN,4,100.0,2,7,True,True,False,Şah İsmayıl Xətai,Bakı
6385028,630000,AZN,4,220.0,2,12,True,True,True,Nərimanov,Bakı
6482646,268000,AZN,4,160.0,12,14,True,True,False,Nizami,Bakı
6486131,630000,AZN,4,210.0,8,16,True,False,False,Nəsimi,Bakı
6224845,370000,AZN,3,121.0,15,16,False,False,False,Azadlıq Prospekti,Bakı
6494191,149000,AZN,3,63.0,5,14,True,False,False,,Xırdalan
6441790,824000,AZN,5,323.0,16,16,False,False,False,Nəriman Nərimanov,Bakı
6463811,146000,AZN,3,65.0,5,5,True,True,False,Qara Qarayev,Bakı
6184333,265000,AZN,5,120.0,5,9,True,False,False,Yeni Günəşli,Bakı
6401240,137000,AZN,2,50.0,2,8,True,False,False,Bülbülə,Bakı
6075169,309000,AZN,4,135.0,2,17,True,False,False,Həzi Aslanov,Bakı
6474691,133000,AZN,2,55.6,2,14,False,False,False,Bakıxanov,Bakı
6494177,225000,AZN,2,70.0,15,16,True,False,False,Qara Qarayev,Bakı
5646696,484671,AZN,2,96.7,10,19,True,True,False,Şah İsmayıl Xətai,Bakı
6494185,83000,AZN,2,45.0,2,11,True,False,False,,Xırdalan
6447034,318000,AZN,3,98.0,4,10,True,True,False,Memar Əcəmi,Bakı
6246369,345000,AZN,4,160.0,17,17,True,True,True,Həzi Aslanov,Bakı
6455195,350000,AZN,3,130.0,16,18,True,True,False,20 Yanvar,Bakı
6455693,144000,AZN,1,45.0,3,9,True,False,False,Elmlər Akademiyası,Bakı
6335298,510000,AZN,4,172.8,8,16,True,False,False,Koroğlu,Bakı
5789215,1250000,AZN,5,285.0,17,20,True,False,False,Elmlər Akademiyası,Bakı
6494182,140000,AZN,2,60.0,3,5,True,False,False,Həzi Aslanov,Bakı
6158408,450000,AZN,3,95.0,16,17,True,False,False,28 May,Bakı
6469312,485000,AZN,3,130.0,8,17,True,False,False,28 May,Bakı
6323513,450000,AZN,3,130.0,6,14,True,True,True,Nəriman Nərimanov,Bakı
6145004,290000,AZN,2,70.0,6,13,True,False,False,Səbail,Bakı
6027249,695000,AZN,4,207.0,3,16,True,False,False,Şah İsmayıl Xətai,Bakı
6494176,220000,AZN,3,73.0,5,18,False,False,False,Yasamal,Bakı
6354112,295000,AZN,3,118.0,10,18,True,False,False,Həzi Aslanov,Bakı
5837337,214000,AZN,2,66.0,16,16,True,False,False,Nəriman Nərimanov,Bakı
6080104,265000,AZN,2,86.0,14,14,True,True,False,Qara Qarayev,Bakı
6454908,84500,AZN,2,51.0,11,11,True,True,True,Abşeron,Xırdalan
6129603,360000,AZN,2,111.0,4,18,False,True,True,28 May,Bakı
6327959,250000,AZN,3,100.0,12,15,True,False,False,Xalqlar Dostluğu,Bakı
6494171,278000,AZN,5,120.0,2,9,True,False,False,Xalqlar Dostluğu,Bakı
6414965,185000,AZN,2,54.0,4,14,True,True,False,Neftçilər,Bakı
6494173,146000,AZN,2,50.0,5,5,True,False,False,Bakıxanov,Bakı
6385781,210000,AZN,3,90.0,13,17,True,False,False,Həzi Aslanov,Bakı
6474660,175000,AZN,2,58.0,13,18,True,True,False,Həzi Aslanov,Bakı
6494170,237000,AZN,2,63.0,5,17,True,False,False,Koroğlu,Bakı
6482526,177000,AZN,2,55.0,13,15,True,True,False,Həzi Aslanov,Bakı
6488641,215000,AZN,3,85.0,3,5,True,False,False,Xalqlar Dostluğu,Bakı
6478418,148000,AZN,2,48.0,20,20,True,False,False,20 Yanvar,Bakı
6477103,380000,AZN,3,116.0,6,16,True,True,False,Qara Qarayev,Bakı
6474877,175000,AZN,2,55.0,14,17,True,True,True,Həzi Aslanov,Bakı
6494169,232000,AZN,3,95.0,16,19,True,False,False,20 Yanvar,Bakı
6494158,177000,AZN,2,66.0,10,18,True,False,False,Memar Əcəmi,Bakı
6494168,130000,AZN,2,34.0,5,5,True,False,False,Memar Əcəmi,Bakı
6494167,134000,AZN,2,42.0,14,14,True,False,False,Yasamal,Bakı
6494160,150000,AZN,1,24.0,1,3,True,False,False,28 May,Bakı
6479230,135000,AZN,2,57.0,3,16,True,False,False,,Xırdalan
6494162,290000,AZN,2,62.0,10,16,True,False,False,28 May,Bakı
6494161,475000,AZN,3,160.0,13,22,True,False,False,Şah İsmayıl Xətai,Bakı
5182619,880000,AZN,5,220.0,4,4,True,False,False,Sahil,Bakı
5869101,650000,AZN,4,181.0,11,18,True,False,False,Şah İsmayıl Xətai,Bakı
6494156,300000,AZN,3,124.0,6,20,True,False,False,İnşaatçılar,Bakı
6439934,220000,AZN,3,74.0,5,18,True,True,True,Yasamal,Bakı
6421582,433000,AZN,4,160.0,5,14,True,False,False,8 Noyabr,Bakı
6494155,338000,AZN,3,107.0,9,17,True,False,False,Koroğlu,Bakı
6494154,115000,AZN,2,61.0,11,13,True,False,False,,Xırdalan
6481735,107500,AZN,2,46.0,15,16,True,False,False,,Xırdalan
6478924,79500,AZN,2,50.0,11,11,True,False,False,,Xırdalan
6494150,224900,AZN,3,82.0,8,9,True,False,False,Əhmədli,Bakı
6428665,73500,AZN,2,50.0,4,5,True,True,False,,Xırdalan
6485992,126000,AZN,2,60.0,7,16,True,False,False,,Xırdalan
6430460,449000,AZN,4,165.0,10,17,True,False,False,Elmlər Akademiyası,Bakı
6472883,269000,AZN,2,60.0,1,6,True,False,False,Nəsimi,Bakı
6409140,429000,AZN,3,150.0,15,18,True,True,False,Badamdar,Bakı
6476766,260000,AZN,3,115.0,14,15,False,False,False,Qara Qarayev,Bakı
6398425,197000,AZN,3,57.0,3,7,True,True,False,Qara Qarayev,Bakı
6391410,287000,AZN,3,130.0,2,12,True,True,False,Neftçilər,Bakı
6440129,170000,AZN,2,60.0,9,16,True,True,False,Memar Əcəmi,Bakı
6494147,249000,AZN,3,75.0,5,5,True,False,False,Qara Qarayev,Bakı
5018761,290000,AZN,3,158.0,3,6,True,True,True,Şıxov,Bakı
6468230,385000,AZN,3,125.0,11,19,True,True,True,Şah İsmayıl Xətai,Bakı
6458345,115000,AZN,2,58.0,9,11,True,True,True,Zığ,Bakı
6494145,161900,AZN,2,60.0,6,9,True,False,False,Xətai,Bakı
6494144,105000,AZN,2,70.0,7,11,True,False,False,,Xırdalan
6413787,237000,AZN,1,58.0,6,7,True,True,True,Sea Breeze,Bakı
6413803,331500,AZN,2,93.0,5,7,False,True,True,Sea Breeze,Bakı
6413863,306000,AZN,2,86.0,3,5,False,True,True,Sea Breeze,Bakı
6494140,109000,AZN,2,62.0,15,16,True,False,False,,Xırdalan
6403859,175000,AZN,2,58.0,17,19,True,False,False,Memar Əcəmi,Bakı
6257374,380000,AZN,3,126.0,15,15,True,False,False,Bakıxanov,Bakı
6410038,160000,AZN,3,80.0,8,9,True,False,False,Yeni Günəşli,Bakı
6453007,395000,AZN,3,105.0,17,17,True,False,False,Nəriman Nərimanov,Bakı
6494135,335000,AZN,4,100.0,4,5,True,False,False,28 May,Bakı
6494136,370000,AZN,3,100.0,16,16,True,False,False,Nəriman Nərimanov,Bakı
6494134,210000,AZN,2,55.0,2,2,True,False,False,Nəriman Nərimanov,Bakı
6494133,315000,AZN,2,120.0,14,14,True,False,False,Azadlıq Prospekti,Bakı
6125516,176838,AZN,2,101.5,2,13,False,True,True,,Gəncə
6494129,195000,AZN,2,60.0,4,20,True,False,False,İnşaatçılar,Bakı
6125610,120780,AZN,1,67.2,2,14,False,True,True,,Gəncə
6369176,169000,AZN,3,75.0,5,5,True,False,False,Nərimanov,Bakı
6125624,129000,AZN,1,64.5,9,14,False,True,True,,Gəncə
6494128,230000,AZN,3,135.0,24,24,False,False,False,Nizami,Bakı
6385444,379000,AZN,3,130.0,3,17,True,False,False,Gənclik,Bakı
6125284,126420,AZN,1,60.4,14,16,False,True,True,,Gəncə
6125300,123500,AZN,1,65.0,12,16,False,True,True,,Gəncə
6494125,267000,AZN,3,112.0,11,17,True,False,False,Həzi Aslanov,Bakı
6453199,183000,AZN,4,110.0,5,9,True,False,False,Yeni Günəşli,Bakı
6374685,370000,AZN,3,110.0,10,14,True,False,False,Nizami,Bakı
6078346,450000,AZN,3,113.0,17,18,True,False,False,Şah İsmayıl Xətai,Bakı
6125531,200142,AZN,3,111.2,3,13,False,True,True,,Gəncə
6476822,210000,AZN,3,63.0,5,5,True,True,True,Nəriman Nərimanov,Bakı
6494124,168000,AZN,2,45.6,9,9,True,False,False,Yeni Yasamal,Bakı
5990031,147500,AZN,2,50.0,6,9,True,True,False,Azadlıq Prospekti,Bakı
6395248,647000,AZN,4,257.0,9,20,False,False,False,Yasamal,Bakı
6494123,171900,AZN,2,60.0,8,9,True,False,False,Əhmədli,Bakı
6409250,309000,AZN,4,135.0,2,15,True,False,False,Həzi Aslanov,Bakı
6125646,225900,AZN,2,125.5,4,14,False,True,True,,Gəncə
6494121,225000,AZN,2,59.0,12,17,True,False,False,Koroğlu,Bakı
6494120,141500,AZN,2,48.0,3,5,True,False,False,Həzi Aslanov,Bakı
6494119,370000,AZN,3,117.0,17,18,True,False,False,Nizami,Bakı
6168598,249000,AZN,3,85.0,4,5,True,True,False,Azadlıq Prospekti,Bakı
6369416,162000,AZN,2,83.0,8,16,True,False,False,Əhmədli,Bakı
5806584,325000,AZN,3,105.0,8,18,True,True,False,Azadlıq Prospekti,Bakı
6494111,335000,AZN,2,114.0,14,18,True,False,False,Nərimanov,Bakı
6468279,650000,AZN,4,190.0,12,17,True,True,False,28 May,Bakı
6125327,205960,AZN,3,108.4,10,16,False,True,True,,Gəncə
6246062,349000,AZN,3,135.0,14,17,True,True,False,20 Yanvar,Bakı
6494115,225000,AZN,2,59.0,13,17,True,False,False,Koroğlu,Bakı
6454533,142000,AZN,2,65.0,5,9,True,False,False,Həzi Aslanov,Bakı
6494113,240000,AZN,2,60.0,10,16,True,False,False,28 May,Bakı
6464790,145000,AZN,3,45.0,3,5,True,False,False,Memar Əcəmi,Bakı
6493884,156000,AZN,3,80.0,1,5,True,False,False,Memar Əcəmi,Bakı
6477085,254900,AZN,2,85.0,8,18,True,False,False,8 Noyabr,Bakı
6476938,140000,AZN,3,85.0,6,11,True,True,False,Masazır,Bakı
5794312,310000,AZN,4,120.0,5,9,True,False,False,Azadlıq Prospekti,Bakı
6494112,398000,AZN,3,112.0,15,16,False,False,False,Nəsimi,Bakı
6423140,69500,AZN,1,33.0,3,4,True,False,False,Abşeron,Xırdalan
6476958,520000,AZN,4,202.0,7,17,False,False,False,Nizami,Bakı
6458089,239000,AZN,3,90.0,4,9,True,True,True,Əhmədli,Bakı
6472164,126000,AZN,3,59.0,14,16,True,False,False,,Xırdalan
6484643,87000,AZN,2,55.0,5,15,True,True,True,Masazır,Bakı
6494102,598000,AZN,3,127.0,5,8,False,False,False,Ağ şəhər,Bakı
6478679,80000,AZN,2,57.0,5,6,True,True,True,Masazır,Bakı
6494106,190000,AZN,3,80.0,5,5,True,False,False,Bakıxanov,Bakı
6403011,650000,AZN,4,185.0,4,16,False,True,False,Nəsimi,Bakı
6466792,430000,AZN,4,154.0,9,16,True,False,False,Elmlər Akademiyası,Bakı
6482060,76000,AZN,2,40.0,3,6,True,True,True,Masazır,Bakı
6494103,170000,AZN,3,83.0,8,9,True,False,False,Koroğlu,Bakı
6464483,278280,AZN,3,77.3,15,20,True,True,True,20 Yanvar,Bakı
5893873,339624,AZN,3,106.8,3,20,True,True,True,20 Yanvar,Bakı
4695792,480200,AZN,4,171.5,20,20,False,True,True,Nərimanov,Bakı
3776665,331200,AZN,3,110.4,1,20,True,True,True,20 Yanvar,Bakı
6482225,138000,AZN,3,82.0,7,16,True,False,False,,Xırdalan
6265858,237000,AZN,3,85.0,8,9,True,False,False,Həzi Aslanov,Bakı
6482368,189000,AZN,3,130.0,15,17,True,False,False,Abşeron,Xırdalan
6137287,184000,AZN,2,68.0,10,15,True,False,False,Həzi Aslanov,Bakı
5817362,870000,AZN,4,213.0,6,7,False,True,False,Ağ şəhər,Bakı
6259396,337000,AZN,4,135.0,16,18,True,True,True,Badamdar,Bakı
6494099,158000,AZN,2,50.0,5,9,True,False,False,İnşaatçılar,Bakı
6419742,494784,AZN,4,154.6,6,18,False,True,True,Badamdar,Bakı
6482193,247000,AZN,2,85.0,15,17,True,True,True,Dərnəgül,Bakı
4896783,218000,AZN,4,110.0,2,10,True,True,False,Xalqlar Dostluğu,Bakı
6367161,457888,AZN,3,135.5,11,22,False,True,True,Badamdar,Bakı
6448524,272000,AZN,3,83.0,12,14,True,False,False,Yasamal,Bakı
6410994,750000,AZN,4,278.0,8,16,False,False,False,Nərimanov,Bakı
6373124,338474,AZN,2,107.1,3,18,False,True,True,Badamdar,Bakı
6246860,251000,AZN,3,150.0,18,20,True,False,False,20 Yanvar,Bakı
6465683,360000,AZN,3,143.0,16,19,True,True,True,İnşaatçılar,Bakı
6367017,232204,AZN,1,65.6,3,22,False,True,True,Badamdar,Bakı
6158810,380000,AZN,3,107.0,7,24,True,False,False,Şah İsmayıl Xətai,Bakı
6410925,580000,AZN,4,226.0,12,24,True,False,False,Şah İsmayıl Xətai,Bakı
6442480,191000,AZN,2,46.0,9,16,True,False,False,Qara Qarayev,Bakı
6478518,185000,AZN,2,46.0,6,17,True,False,False,Qara Qarayev,Bakı
6340440,185000,AZN,2,46.0,14,17,True,False,False,Qara Qarayev,Bakı
6368168,303000,AZN,3,90.0,9,16,True,False,False,Qara Qarayev,Bakı
6455883,166000,AZN,2,42.0,14,16,True,False,False,Qara Qarayev,Bakı
5768393,153000,AZN,1,49.0,3,17,True,False,False,Qara Qarayev,Bakı
6389248,220000,AZN,3,85.0,3,5,True,False,False,Qara Qarayev,Bakı
6389161,164000,AZN,3,70.0,1,9,True,False,False,Həzi Aslanov,Bakı
6485406,93000,AZN,1,21.0,1,2,True,True,False,Sahil,Bakı
6494087,260000,AZN,2,76.0,14,16,True,False,False,Qara Qarayev,Bakı
6494089,400000,AZN,4,167.0,12,16,True,False,False,Badamdar,Bakı
4351096,664230,AZN,4,221.41,4,18,False,True,True,28 May,Bakı
5730671,708000,AZN,4,236.0,9,18,False,True,True,28 May,Bakı
5730589,385600,AZN,3,120.5,15,18,True,True,True,28 May,Bakı
4991369,359040,AZN,3,108.8,4,16,False,True,True,28 May,Bakı
4377330,521400,AZN,3,173.8,9,16,False,True,True,28 May,Bakı
6472101,335000,AZN,2,100.0,12,19,True,False,False,Nəsimi,Bakı
6308823,142000,AZN,2,55.0,1,5,True,False,False,Memar Əcəmi,Bakı
5909599,145000,AZN,2,58.0,5,16,True,True,False,Yeni Yasamal,Bakı
6416145,365000,AZN,4,143.0,5,16,True,False,False,Qara Qarayev,Bakı
6460498,184000,AZN,2,60.0,2,9,True,False,False,Həzi Aslanov,Bakı
6440189,160000,AZN,2,56.0,15,17,True,True,False,Memar Əcəmi,Bakı
6033909,395000,AZN,3,110.4,7,16,False,False,False,Kubinka,Bakı
6494086,400000,AZN,3,184.0,10,10,True,False,False,Nəriman Nərimanov,Bakı
5485164,84000,AZN,2,54.0,4,6,True,True,False,Masazır,Bakı
6338072,73500,AZN,2,51.0,6,6,True,True,True,,Xırdalan
6494083,130000,AZN,2,46.0,2,5,True,False,False,Memar Əcəmi,Bakı
6494084,316000,AZN,2,100.0,12,18,True,False,False,Elmlər Akademiyası,Bakı
6494082,410000,AZN,3,148.0,10,16,True,False,False,8 Noyabr,Bakı
6486318,455000,AZN,4,190.0,11,20,False,True,False,Nərimanov,Bakı
6494081,150000,AZN,2,55.0,5,9,True,False,False,Binəqədi,Bakı
6494073,258000,AZN,3,138.0,8,18,True,False,False,Həzi Aslanov,Bakı
6494080,145000,AZN,1,35.0,5,6,True,False,False,Nəriman Nərimanov,Bakı
6222678,144600,AZN,3,96.4,2,9,False,True,True,,Qusar
6494010,185000,AZN,3,75.0,3,5,True,False,False,Neftçilər,Bakı
6494076,165000,AZN,2,55.0,3,5,True,False,False,20 Yanvar,Bakı
5725556,325000,AZN,3,119.0,6,18,False,False,False,Yasamal,Bakı
6494070,215000,AZN,3,91.0,2,16,True,False,False,Həzi Aslanov,Bakı
6346050,290000,AZN,2,61.0,11,18,True,False,False,Nəsimi,Bakı
6494074,145000,AZN,2,45.0,3,9,True,False,False,8-ci mikrorayon,Bakı
6463722,164000,AZN,2,48.0,1,4,True,True,False,Nəsimi,Bakı
6494069,169000,AZN,3,76.0,8,9,True,False,False,Həzi Aslanov,Bakı
6494065,90000,AZN,1,36.0,2,4,True,False,False,Elmlər Akademiyası,Bakı
6145566,500000,AZN,3,128.0,13,20,False,False,False,Şah İsmayıl Xətai,Bakı
6309690,1070000,AZN,3,167.0,11,20,True,False,False,Ağ şəhər,Bakı
6462472,155000,AZN,3,85.0,5,5,True,False,False,Memar Əcəmi,Bakı
5839884,595000,AZN,5,234.0,6,18,True,False,False,Nəriman Nərimanov,Bakı
6477446,265000,AZN,5,128.0,5,5,True,True,False,Memar Əcəmi,Bakı
6125828,299000,AZN,3,117.0,4,16,False,False,False,Koroğlu,Bakı
5982217,440000,AZN,2,120.0,10,18,True,False,False,Şah İsmayıl Xətai,Bakı
5845071,321860,AZN,4,146.3,5,9,False,False,False,7-ci mikrorayon,Bakı
6219376,410000,AZN,2,82.0,3,9,False,False,False,28 May,Bakı
6033341,520000,AZN,4,185.0,12,16,True,False,False,Elmlər Akademiyası,Bakı
6409248,429000,AZN,3,120.0,19,22,True,False,False,8 Noyabr,Bakı
6390013,470000,AZN,4,170.0,15,17,True,False,False,Şah İsmayıl Xətai,Bakı
6494062,465000,AZN,3,142.0,8,16,True,False,False,Badamdar,Bakı
6347969,147000,AZN,3,69.8,2,14,False,True,False,Bakıxanov,Bakı
6407536,245000,AZN,3,121.0,5,16,True,False,False,İnşaatçılar,Bakı
6103478,320000,AZN,2,68.0,12,18,True,False,False,Şah İsmayıl Xətai,Bakı
5947895,830000,AZN,4,209.0,26,27,True,False,False,8 Noyabr,Bakı
6494060,255000,AZN,2,76.0,15,16,True,False,False,Qara Qarayev,Bakı
5447028,565000,AZN,7,275.0,4,8,True,False,False,Nəriman Nərimanov,Bakı
6494061,539000,AZN,3,164.0,10,17,True,False,False,8-ci mikrorayon,Bakı
6479245,327400,AZN,4,163.7,13,13,False,True,True,Bakıxanov,Bakı
6454556,395000,AZN,3,105.0,17,18,True,True,False,Nəriman Nərimanov,Bakı
6033810,575000,AZN,3,154.0,13,16,True,False,False,Gənclik,Bakı
6330481,120000,AZN,2,60.0,12,12,True,False,False,İnşaatçılar,Bakı
6196182,100000,AZN,2,60.0,15,15,True,True,False,,Xırdalan
6403396,125000,AZN,2,65.0,20,20,True,False,False,İnşaatçılar,Bakı
6126213,400000,AZN,3,150.0,12,13,True,False,False,Elmlər Akademiyası,Bakı
6200171,520000,AZN,3,168.5,9,17,True,False,False,Nəsimi,Bakı
6444319,225000,AZN,3,85.0,8,9,True,True,False,Əhmədli,Bakı
6364256,310000,AZN,3,70.0,11,20,True,False,False,İnşaatçılar,Bakı
6199998,440000,AZN,3,104.0,3,17,True,False,False,Gənclik,Bakı
6410912,408000,AZN,3,110.0,16,18,True,False,False,Yasamal,Bakı
5845288,272000,AZN,4,160.0,7,7,False,False,False,Bakıxanov,Bakı
6232462,235000,AZN,2,98.0,8,18,True,True,False,Neftçilər,Bakı
6494058,237000,AZN,2,63.0,5,17,True,False,False,Koroğlu,Bakı
6494055,429000,AZN,4,135.0,14,16,True,False,False,Ağ şəhər,Bakı
6494054,395000,AZN,3,140.0,5,17,True,False,False,Nəriman Nərimanov,Bakı
6359464,287000,AZN,3,130.0,2,12,True,True,False,Neftçilər,Bakı
6449401,185000,AZN,3,80.0,4,9,True,True,False,Əhmədli,Bakı
6494053,179000,AZN,2,62.0,15,20,True,False,False,Əhmədli,Bakı
6471790,300000,AZN,3,96.0,15,17,False,True,False,20 Yanvar,Bakı
6462928,160000,AZN,3,72.0,5,5,True,False,False,8-ci kilometr,Bakı
6401800,172000,AZN,3,60.0,8,12,True,False,False,İnşaatçılar,Bakı
6099957,136000,AZN,2,35.0,3,5,True,False,False,Memar Əcəmi,Bakı
6494052,188000,AZN,3,75.0,3,5,True,False,False,Qara Qarayev,Bakı
6491499,145000,AZN,2,50.0,2,5,True,False,False,Memar Əcəmi,Bakı
6203548,310000,AZN,3,148.0,17,18,False,True,False,Nəsimi,Bakı
6468045,195000,AZN,2,77.0,2,10,True,False,False,20 Yanvar,Bakı
6488459,375000,AZN,3,111.0,9,17,True,True,False,28 May,Bakı
6494047,175000,AZN,2,55.0,10,19,True,False,False,Xətai,Bakı
6486170,94000,AZN,2,53.0,3,6,True,True,False,Masazır,Bakı
6463643,512000,AZN,4,225.0,18,22,True,True,False,28 May,Bakı
6468241,198000,AZN,2,62.0,4,9,True,False,False,Nəsimi,Bakı
6291621,340000,AZN,4,156.0,17,23,True,False,False,Həzi Aslanov,Bakı
6353074,459999,AZN,3,175.0,13,17,True,False,False,28 May,Bakı
6493400,538000,AZN,4,158.0,5,16,True,True,False,Nizami,Bakı
6494044,240000,AZN,2,82.0,3,16,False,False,False,Azadlıq Prospekti,Bakı
6493670,620000,AZN,3,158.0,8,18,True,True,False,28 May,Bakı
6494043,161000,AZN,3,60.0,9,9,True,False,False,Əhmədli,Bakı
6079577,68000,AZN,2,30.5,1,5,True,False,False,Binəqədi,Bakı
6240803,177000,AZN,2,90.0,10,15,False,False,False,Biləcəri,Bakı
6494009,222000,AZN,3,75.0,4,5,True,False,False,Yasamal,Bakı
6410989,375000,AZN,3,110.0,12,15,True,True,True,Elmlər Akademiyası,Bakı
6493785,258000,AZN,3,80.0,2,4,True,True,False,Nəsimi,Bakı
6494038,220000,AZN,3,96.0,11,16,True,False,False,Xalqlar Dostluğu,Bakı
6489476,395000,AZN,3,142.0,5,18,True,False,False,Nəriman Nərimanov,Bakı
6129736,185000,AZN,3,75.0,2,9,True,False,False,Həzi Aslanov,Bakı
6494032,146000,AZN,1,42.0,2,5,True,False,False,Şah İsmayıl Xətai,Bakı
6365425,207000,AZN,2,55.0,4,20,True,True,False,20 Yanvar,Bakı
6268378,239000,AZN,2,96.0,4,20,True,False,False,Həzi Aslanov,Bakı
6404305,110000,AZN,2,77.0,3,5,True,True,False,Masazır,Bakı
6357710,125000,AZN,3,78.0,3,6,True,False,False,Masazır,Bakı
6494024,335000,AZN,4,105.0,4,5,True,False,False,28 May,Bakı
6469689,128000,AZN,2,60.0,9,15,True,True,False,,Xırdalan
6409013,550000,AZN,4,212.0,5,17,True,False,False,Yasamal,Bakı
6408246,87000,AZN,2,40.0,2,7,True,False,False,Masazır,Bakı
5695949,54000,AZN,1,41.0,1,4,False,True,True,Masazır,Bakı
6410807,385000,AZN,3,110.0,3,16,True,False,False,28 May,Bakı
6494022,379000,AZN,3,118.0,3,17,True,False,False,28 May,Bakı
6264803,83000,AZN,3,54.0,2,6,True,False,False,Masazır,Bakı
6395062,192000,AZN,2,85.0,3,7,True,False,False,Həzi Aslanov,Bakı
6479984,163000,AZN,2,60.0,12,16,True,False,False,Xalqlar Dostluğu,Bakı
6417617,265000,AZN,2,51.0,7,16,True,True,False,Nəsimi,Bakı
6325413,175000,AZN,2,64.0,14,17,True,False,False,Xalqlar Dostluğu,Bakı
6494015,755000,AZN,4,185.0,5,17,True,False,False,Elmlər Akademiyası,Bakı
6289875,104000,AZN,2,51.0,12,15,True,False,False,,Xırdalan
6490112,790000,AZN,9,300.0,3,3,True,False,False,İçəri Şəhər,Bakı
6367440,375000,AZN,3,92.0,2,18,True,False,False,28 May,Bakı
6494011,196000,AZN,2,65.0,2,16,True,False,False,Memar Əcəmi,Bakı
5103728,110000,AZN,2,62.5,2,5,False,True,True,Neftçilər,Bakı
6432339,200000,AZN,3,80.0,2,17,True,False,False,Həzi Aslanov,Bakı
6462476,270000,AZN,3,83.0,14,16,True,False,False,Yasamal,Bakı
6327560,450000,AZN,4,181.0,16,17,False,False,False,Nəriman Nərimanov,Bakı
6408899,360000,AZN,2,75.0,13,16,True,False,False,Nəsimi,Bakı
6208880,112000,AZN,2,40.0,3,5,True,True,False,Həzi Aslanov,Bakı
6494008,229000,AZN,3,98.0,10,15,True,False,False,Həzi Aslanov,Bakı
6179134,267000,AZN,3,88.0,4,9,True,False,False,İçəri Şəhər,Bakı
5961037,220000,AZN,2,70.0,3,16,True,False,False,Azadlıq Prospekti,Bakı
6493999,650000,AZN,4,180.0,12,17,True,False,False,Nizami,Bakı
6493997,110000,AZN,2,70.0,2,14,True,False,False,,Xırdalan
6485688,264500,AZN,3,81.0,15,17,True,False,False,İnşaatçılar,Bakı
6363925,126000,AZN,2,63.0,5,9,True,False,False,,Xırdalan
6429278,425000,AZN,2,106.0,17,17,True,True,True,Nərimanov,Bakı
6494002,142000,AZN,3,75.0,7,9,True,False,False,Hövsan,Bakı
6494004,648000,AZN,4,182.0,5,14,True,False,False,Şah İsmayıl Xətai,Bakı
6478857,234500,AZN,2,75.0,6,9,True,False,False,İçəri Şəhər,Bakı
6399338,396000,AZN,3,140.0,12,20,True,False,False,Nəsimi,Bakı
6459977,142500,AZN,2,63.0,5,9,True,False,False,Həzi Aslanov,Bakı
6493998,198000,AZN,3,62.0,2,5,True,False,False,Elmlər Akademiyası,Bakı
6488600,257500,AZN,3,95.0,3,9,True,False,False,İnşaatçılar,Bakı
5814773,860000,AZN,4,183.0,8,14,False,True,False,İçəri Şəhər,Bakı
6409061,228000,AZN,2,60.0,17,17,True,False,False,Gənclik,Bakı
6479049,166000,AZN,3,160.0,20,20,False,False,False,Badamdar,Bakı
6482135,163000,AZN,2,50.0,5,5,True,True,False,Şah İsmayıl Xətai,Bakı
6441468,219000,AZN,3,85.0,6,9,True,False,False,Əhmədli,Bakı
6133622,210000,AZN,2,65.0,2,6,True,False,False,Nizami,Bakı
6393574,233000,AZN,2,70.0,3,6,True,False,False,Nizami,Bakı
6404020,276000,AZN,3,118.0,4,16,True,False,False,İnşaatçılar,Bakı
6493994,275000,AZN,3,104.0,2,17,True,False,False,İnşaatçılar,Bakı
6320535,264000,AZN,3,114.0,5,19,True,False,False,Yeni Yasamal,Bakı
5918733,507000,AZN,4,175.0,6,16,False,False,False,28 May,Bakı
6367166,250000,AZN,3,112.0,13,14,False,False,False,Yeni Yasamal,Bakı
6493988,167000,AZN,2,53.0,3,9,True,False,False,Bakıxanov,Bakı
6373306,265000,AZN,3,127.0,18,18,True,False,False,Gənclik,Bakı
6388647,318000,AZN,2,104.0,7,13,False,False,False,Şah İsmayıl Xətai,Bakı
6493990,185000,AZN,3,60.0,3,9,True,False,False,İnşaatçılar,Bakı
6493991,135000,AZN,3,54.0,10,12,True,False,False,Qaraçuxur,Bakı
6407049,284500,AZN,3,93.0,2,16,True,False,False,İnşaatçılar,Bakı
6493989,150000,AZN,3,100.0,2,12,True,False,False,,Xırdalan
6408213,265000,AZN,3,74.0,12,16,True,False,False,Nəsimi,Bakı
6399569,178000,AZN,2,58.0,10,13,True,False,False,Memar Əcəmi,Bakı
6416373,138000,AZN,3,60.0,2,9,True,False,False,Qaraçuxur,Bakı
6491653,1050000,AZN,4,200.0,7,22,True,True,True,Səbail,Bakı
6215210,152000,AZN,2,66.0,6,14,True,False,False,,Sumqayıt
6216269,212000,AZN,2,92.0,5,12,True,False,False,,Sumqayıt
5446237,650000,AZN,3,200.0,5,25,True,False,False,Şah İsmayıl Xətai,Bakı
6432219,450000,AZN,3,120.0,5,17,True,False,False,Nəsimi,Bakı
6493980,285000,AZN,3,92.0,9,18,True,False,False,28 May,Bakı
6338796,649000,AZN,3,132.0,5,8,True,True,False,Ağ şəhər,Bakı
6493981,187000,AZN,3,80.0,1,3,True,False,False,Elmlər Akademiyası,Bakı
6338888,528000,AZN,3,110.0,2,6,True,False,False,Ağ şəhər,Bakı
6493978,220000,AZN,2,96.0,13,17,True,False,False,Qaraçuxur,Bakı
6161916,510000,AZN,4,196.0,13,17,True,False,False,Nizami,Bakı
6384101,350000,AZN,3,72.0,4,5,True,False,False,Sahil,Bakı
6362967,85000,AZN,3,66.0,6,8,True,True,False,Masazır,Bakı
6062253,275000,AZN,1,46.0,7,8,True,True,True,Sea Breeze,Bakı
6487667,680000,AZN,3,152.0,14,17,True,True,False,Xətai,Bakı
6425387,200000,AZN,2,86.0,13,14,True,True,False,Əhmədli,Bakı
6493974,230000,AZN,3,90.0,10,18,True,False,False,Həzi Aslanov,Bakı
6493765,155000,AZN,2,45.0,8,10,True,True,True,Gənclik,Bakı
6230162,204000,AZN,2,48.0,10,17,True,False,False,Koroğlu,Bakı
6493972,195000,AZN,2,60.0,4,5,True,False,False,Nərimanov,Bakı
6410952,128000,AZN,2,52.0,7,10,True,False,False,Abşeron,Sumqayıt
6380957,256000,AZN,2,98.0,13,18,True,False,False,20 Yanvar,Bakı
6493971,195000,AZN,2,51.0,11,17,True,False,False,9-cu mikrorayon,Bakı
6493966,155000,AZN,2,45.0,8,10,True,True,False,Gənclik,Bakı
6410949,87900,AZN,2,50.0,8,11,True,True,True,Abşeron,Xırdalan
6493968,215000,AZN,3,85.0,5,9,True,False,False,Nəsimi,Bakı
6484871,475000,AZN,3,157.0,13,24,True,True,True,Ağ şəhər,Bakı
6371019,199000,AZN,2,65.0,8,9,True,False,False,Azadlıq Prospekti,Bakı
6198054,292000,AZN,2,90.0,12,16,True,True,True,Elmlər Akademiyası,Bakı
5029336,880000,AZN,6,460.0,14,15,True,True,False,Nəsimi,Bakı
6482509,185000,AZN,2,60.0,6,9,True,True,False,Həzi Aslanov,Bakı
5631104,195000,AZN,3,80.0,8,9,True,True,False,Əhmədli,Bakı
6306952,142000,AZN,2,40.0,9,9,True,False,False,Nəsimi,Bakı
6493960,268000,AZN,2,68.0,5,18,True,False,False,Gənclik,Bakı
6334072,252000,AZN,3,98.0,12,17,False,True,False,Koroğlu,Bakı
6240223,220000,AZN,3,88.0,20,20,True,False,False,Şah İsmayıl Xətai,Bakı
6472777,108000,AZN,1,40.0,3,4,True,True,False,Bakıxanov,Bakı
6459712,1150000,AZN,5,220.0,14,18,False,True,True,Bayıl,Bakı
6474757,550000,AZN,3,175.0,14,22,False,True,True,Nizami,Bakı
6493959,158000,AZN,2,52.0,1,20,True,False,False,Xətai,Bakı
6479213,750000,AZN,3,170.0,6,7,True,True,True,Xətai,Bakı
6213642,305000,AZN,2,68.0,4,17,True,False,False,Elmlər Akademiyası,Bakı
6233346,299000,AZN,4,105.0,11,22,True,True,False,20 Yanvar,Bakı
6493956,215000,AZN,2,70.0,2,9,True,False,False,Gənclik,Bakı
6049260,467000,AZN,2,115.0,1,5,False,True,True,Sea Breeze,Bakı
6331211,226754,AZN,1,38.1,6,28,True,True,True,Nardaran,Bakı
6453668,365000,AZN,3,92.0,15,19,True,True,True,Nəsimi,Bakı
6469467,375000,AZN,3,107.0,7,24,True,True,True,Şah İsmayıl Xətai,Bakı
6152613,270000,AZN,3,105.0,15,17,True,False,False,İnşaatçılar,Bakı
6469847,165000,AZN,2,65.0,5,9,True,False,False,Yeni Yasamal,Bakı
6402664,166000,AZN,2,65.0,1,9,True,False,False,Nərimanov,Bakı
6493952,535000,AZN,3,120.0,10,17,True,False,False,28 May,Bakı
6493950,289000,AZN,3,150.0,15,18,True,False,False,Yeni Yasamal,Bakı
6493951,305000,AZN,2,70.0,4,17,True,False,False,Elmlər Akademiyası,Bakı
6405366,465000,AZN,3,108.8,15,16,True,True,True,7-ci mikrorayon,Bakı
6493947,225000,AZN,4,85.0,6,9,True,False,False,Xətai,Bakı
6084352,355000,AZN,4,136.0,13,16,True,False,False,Həzi Aslanov,Bakı
6351239,110000,AZN,1,35.0,3,5,True,True,False,Neftçilər,Bakı
6488290,57000,AZN,1,40.0,1,9,False,False,False,Abşeron,Xırdalan
6493943,115000,AZN,2,55.0,1,4,True,False,False,Xətai,Bakı
6221103,235000,AZN,2,53.0,10,13,True,False,False,Şah İsmayıl Xətai,Bakı
5935714,438000,AZN,3,148.0,8,27,True,True,False,8 Noyabr,Bakı
6430121,175000,AZN,3,80.0,9,9,True,True,False,Xalqlar Dostluğu,Bakı
6430130,130000,AZN,2,65.0,9,9,True,True,False,Əhmədli,Bakı
6238186,139000,AZN,2,54.0,14,15,True,False,False,Yeni Yasamal,Bakı
6490763,108000,AZN,2,60.0,2,14,True,True,False,Abşeron,Xırdalan
6459013,118000,AZN,1,40.0,2,5,True,False,False,Memar Əcəmi,Bakı
5704439,282000,AZN,2,65.0,12,27,True,True,False,8 Noyabr,Bakı
6187742,219000,AZN,4,90.0,2,5,True,True,False,Xalqlar Dostluğu,Bakı
6403875,315000,AZN,3,97.0,5,15,True,True,True,Neftçilər,Bakı
6380843,170000,AZN,3,90.0,6,9,True,True,True,Biləcəri,Bakı
6414906,141000,AZN,3,50.0,3,5,False,True,False,Memar Əcəmi,Bakı
6475210,290000,AZN,3,160.0,4,21,True,False,False,20 Yanvar,Bakı
6476490,145500,AZN,2,65.0,5,9,True,True,False,Həzi Aslanov,Bakı
6451881,197000,AZN,3,90.0,2,9,True,False,False,Neftçilər,Bakı
6266435,152000,AZN,2,73.0,3,19,True,True,False,Əhmədli,Bakı
6493939,253000,AZN,2,85.0,14,16,True,False,False,Dərnəgül,Bakı
6493938,190000,AZN,2,60.0,3,9,True,False,False,Neftçilər,Bakı
4408051,1150000,AZN,6,290.0,3,3,True,True,False,Sahil,Bakı
6269100,249000,AZN,2,75.0,7,13,True,False,False,Koroğlu,Bakı
5167569,675220,AZN,3,137.8,14,14,False,True,False,Gənclik,Bakı
6468113,218000,AZN,2,79.0,2,15,True,False,False,Qara Qarayev,Bakı
6430118,255000,AZN,3,115.0,15,16,True,True,False,Avtovağzal,Bakı
5178852,1428000,AZN,4,255.0,13,16,False,True,False,Gənclik,Bakı
5233527,355320,AZN,2,75.6,16,16,False,True,False,Gənclik,Bakı
6326462,240000,AZN,3,68.0,12,17,True,False,False,Qara Qarayev,Bakı
5167702,403750,AZN,2,85.0,2,15,False,True,False,Gənclik,Bakı
5183497,540030,AZN,3,114.9,6,16,False,True,False,Gənclik,Bakı
5270818,1186380,AZN,4,219.7,4,16,False,True,False,Gənclik,Bakı
6493920,229000,AZN,2,75.0,16,18,True,False,False,Azadlıq Prospekti,Bakı
6493933,177000,AZN,2,55.0,13,17,True,False,False,Həzi Aslanov,Bakı
6034737,295000,AZN,3,92.0,11,17,True,False,False,Qara Qarayev,Bakı
6493931,305000,AZN,2,77.0,9,17,True,False,False,Nəsimi,Bakı
5793103,237000,AZN,2,70.0,13,17,True,False,False,Qara Qarayev,Bakı
6332408,355000,AZN,4,158.0,11,17,True,True,False,Azadlıq Prospekti,Bakı
5797030,215000,AZN,2,63.0,9,16,True,False,False,Qara Qarayev,Bakı
6493928,115000,AZN,2,45.0,1,4,True,False,False,Həzi Aslanov,Bakı
6435715,110500,AZN,1,40.0,7,9,True,False,False,Yeni Günəşli,Bakı
6349873,1125650,AZN,5,235.0,15,16,False,False,False,Nizami,Bakı
6214071,872000,AZN,5,202.0,4,8,False,False,False,Ağ şəhər,Bakı
6195159,442000,AZN,3,130.5,11,14,False,False,False,Nizami,Bakı
6467702,268000,AZN,2,65.0,5,16,True,False,False,Gənclik,Bakı
5606495,179000,AZN,2,50.0,14,17,True,False,False,Qara Qarayev,Bakı
6493923,147000,AZN,2,52.0,19,21,True,False,False,Yeni Yasamal,Bakı
6260264,175000,AZN,2,76.5,8,8,False,True,True,Sea Breeze,Bakı
6493922,235000,AZN,3,93.0,2,17,True,False,False,Nəsimi,Bakı
6317863,140000,AZN,2,60.0,3,5,True,False,False,Xətai,Bakı
6493917,500000,AZN,4,192.0,5,24,True,False,False,Şah İsmayıl Xətai,Bakı
6111048,166000,AZN,3,80.0,9,9,True,True,False,Əhmədli,Bakı
6222945,227000,AZN,3,69.0,17,20,True,False,False,Qara Qarayev,Bakı
5824667,320000,AZN,3,153.0,17,17,False,False,False,Bayıl,Bakı
6485786,178000,AZN,2,60.0,5,9,True,False,False,İnşaatçılar,Bakı
6197027,450000,AZN,4,220.0,10,16,True,False,False,İnşaatçılar,Bakı
6410104,204000,AZN,2,82.0,10,17,False,False,False,Həzi Aslanov,Bakı
6475200,175000,AZN,2,58.0,14,18,True,False,False,Həzi Aslanov,Bakı
6483003,295000,AZN,3,130.0,5,13,False,False,False,Həzi Aslanov,Bakı
6320917,132000,AZN,2,44.0,3,13,True,False,False,Xətai,Bakı
6493913,119600,AZN,2,74.7,3,7,False,False,False,Abşeron,Xırdalan
6409943,107000,AZN,2,55.0,3,11,True,False,False,Suraxanı,Bakı
6472121,147000,AZN,2,60.0,9,9,True,False,False,Xətai,Bakı
6441987,285000,AZN,5,120.0,2,9,True,False,False,Əhmədli,Bakı
6219144,170000,AZN,3,90.0,9,9,True,False,False,Əhmədli,Bakı
6195100,212000,AZN,2,92.0,7,20,False,False,False,Xətai,Bakı
6434473,384000,AZN,3,99.0,15,20,True,False,False,Nəsimi,Bakı
6330145,555000,AZN,3,108.0,3,7,True,False,False,Ağ şəhər,Bakı
6493910,353000,AZN,3,130.0,9,14,True,False,False,Binəqədi,Bakı
5014345,530000,AZN,3,154.0,7,17,True,False,False,Elmlər Akademiyası,Bakı
6490474,220000,AZN,2,65.0,3,9,True,False,False,Gənclik,Bakı
6431744,670000,AZN,4,210.0,9,17,True,False,False,Elmlər Akademiyası,Bakı
6493909,222000,AZN,2,60.0,6,9,True,False,False,Nərimanov,Bakı
6493907,300000,AZN,3,100.0,2,15,True,False,False,Gənclik,Bakı
6442177,245000,AZN,3,75.0,7,9,True,True,True,4-cü mikrorayon,Bakı
6473048,448000,AZN,4,142.0,2,17,True,False,False,Gənclik,Bakı
6468366,365000,AZN,2,103.0,20,27,True,True,True,Elmlər Akademiyası,Bakı
6493905,269000,AZN,3,105.0,2,16,True,False,False,Əhmədli,Bakı
6462335,650000,AZN,4,210.0,6,17,True,True,False,Xətai,Bakı
6493904,113000,AZN,2,77.0,2,5,True,False,False,Masazır,Bakı
6493903,122000,AZN,2,50.0,6,7,True,False,False,Hövsan,Bakı
6493902,142000,AZN,2,40.0,9,9,True,False,False,Gənclik,Bakı
6488296,465000,AZN,4,73.0,1,4,True,False,False,Şah İsmayıl Xətai,Bakı
6490619,165000,AZN,3,65.0,4,5,True,True,False,20 Yanvar,Bakı
6245248,289000,AZN,3,88.0,11,15,True,False,False,Həzi Aslanov,Bakı
6487616,184000,AZN,3,142.0,3,11,True,True,True,,Sumqayıt
6493898,155000,AZN,2,50.0,8,10,True,False,False,Gənclik,Bakı
6382752,72700,AZN,2,41.0,2,4,True,True,True,Masazır,Bakı
6493896,220000,AZN,2,82.0,14,16,True,False,False,Həzi Aslanov,Bakı
6382661,84790,AZN,2,48.7,3,4,True,True,True,Masazır,Bakı
6493893,280000,AZN,3,80.0,5,5,True,False,False,28 May,Bakı
6057063,98000,AZN,3,70.0,2,7,True,False,False,Masazır,Bakı
6471646,102000,AZN,2,45.0,3,16,True,False,False,,Xırdalan
6185273,410000,AZN,3,136.3,13,16,True,True,False,Sabunçu,Bakı
6493890,145000,AZN,3,55.0,5,5,True,False,False,Memar Əcəmi,Bakı
6315276,175000,AZN,2,55.0,13,15,True,True,True,Əhmədli,Bakı
6373114,270000,AZN,3,100.0,3,4,True,True,False,Şah İsmayıl Xətai,Bakı
6493888,120000,AZN,2,50.0,9,9,True,False,False,Hövsan,Bakı
6315231,220000,AZN,2,74.0,16,17,True,True,True,Nərimanov,Bakı
6487540,190000,AZN,2,50.0,15,16,True,True,False,Nəriman Nərimanov,Bakı
6279854,198000,AZN,2,50.0,4,5,True,False,False,Nərimanov,Bakı
5807725,322000,AZN,2,92.0,15,17,True,True,False,8-ci kilometr,Bakı
6483315,878000,AZN,5,231.0,3,7,False,True,True,Ağ şəhər,Bakı
6484885,205000,AZN,2,53.0,14,20,True,False,False,20 Yanvar,Bakı
6224169,319000,AZN,3,132.0,6,17,True,True,False,Əhmədli,Bakı
6493887,225000,AZN,4,100.0,1,9,True,False,False,Xətai,Bakı
6464794,207000,AZN,2,55.0,5,20,True,False,False,20 Yanvar,Bakı
6493886,220000,AZN,2,77.0,12,18,True,False,False,İnşaatçılar,Bakı
6493883,325000,AZN,3,80.0,9,14,True,False,False,Gənclik,Bakı
6231745,205000,AZN,2,65.0,5,6,True,True,False,Nəsimi,Bakı
6338336,359000,AZN,2,117.2,7,16,True,True,True,Koroğlu,Bakı
6493880,135000,AZN,2,50.0,4,5,True,False,False,Hövsan,Bakı
6493878,110000,AZN,5,130.0,5,5,True,False,False,,Gəncə
6462242,118000,AZN,1,40.0,2,5,True,False,False,8 Noyabr,Bakı
6384520,155000,AZN,2,58.0,2,5,True,True,True,Memar Əcəmi,Bakı
6411121,300000,AZN,3,103.0,8,16,True,False,False,Qara Qarayev,Bakı
6493875,620000,AZN,4,129.0,2,9,True,False,False,Nizami,Bakı
6258819,175000,AZN,2,56.0,6,16,True,False,False,Neftçilər,Bakı
6330661,350000,AZN,3,115.0,4,17,True,False,False,Qara Qarayev,Bakı
6493871,300000,AZN,4,110.0,4,5,True,False,False,Qara Qarayev,Bakı
6480394,102000,AZN,2,61.0,4,19,False,False,False,,Sumqayıt
6412100,232000,AZN,3,100.0,8,18,True,False,False,Nizami,Bakı
6459373,192100,AZN,3,113.0,2,3,False,True,True,Masazır,Bakı
6437061,88000,AZN,1,44.0,9,9,True,False,False,,Xırdalan
6390455,189000,AZN,3,65.0,7,9,True,False,False,Həzi Aslanov,Bakı
6492534,395000,AZN,3,75.0,3,5,True,False,False,Sahil,Bakı
6440399,214000,AZN,3,102.0,15,16,True,True,False,,Sumqayıt
6458300,318000,AZN,3,110.0,4,10,True,False,False,20 Yanvar,Bakı
6493864,155000,AZN,3,90.0,9,9,True,False,False,Həzi Aslanov,Bakı
6370614,230000,AZN,3,90.0,2,9,True,False,False,Azadlıq Prospekti,Bakı
6411951,95000,AZN,3,70.0,5,5,True,True,False,,Xırdalan
6493858,158000,AZN,3,70.0,4,5,True,False,False,Hövsan,Bakı
6398042,185000,AZN,2,50.0,5,5,True,False,False,Şah İsmayıl Xətai,Bakı
6325595,200000,AZN,1,53.0,1,5,False,True,True,Sea Breeze,Bakı
6389966,160000,AZN,2,45.0,6,9,True,False,False,Gənclik,Bakı
6132141,344000,AZN,3,105.0,9,16,False,False,False,Şah İsmayıl Xətai,Bakı
6410361,190000,AZN,2,78.0,3,17,True,False,False,Bayıl,Bakı
6428210,398000,AZN,3,112.0,15,16,False,False,False,Gənclik,Bakı
6490234,229000,AZN,2,68.0,6,20,True,False,False,Şah İsmayıl Xətai,Bakı
6493857,895000,AZN,4,185.2,4,17,True,False,False,Elmlər Akademiyası,Bakı
6360341,230000,AZN,3,85.0,2,9,True,False,False,Nəsimi,Bakı
6307158,870000,AZN,4,185.0,8,17,True,False,False,Elmlər Akademiyası,Bakı
6467137,305000,AZN,4,126.0,5,16,False,True,False,Qara Qarayev,Bakı
6255749,115000,AZN,2,77.0,2,8,True,True,False,Masazır,Bakı
6481970,765000,AZN,3,94.6,3,8,True,True,True,Ağ şəhər,Bakı
6304442,330000,AZN,2,62.0,10,16,True,True,True,Nəriman Nərimanov,Bakı
6444788,185000,AZN,2,46.0,15,17,True,True,False,Qara Qarayev,Bakı
6389387,95000,AZN,3,73.0,2,6,True,False,False,Masazır,Bakı
6474939,157000,AZN,2,65.0,9,9,True,True,False,Həzi Aslanov,Bakı
6488928,68500,AZN,2,40.5,1,5,True,False,False,Biləcəri,Bakı
6472916,175000,AZN,2,60.0,14,17,True,True,False,Həzi Aslanov,Bakı
6300730,210000,AZN,2,52.0,9,16,True,True,False,Qara Qarayev,Bakı
6493856,550000,AZN,4,227.0,8,17,False,False,False,Elmlər Akademiyası,Bakı
6380282,185000,AZN,2,47.0,15,17,True,False,False,Qara Qarayev,Bakı
6380274,185000,AZN,2,47.0,7,16,True,False,False,Qara Qarayev,Bakı
6446947,160000,AZN,2,36.0,15,17,True,False,False,Qara Qarayev,Bakı
6452989,176000,AZN,2,55.0,12,19,True,True,False,Həzi Aslanov,Bakı
6480960,320000,AZN,3,107.0,10,11,True,False,False,Qara Qarayev,Bakı
6378061,90000,AZN,2,74.0,5,6,True,True,False,,Xırdalan
6008153,212000,AZN,2,60.0,3,5,True,True,False,Nizami,Bakı
6045768,265000,AZN,2,85.0,14,15,True,True,False,Qara Qarayev,Bakı
6267844,194000,AZN,2,47.0,9,17,True,True,False,Qara Qarayev,Bakı
6034641,153000,AZN,2,49.0,8,17,False,True,False,Qara Qarayev,Bakı
6490679,154900,AZN,3,90.0,2,5,True,False,False,Abşeron,Xırdalan
6469318,417000,AZN,3,127.0,5,16,False,False,False,Nəsimi,Bakı
6302380,223000,AZN,3,85.0,5,9,True,False,False,Əhmədli,Bakı
6224026,259000,AZN,3,87.0,10,15,True,False,False,Neftçilər,Bakı
6473735,206000,AZN,2,85.0,14,15,False,False,False,Memar Əcəmi,Bakı
6468968,233000,AZN,3,73.0,14,16,True,True,True,Yasamal,Bakı
6490526,119000,AZN,1,56.0,1,6,True,True,False,Qara Qarayev,Bakı
6244128,89000,AZN,3,62.0,5,14,True,False,False,,Xırdalan
6446809,225000,AZN,3,90.0,4,9,True,False,False,Nəsimi,Bakı
6493852,113000,AZN,2,70.0,6,12,True,False,False,Abşeron,Xırdalan
6493853,724000,AZN,4,191.0,6,16,False,False,False,Nizami,Bakı
6044821,293000,AZN,3,120.0,2,12,True,True,False,Bakıxanov,Bakı
6325039,148000,AZN,3,70.0,2,14,False,False,False,Bakıxanov,Bakı
6463554,161690,AZN,3,87.4,2,9,False,False,False,Avtovağzal,Bakı
6493850,300000,AZN,4,150.0,9,23,True,False,False,20 Yanvar,Bakı
6269294,317000,AZN,3,120.0,6,18,True,True,True,Nəsimi,Bakı
6493851,135000,AZN,2,50.0,1,9,True,False,False,Hövsan,Bakı
6441309,179000,AZN,2,55.0,3,17,True,True,False,Həzi Aslanov,Bakı
6446536,245000,AZN,3,105.0,13,18,True,False,False,Memar Əcəmi,Bakı
6356343,258000,AZN,3,115.0,6,17,True,False,False,Əhmədli,Bakı
6373602,380086,AZN,2,63.9,6,28,True,True,True,Nardaran,Bakı
6294581,255000,AZN,4,110.0,1,9,True,False,False,Azadlıq Prospekti,Bakı
6413618,153000,AZN,2,50.0,16,16,True,False,False,Neftçilər,Bakı
6404979,231925,AZN,1,38.4,5,28,True,True,True,Nardaran,Bakı
6493848,630000,AZN,4,242.0,11,17,False,False,False,28 May,Bakı
6309434,172000,AZN,1,50.0,2,17,True,False,False,Azadlıq Prospekti,Bakı
6444992,255000,AZN,2,76.0,15,16,True,True,False,Qara Qarayev,Bakı
6429543,340000,AZN,3,117.0,6,8,True,False,False,Nəsimi,Bakı
6208674,251000,AZN,3,90.0,5,9,True,False,False,Nərimanov,Bakı
6163086,328000,AZN,2,76.0,3,7,True,False,False,Sea Breeze,Bakı
5713975,250000,AZN,2,65.5,15,18,True,False,False,8 Noyabr,Bakı
6486156,275000,AZN,3,135.0,10,16,True,False,False,20 Yanvar,Bakı
6457177,180000,AZN,2,61.0,15,17,True,False,False,20 Yanvar,Bakı
6439684,255000,AZN,3,80.0,1,9,True,False,False,Səbail,Bakı
6470017,254000,AZN,2,85.0,16,18,True,True,False,Həzi Aslanov,Bakı
6399915,108000,AZN,2,43.0,3,9,True,False,False,,Xırdalan
6486157,285000,AZN,3,120.0,13,16,True,False,False,20 Yanvar,Bakı
6471201,198000,AZN,2,65.0,14,17,True,True,False,Həzi Aslanov,Bakı
6434317,330000,AZN,3,110.0,7,12,True,True,True,Şah İsmayıl Xətai,Bakı
6441170,152000,AZN,2,71.0,6,17,False,True,False,Həzi Aslanov,Bakı
6473153,255000,AZN,2,86.0,15,16,True,True,False,Həzi Aslanov,Bakı
6493831,340000,AZN,2,120.0,6,17,True,False,False,28 May,Bakı
6493840,225000,AZN,5,120.0,5,9,True,False,False,Yeni Yasamal,Bakı
6269308,314000,AZN,3,115.0,8,17,True,False,False,Həzi Aslanov,Bakı
6487848,136500,AZN,2,62.0,8,15,True,False,False,,Xırdalan
6493839,239000,AZN,2,60.0,4,16,True,False,False,Memar Əcəmi,Bakı
6493835,159000,AZN,1,41.0,12,13,True,False,False,Bayıl,Bakı
6493836,245000,AZN,3,93.0,3,16,True,False,False,Memar Əcəmi,Bakı
6474597,110000,AZN,3,76.0,6,9,True,False,False,Masazır,Bakı
6493837,130000,AZN,2,65.0,1,9,True,False,False,Əhmədli,Bakı
6432661,135000,AZN,3,86.0,13,14,True,False,False,,Xırdalan
6471256,355000,AZN,3,98.0,12,14,True,True,False,İnşaatçılar,Bakı
6106492,352400,AZN,3,106.8,14,20,True,True,True,20 Yanvar,Bakı
6493829,133000,AZN,2,38.0,2,5,True,False,False,Elmlər Akademiyası,Bakı
6493832,85500,AZN,2,43.0,7,8,True,False,False,Masazır,Bakı
6481902,178000,AZN,3,80.0,2,9,True,True,False,Əhmədli,Bakı
6481927,158000,AZN,2,54.0,5,19,True,True,False,Əhmədli,Bakı
6474348,239000,AZN,3,125.0,6,15,True,True,False,Əhmədli,Bakı
6493830,319000,AZN,3,102.0,10,11,True,False,False,Dərnəgül,Bakı
6477435,340000,AZN,3,120.0,19,19,True,False,False,8-ci mikrorayon,Bakı
6410662,174000,AZN,2,48.0,4,5,True,False,False,Elmlər Akademiyası,Bakı
6476439,220000,AZN,3,100.0,9,19,True,True,False,Həzi Aslanov,Bakı
6330831,245000,AZN,2,98.0,6,11,True,True,True,İnşaatçılar,Bakı
6463965,250000,AZN,2,109.0,11,11,True,True,False,20 Yanvar,Bakı
6431984,514080,AZN,2,112.0,2,7,False,True,True,Nardaran,Bakı
6472657,108500,AZN,2,45.0,11,16,True,False,False,,Xırdalan
6480361,147000,AZN,3,64.0,19,20,True,True,False,Həzi Aslanov,Bakı
6430426,184000,AZN,2,65.0,2,9,True,False,False,Həzi Aslanov,Bakı
6474325,122000,AZN,2,38.0,2,5,True,False,False,Elmlər Akademiyası,Bakı
6480278,265000,AZN,3,126.0,18,19,True,True,False,Həzi Aslanov,Bakı
6426276,154000,AZN,2,72.2,9,14,False,True,False,Biləcəri,Bakı
6493826,165000,AZN,2,55.0,2,5,True,False,False,20 Yanvar,Bakı
6101579,249000,AZN,3,100.0,13,17,True,True,False,Avtovağzal,Bakı
6493828,458000,AZN,3,141.0,10,15,True,False,False,Nərimanov,Bakı
6193989,268000,AZN,2,75.0,8,20,True,True,False,20 Yanvar,Bakı
6368426,225000,AZN,2,58.0,6,7,True,False,False,Sea Breeze,Bakı
6487159,127000,AZN,2,70.0,4,16,True,False,False,,Xırdalan
6410283,275000,AZN,3,105.0,5,17,True,False,False,İnşaatçılar,Bakı
6493824,425000,AZN,3,130.0,12,14,True,False,False,Qara Qarayev,Bakı
6261151,290000,AZN,2,64.0,12,20,True,False,False,28 May,Bakı
6438778,81000,AZN,2,48.0,3,9,True,False,False,Masazır,Bakı
6490453,120000,AZN,2,58.0,3,12,True,True,True,,Xırdalan
6438632,215000,AZN,3,55.0,14,16,True,False,False,Yasamal,Bakı
6493821,205000,AZN,2,70.0,7,9,True,False,False,Gənclik,Bakı
6245393,225000,AZN,3,85.0,8,9,True,False,False,Xətai,Bakı
6313344,210000,AZN,3,80.0,2,9,True,False,False,Xalqlar Dostluğu,Bakı
6352575,293000,AZN,2,80.0,10,11,True,False,False,Nəsimi,Bakı
6493813,215000,AZN,3,85.0,4,5,True,True,False,Yasamal,Bakı
6007138,285000,AZN,2,68.0,12,16,True,False,False,Elmlər Akademiyası,Bakı
6493814,394000,AZN,3,157.0,16,17,True,False,False,Azadlıq Prospekti,Bakı
6438033,445000,AZN,3,108.0,3,3,True,True,True,Sahil,Bakı
6394081,120000,AZN,3,80.0,5,5,True,False,False,,Xırdalan
6475555,585000,AZN,4,182.0,6,19,True,False,False,Nəriman Nərimanov,Bakı
6350880,225000,AZN,4,85.0,6,9,True,False,False,Xətai,Bakı
6113334,123000,AZN,2,50.0,2,16,True,False,False,Yeni Günəşli,Bakı
6252018,235000,AZN,2,65.0,14,17,True,False,False,8-ci mikrorayon,Bakı
5988544,265000,AZN,2,95.0,16,16,True,False,False,Şah İsmayıl Xətai,Bakı
6493809,550000,AZN,4,154.0,7,17,True,False,False,Nəriman Nərimanov,Bakı
6377443,145000,AZN,3,73.0,7,9,True,True,True,Hövsan,Bakı
6493808,269000,AZN,2,60.0,8,12,True,False,False,Nərimanov,Bakı
6471250,257000,AZN,2,59.0,6,18,True,True,True,Bakmil,Bakı
6488112,166000,AZN,2,60.0,9,9,True,False,False,Həzi Aslanov,Bakı
6275828,350000,AZN,10,200.0,1,16,True,True,False,,Sumqayıt
6485679,420000,AZN,4,144.0,8,17,True,True,False,İnşaatçılar,Bakı
6152664,225000,AZN,2,90.0,12,14,True,False,False,Neftçilər,Bakı
6468852,330000,AZN,4,170.0,9,14,True,True,False,Xalqlar Dostluğu,Bakı
6479064,299000,AZN,3,113.1,1,9,False,True,False,Sea Breeze,Bakı
6368006,159000,AZN,2,52.0,15,20,True,False,False,Həzi Aslanov,Bakı
6474351,245000,AZN,2,55.0,10,14,True,False,False,Nərimanov,Bakı
5930893,199000,AZN,2,45.0,3,5,True,False,False,Nəsimi,Bakı
6395807,260000,AZN,4,100.0,3,5,True,True,False,Nizami,Bakı
6429934,90000,AZN,2,60.0,5,6,True,True,False,Masazır,Bakı
6493803,196000,AZN,2,61.0,2,16,True,False,False,Memar Əcəmi,Bakı
5791439,249000,AZN,2,61.0,4,15,True,False,False,28 May,Bakı
6493802,190000,AZN,4,90.0,1,9,True,False,False,Əhmədli,Bakı
6411618,128200,AZN,2,67.0,15,20,True,False,False,Bakıxanov,Bakı
6454872,158000,AZN,2,68.0,15,15,True,True,True,Yeni Yasamal,Bakı
6410142,185000,AZN,2,55.0,5,5,True,False,False,28 May,Bakı
5771556,400000,AZN,3,135.0,11,16,False,False,False,Şah İsmayıl Xətai,Bakı
6484155,150000,AZN,2,50.0,1,5,True,False,False,Neftçilər,Bakı
6491736,385000,AZN,4,125.0,9,17,True,True,False,Gənclik,Bakı
6486368,165000,AZN,2,55.0,4,5,True,False,False,8 Noyabr,Bakı
6463592,198000,AZN,4,70.0,3,5,True,True,False,Neftçilər,Bakı
6467618,220000,AZN,3,95.0,6,9,True,False,False,Əhmədli,Bakı
6493800,130000,AZN,2,58.0,5,16,True,False,False,Massiv D,Bakı
6487120,237000,AZN,3,70.0,6,9,True,False,False,Gənclik,Bakı
6470796,137000,AZN,2,66.0,5,16,True,False,False,,Xırdalan
6300819,210000,AZN,2,52.0,10,16,True,False,False,Qara Qarayev,Bakı
6493799,250000,AZN,2,67.0,19,19,True,False,False,8-ci mikrorayon,Bakı
6420940,395000,AZN,3,140.0,5,18,True,False,False,Nəriman Nərimanov,Bakı
6483231,118000,AZN,2,63.0,3,10,True,False,False,,Xırdalan
6483013,109000,AZN,2,63.0,15,16,True,False,False,,Xırdalan
6431201,135000,AZN,3,86.0,13,15,True,False,False,,Xırdalan
6304998,235000,AZN,3,110.0,16,17,True,False,False,Əhmədli,Bakı
6493797,212000,AZN,2,92.0,7,20,False,False,False,Həzi Aslanov,Bakı
6464059,155000,AZN,2,55.0,2,5,True,True,False,7-ci mikrorayon,Bakı
5993645,355000,AZN,3,120.0,12,20,True,False,False,Nərimanov,Bakı
6187583,168000,AZN,3,85.0,8,9,True,True,False,Əhmədli,Bakı
6491902,181000,AZN,3,80.0,6,9,True,False,False,Xətai,Bakı
6449004,134500,AZN,2,44.0,5,9,True,True,False,İnşaatçılar,Bakı
6486219,245000,AZN,3,85.0,3,19,True,False,False,Həzi Aslanov,Bakı
6486207,475000,AZN,4,190.0,5,25,True,False,False,Elmlər Akademiyası,Bakı
6493793,155000,AZN,3,100.0,2,5,True,False,False,,Xırdalan
6475769,266000,AZN,3,120.0,16,20,True,True,True,İnşaatçılar,Bakı
6240303,175000,AZN,3,125.0,16,16,True,False,False,Abşeron,Xırdalan
6484636,205000,AZN,2,52.9,14,20,True,True,False,20 Yanvar,Bakı
6443469,105000,AZN,3,70.0,8,11,True,False,False,,Xırdalan
6435677,79800,AZN,2,52.0,5,6,True,False,False,Masazır,Bakı
6493788,268000,AZN,2,90.7,2,16,True,False,False,Neftçilər,Bakı
6493789,275000,AZN,3,104.0,2,17,True,False,False,İnşaatçılar,Bakı
6461827,149000,AZN,4,120.0,5,5,True,True,True,,Xırdalan
6193763,500000,AZN,4,192.0,7,16,True,False,False,28 May,Bakı
6411794,565000,AZN,3,120.0,7,16,True,True,True,Nizami,Bakı
6386543,735000,AZN,4,160.0,10,16,True,True,True,Nizami,Bakı
6493784,280000,AZN,2,110.0,11,14,True,False,False,Nəsimi,Bakı
6481878,237000,AZN,3,65.0,6,9,True,True,False,Nərimanov,Bakı
6493783,119000,AZN,2,53.0,5,6,True,False,False,,Xırdalan
6493782,195000,AZN,1,63.3,11,17,False,False,False,Koroğlu,Bakı
6492180,189000,AZN,3,86.0,6,9,True,False,False,Əhmədli,Bakı
6274338,210000,AZN,4,100.0,5,5,True,False,False,Nərimanov,Bakı
6493781,725000,AZN,3,128.0,10,20,True,False,False,Şah İsmayıl Xətai,Bakı
6340778,435000,AZN,2,62.0,5,8,True,True,False,Ağ şəhər,Bakı
6493780,178000,AZN,3,70.0,1,9,True,False,False,Yeni Yasamal,Bakı
6484682,215000,AZN,3,80.0,5,5,True,False,False,Nərimanov,Bakı
6493779,255000,AZN,2,75.0,7,12,True,False,False,Bakıxanov,Bakı
6487813,238000,AZN,3,85.0,8,9,True,False,False,Xalqlar Dostluğu,Bakı
6468301,69500,AZN,1,24.0,2,2,True,False,False,Elmlər Akademiyası,Bakı
6408868,200000,AZN,2,70.0,2,14,True,False,False,Badamdar,Bakı
6493776,331000,AZN,3,115.0,2,14,True,False,False,Qara Qarayev,Bakı
6462629,130000,AZN,1,40.0,2,6,True,False,False,Nizami,Bakı
6466784,303000,AZN,3,105.0,9,15,True,True,True,İnşaatçılar,Bakı
6201688,242000,AZN,3,88.0,7,19,True,False,False,Xətai,Bakı
6477071,76000,AZN,2,42.0,5,6,True,True,False,Masazır,Bakı
6493770,205000,AZN,3,108.0,3,16,True,False,False,,Xırdalan
6477496,210000,AZN,3,75.0,3,5,True,False,False,Azadlıq Prospekti,Bakı
6490572,81000,AZN,2,46.0,9,11,True,True,True,,Xırdalan
6493702,126000,AZN,3,60.0,7,15,True,False,False,,Xırdalan
6476050,177000,AZN,2,65.0,6,9,True,True,False,Yasamal,Bakı
6491036,185000,AZN,3,85.0,3,9,True,True,False,Əhmədli,Bakı
6350035,49000,AZN,2,42.0,4,6,False,True,False,Masazır,Bakı
6375676,168000,AZN,3,65.0,1,9,True,False,False,Həzi Aslanov,Bakı
5812048,133000,AZN,3,65.0,4,5,True,False,False,Biləcəri,Bakı
5985850,236000,AZN,2,65.0,14,17,True,False,False,Azadlıq Prospekti,Bakı
6486689,450000,AZN,2,100.0,8,15,True,True,True,Nəriman Nərimanov,Bakı
6427388,418000,AZN,3,107.0,9,27,True,True,False,8 Noyabr,Bakı
6493767,81000,AZN,2,45.0,9,11,True,False,False,,Xırdalan
6493768,190000,AZN,3,70.0,12,19,True,False,False,Dərnəgül,Bakı
6337143,125000,AZN,1,40.0,5,5,True,False,False,Nəriman Nərimanov,Bakı
6411894,475000,AZN,3,150.0,6,18,True,False,False,Nəsimi,Bakı
6155349,71000,AZN,2,45.0,3,6,True,False,False,Masazır,Bakı
6493766,222000,AZN,2,60.0,6,9,True,False,False,Gənclik,Bakı
5611592,85000,AZN,2,52.0,3,6,True,False,False,Masazır,Bakı
6478890,1461400,AZN,4,224.8,16,20,False,False,False,Ağ şəhər,Bakı
6452377,278000,AZN,2,54.0,10,12,True,False,False,Nizami,Bakı
6493763,278000,AZN,4,150.0,3,5,True,False,False,Azadlıq Prospekti,Bakı
6275113,610000,AZN,4,200.0,9,20,True,False,False,Nəsimi,Bakı
6479279,189000,AZN,2,55.0,12,15,True,False,False,Neftçilər,Bakı
5475997,272000,AZN,1,55.4,1,3,False,True,True,Mərdəkan,Bakı
5510791,527000,AZN,2,107.6,2,6,False,True,True,Mərdəkan,Bakı
5510774,714000,AZN,2,148.9,1,3,False,True,True,Mərdəkan,Bakı
5506321,1241000,AZN,3,218.7,6,6,False,True,True,Mərdəkan,Bakı
5506311,306000,AZN,1,62.0,2,6,False,True,True,Mərdəkan,Bakı
6323096,350000,AZN,3,142.0,4,17,True,False,False,Əhmədli,Bakı
6484162,380000,AZN,3,136.0,7,12,True,False,False,Gənclik,Bakı
6197306,219000,AZN,2,58.3,8,16,True,True,True,Azadlıq Prospekti,Bakı
6460288,218000,AZN,2,55.0,2,17,True,False,False,Nizami,Bakı
6405022,375477,AZN,1,64.0,11,28,True,True,False,Nardaran,Bakı
6489180,370000,AZN,3,140.0,18,22,False,False,False,İnşaatçılar,Bakı
6361698,418000,AZN,3,137.0,10,16,True,True,False,Şah İsmayıl Xətai,Bakı
6323267,170000,AZN,2,53.0,1,5,True,False,False,Neftçilər,Bakı
6479597,445000,AZN,3,138.0,10,17,True,True,False,8 Noyabr,Bakı
6493759,377000,AZN,3,142.0,19,20,True,False,False,8 Noyabr,Bakı
6493758,218000,AZN,3,94.0,10,16,True,False,False,Həzi Aslanov,Bakı
6373636,246379,AZN,1,39.2,9,28,True,True,True,Nardaran,Bakı
6473294,133500,AZN,2,38.0,2,5,True,False,False,Elmlər Akademiyası,Bakı
6493756,285000,AZN,3,70.0,11,16,True,False,False,Nəriman Nərimanov,Bakı
6231295,345000,AZN,3,112.0,13,16,False,True,True,Nəriman Nərimanov,Bakı
6440548,181000,AZN,1,56.0,5,7,False,True,True,Nardaran,Bakı
6408758,235000,AZN,3,90.0,5,5,True,False,False,Nəriman Nərimanov,Bakı
6327090,95000,AZN,3,77.0,4,5,True,False,False,Masazır,Bakı
6388714,103000,AZN,2,60.0,9,18,True,True,True,,Xırdalan
6181887,525000,AZN,4,175.9,10,12,True,True,True,Koroğlu,Bakı
6181912,532840,AZN,4,190.3,3,12,True,True,True,Koroğlu,Bakı
6181862,404955,AZN,2,120.9,4,12,True,True,True,Koroğlu,Bakı
6181901,510000,AZN,4,194.2,5,12,True,True,True,Koroğlu,Bakı
6181844,411989,AZN,2,123.0,3,12,True,True,True,Koroğlu,Bakı
6181837,382848,AZN,2,114.3,3,12,True,True,True,Koroğlu,Bakı
6181764,615420,AZN,3,237.0,3,12,True,True,True,Koroğlu,Bakı
6493753,245000,AZN,3,75.0,7,10,True,False,False,Dərnəgül,Bakı
6493751,175000,AZN,2,52.0,2,9,True,False,False,Neftçilər,Bakı
6493750,75000,AZN,2,50.0,3,5,True,False,False,Masazır,Bakı
6491175,198000,AZN,3,62.0,2,5,True,False,False,Elmlər Akademiyası,Bakı
6491470,100000,AZN,2,45.0,9,9,True,False,False,Yeni Günəşli,Bakı
6472369,795000,AZN,4,171.0,13,16,True,False,False,Nəsimi,Bakı
6442724,250000,AZN,2,82.0,4,19,True,False,False,Xətai,Bakı
6493748,139000,AZN,2,66.0,7,15,True,False,False,,Xırdalan
6460740,307000,AZN,3,80.0,15,16,True,False,False,Dərnəgül,Bakı
6472010,380000,AZN,4,146.0,5,19,True,False,False,Xətai,Bakı
6425284,299000,AZN,4,100.0,3,5,True,False,False,Sahil,Bakı
6436146,249000,AZN,4,100.0,6,9,True,False,False,Xətai,Bakı
6433373,538000,AZN,4,148.0,4,16,True,False,False,Nəriman Nərimanov,Bakı
6197903,285000,AZN,2,77.0,15,17,False,False,False,Elmlər Akademiyası,Bakı
6493745,468000,AZN,3,100.0,4,8,False,False,False,Ağ şəhər,Bakı
6476082,140000,AZN,2,100.6,9,16,False,True,True,Lökbatan,Bakı
6366926,228000,AZN,3,70.0,3,9,True,False,False,Azadlıq Prospekti,Bakı
6143931,229000,AZN,2,52.0,9,19,True,False,False,Nəriman Nərimanov,Bakı
6487804,157000,AZN,2,60.0,4,15,True,False,False,Xalqlar Dostluğu,Bakı
5838691,425000,AZN,5,192.0,6,13,True,True,False,İnşaatçılar,Bakı
6476483,275000,AZN,4,120.0,8,9,True,False,False,Bakıxanov,Bakı
6451173,169999,AZN,3,54.5,1,9,True,True,True,20 Yanvar,Bakı
6035295,465000,AZN,3,136.0,3,18,True,False,False,Nəsimi,Bakı
6493743,240000,AZN,2,90.0,11,16,True,False,False,Memar Əcəmi,Bakı
6294913,399000,AZN,2,115.0,5,18,True,True,True,Şah İsmayıl Xətai,Bakı
6487765,155000,AZN,2,60.6,7,18,True,False,False,Əhmədli,Bakı
6267146,228000,AZN,3,95.0,4,17,True,False,False,Bayıl,Bakı
6468647,176000,AZN,3,60.0,11,13,True,False,False,Nəsimi,Bakı
6431101,310000,AZN,2,117.0,9,15,True,False,False,Şah İsmayıl Xətai,Bakı
6493742,71000,AZN,1,20.0,5,5,True,False,False,Qara Qarayev,Bakı
6493740,239000,AZN,4,100.0,7,9,True,False,False,Həzi Aslanov,Bakı
6475218,150000,AZN,2,56.0,2,5,True,False,False,İnşaatçılar,Bakı
6467992,215000,AZN,3,90.0,10,15,True,False,False,Əhmədli,Bakı
6410058,350000,AZN,2,50.0,7,7,True,False,False,Ağ şəhər,Bakı
6120562,275000,AZN,2,100.0,11,17,True,False,False,Elmlər Akademiyası,Bakı
6486224,340000,AZN,2,101.0,4,19,True,False,False,Şah İsmayıl Xətai,Bakı
6037691,115000,AZN,1,30.0,5,5,True,False,False,Elmlər Akademiyası,Bakı
6453425,275000,AZN,2,82.0,12,18,True,False,False,Gənclik,Bakı
6314383,770000,AZN,2,100.0,7,7,True,False,False,Ağ şəhər,Bakı
6479925,280000,AZN,2,92.0,4,16,True,False,False,Nəsimi,Bakı
6479955,220000,AZN,3,75.0,7,9,True,False,False,Nəsimi,Bakı
6493735,314500,AZN,3,135.5,6,17,True,False,False,Həzi Aslanov,Bakı
6490445,249000,AZN,2,85.0,6,19,True,False,False,Xətai,Bakı
6159708,289000,AZN,2,75.0,14,18,True,True,False,Şah İsmayıl Xətai,Bakı
6493734,798000,AZN,4,183.0,6,17,True,False,False,Gənclik,Bakı
6492767,86800,AZN,2,62.0,3,14,False,False,False,Abşeron,Xırdalan
6159734,260000,AZN,2,60.0,14,19,True,True,False,Şah İsmayıl Xətai,Bakı
5946479,470000,AZN,4,200.0,4,15,True,False,False,Həzi Aslanov,Bakı
5907625,435000,AZN,3,112.0,2,16,True,True,False,28 May,Bakı
6454789,338000,AZN,4,135.0,8,12,True,True,False,İnşaatçılar,Bakı
4362132,686443,AZN,3,103.9,8,8,True,True,True,Ağ şəhər,Bakı
4586280,661063,AZN,3,104.3,7,7,True,True,True,Ağ şəhər,Bakı
5745802,670000,AZN,5,272.0,5,16,False,True,False,Gənclik,Bakı
6479892,165000,AZN,1,56.9,6,7,False,False,False,Sabunçu,Bakı
6243558,189000,AZN,3,90.0,3,5,True,True,True,Bakıxanov,Bakı
6388202,117000,AZN,2,45.0,2,9,True,False,False,Biləcəri,Bakı
6457155,230000,AZN,3,110.0,9,17,True,False,False,Həzi Aslanov,Bakı
6471158,119000,AZN,2,70.0,2,6,True,True,False,Masazır,Bakı
6376382,94500,AZN,2,46.0,5,13,True,False,False,,Xırdalan
6334874,599000,AZN,4,150.0,6,16,True,False,False,28 May,Bakı
6493723,103000,AZN,2,52.3,3,16,False,False,False,Zığ,Bakı
6493725,240000,AZN,4,114.5,3,7,True,False,False,Binə,Bakı
6006141,193000,AZN,2,54.9,3,17,True,True,False,Həzi Aslanov,Bakı
6445032,123000,AZN,2,65.0,5,13,True,False,False,,Xırdalan
6466317,130000,AZN,1,35.0,2,6,True,False,False,Nəsimi,Bakı
6468073,205000,AZN,2,70.0,7,9,True,False,False,Gənclik,Bakı
5579176,320000,AZN,3,180.0,10,21,True,False,False,20 Yanvar,Bakı
6441857,384000,AZN,3,100.0,15,20,True,False,False,Nəsimi,Bakı
6292106,122000,AZN,2,55.0,3,9,True,True,True,,Xırdalan
6481997,279000,AZN,3,79.0,6,16,True,False,False,Yeni Yasamal,Bakı
6493721,210000,AZN,2,55.2,2,2,True,False,False,Nəriman Nərimanov,Bakı
6478631,220000,AZN,2,95.0,7,18,False,False,False,Elmlər Akademiyası,Bakı
6479092,290000,AZN,4,102.0,2,3,True,True,False,Nəsimi,Bakı
6459759,146000,AZN,2,40.0,4,5,True,True,False,Nəriman Nərimanov,Bakı
6478051,128000,AZN,2,48.0,8,15,True,True,False,Yeni Günəşli,Bakı
6493719,128000,AZN,1,40.0,2,9,True,False,False,Həzi Aslanov,Bakı
6361615,160000,AZN,3,76.0,4,4,True,True,True,Bakıxanov,Bakı
6493713,310000,AZN,3,128.0,16,17,False,False,False,Nəriman Nərimanov,Bakı
6389815,243000,AZN,4,100.0,4,9,True,False,False,Bakıxanov,Bakı
5618368,240000,AZN,3,115.0,8,21,True,False,False,20 Yanvar,Bakı
6478591,127000,AZN,1,55.0,9,18,False,False,False,Elmlər Akademiyası,Bakı
6211982,154000,AZN,2,55.0,13,13,True,True,False,8-ci kilometr,Bakı
6493707,275000,AZN,3,123.0,18,18,True,False,False,İnşaatçılar,Bakı
6401788,189000,AZN,3,72.0,4,17,True,True,False,Nəsimi,Bakı
6468990,93500,AZN,2,55.0,2,16,False,True,False,,Sumqayıt
6493705,320000,AZN,2,110.0,14,27,False,False,False,8 Noyabr,Bakı
6471134,427000,AZN,3,106.7,2,18,True,True,True,Bakmil,Bakı
6493700,378000,AZN,4,181.2,10,19,False,False,False,Nəriman Nərimanov,Bakı
6430261,318000,AZN,3,120.0,7,18,True,False,False,20 Yanvar,Bakı
6478935,126500,AZN,1,33.0,5,5,True,True,False,Memar Əcəmi,Bakı
6358768,300000,AZN,4,130.0,17,19,True,False,False,İnşaatçılar,Bakı
6493699,258000,AZN,2,63.0,14,18,True,False,False,Nərimanov,Bakı
6481668,255000,AZN,3,90.0,15,16,True,False,False,Nizami,Bakı
6493697,230000,AZN,2,58.0,3,5,True,False,False,Nəsimi,Bakı
6471891,279000,AZN,2,70.0,10,16,True,False,False,Gənclik,Bakı
6125777,330000,AZN,3,133.0,11,18,True,True,True,Sabunçu,Bakı
6091253,230000,AZN,3,80.0,5,9,True,False,False,Nəsimi,Bakı
6408732,228000,AZN,3,65.0,4,9,True,False,False,Gənclik,Bakı
6410657,255000,AZN,3,85.0,3,5,True,False,False,Gənclik,Bakı
6449648,350000,AZN,3,101.7,12,17,True,False,False,Nəsimi,Bakı
6493691,107000,AZN,1,27.0,4,6,True,False,False,İnşaatçılar,Bakı
5858674,480000,AZN,3,91.0,3,20,,False,False,Şah İsmayıl Xətai,Bakı
6457297,170000,AZN,3,70.0,3,5,True,False,False,Həzi Aslanov,Bakı
6465704,155000,AZN,3,75.0,5,9,True,True,True,Qaraçuxur,Bakı
6449881,284999,AZN,3,91.0,5,15,True,False,False,Həzi Aslanov,Bakı
6464801,248000,AZN,3,107.0,8,12,True,False,False,Xətai,Bakı
6452883,325000,AZN,3,134.0,3,16,True,False,False,Həzi Aslanov,Bakı
6387354,265000,AZN,3,123.0,12,13,True,False,False,İnşaatçılar,Bakı
6456691,460000,AZN,4,171.0,11,17,False,False,False,Şah İsmayıl Xətai,Bakı
6365118,695000,AZN,4,178.0,5,17,True,True,False,Nəriman Nərimanov,Bakı
6220412,230000,AZN,3,80.0,2,5,True,False,False,Elmlər Akademiyası,Bakı
6433644,140000,AZN,2,41.0,3,18,True,False,False,Qara Qarayev,Bakı
6101802,325000,AZN,3,126.7,7,16,False,True,False,Koroğlu,Bakı
6464251,289000,AZN,3,152.0,5,15,True,True,True,Yeni Yasamal,Bakı
6493688,317000,AZN,3,130.0,10,16,True,False,False,İnşaatçılar,Bakı
6479959,147000,AZN,2,66.0,5,10,True,False,False,Həzi Aslanov,Bakı
6468502,585000,AZN,4,182.0,6,16,True,False,False,Nəriman Nərimanov,Bakı
6479945,172000,AZN,5,120.0,9,9,True,False,False,Yeni Günəşli,Bakı
6493687,190000,AZN,2,84.0,5,17,True,False,False,İnşaatçılar,Bakı
6423107,160000,AZN,3,60.0,9,9,True,False,False,Neftçilər,Bakı
6385898,565000,AZN,3,157.0,14,20,False,True,True,Ağ şəhər,Bakı
6468078,190000,AZN,3,85.0,5,9,True,True,True,Əhmədli,Bakı
6493683,397000,AZN,2,96.0,4,19,True,False,False,28 May,Bakı
6493684,135000,AZN,3,99.0,5,12,True,False,False,,Xırdalan
6493682,178000,AZN,2,41.0,11,16,True,False,False,Yasamal,Bakı
6393967,77000,AZN,2,52.0,2,5,True,False,False,Masazır,Bakı
6493677,119000,AZN,1,35.0,2,9,True,False,False,Gənclik,Bakı
6411980,100000,AZN,2,75.0,1,6,True,True,False,Abşeron,Bakı
6362794,165000,AZN,3,105.0,10,19,True,False,False,Bakıxanov,Bakı
6493678,280000,AZN,2,65.0,3,18,True,False,False,Nəsimi,Bakı
6395389,187000,AZN,3,71.0,12,16,True,True,False,Yeni Günəşli,Bakı
5964171,620000,AZN,4,190.0,9,12,True,True,False,Gənclik,Bakı
6484644,450000,AZN,3,145.0,4,17,True,False,False,Nəriman Nərimanov,Bakı
6493676,197000,AZN,1,32.0,8,27,True,False,False,Nardaran,Bakı
6443058,530000,AZN,4,185.0,9,16,True,False,False,Elmlər Akademiyası,Bakı
6493642,210000,AZN,2,65.0,14,16,True,False,False,Həzi Aslanov,Bakı
6477538,87000,AZN,2,62.0,7,16,True,True,False,,Xırdalan
6049562,370000,AZN,3,120.0,16,16,True,False,False,Şah İsmayıl Xətai,Bakı
6390722,156000,AZN,2,58.0,4,5,True,False,False,Memar Əcəmi,Bakı
6461311,210000,AZN,2,65.0,6,9,True,False,False,Gənclik,Bakı
6023464,335000,AZN,3,100.0,6,8,True,False,False,Nərimanov,Bakı
6354810,199000,AZN,3,110.0,11,16,True,False,False,,Xırdalan
6371634,212000,AZN,2,65.0,7,9,True,False,False,Azadlıq Prospekti,Bakı
6388446,158000,AZN,3,118.0,22,22,True,False,False,Gənclik,Bakı
6493415,625000,AZN,3,120.0,10,17,True,False,False,Elmlər Akademiyası,Bakı
6226200,192000,AZN,2,65.0,6,9,True,False,False,Azadlıq Prospekti,Bakı
3347882,900000,AZN,4,270.0,16,22,False,False,False,Şah İsmayıl Xətai,Bakı
6318372,189000,AZN,2,65.0,5,9,True,False,False,Gənclik,Bakı
6493664,305000,AZN,2,115.0,8,14,True,False,False,Bayıl,Bakı
5726741,201000,AZN,2,65.0,6,9,True,False,False,Binəqədi,Bakı
6486672,210000,AZN,2,65.0,14,15,True,True,True,Həzi Aslanov,Bakı
5813985,208000,AZN,2,70.0,3,9,True,False,False,Gənclik,Bakı
6446106,107000,AZN,2,53.0,3,7,True,False,False,,Xırdalan
4606322,498500,AZN,4,163.0,4,19,False,True,False,Bayıl,Bakı
6354418,191000,AZN,4,90.0,4,5,True,True,False,Xalqlar Dostluğu,Bakı
6493662,560000,AZN,3,143.0,12,17,True,False,False,Nəriman Nərimanov,Bakı
5311812,114700,AZN,2,100.6,12,16,False,False,False,Lökbatan,Bakı
6474778,280000,AZN,3,125.0,3,17,False,False,False,İnşaatçılar,Bakı
6181779,155000,AZN,2,68.0,15,19,True,False,False,Yeni Yasamal,Bakı
6408874,850000,AZN,5,213.6,6,8,False,False,False,Ağ şəhər,Bakı
5883773,550000,AZN,4,210.0,3,17,False,False,False,Nəriman Nərimanov,Bakı
6454197,323000,AZN,3,98.97,7,17,True,True,False,Koroğlu,Bakı
6085980,850000,AZN,5,326.0,11,16,False,False,False,Şah İsmayıl Xətai,Bakı
6408911,695000,AZN,3,139.0,6,8,False,False,False,Ağ şəhər,Bakı
6408922,705000,AZN,3,141.0,5,8,False,False,False,Ağ şəhər,Bakı
6493653,338000,AZN,3,135.0,16,17,True,False,False,İnşaatçılar,Bakı
5862568,210000,AZN,2,68.0,9,16,True,False,False,Həzi Aslanov,Bakı
6493652,145000,AZN,3,90.0,10,10,True,False,False,Həzi Aslanov,Bakı
6493651,155000,AZN,2,45.0,8,10,True,False,False,Gənclik,Bakı
6478514,179000,AZN,3,135.0,5,9,True,False,False,,Xırdalan
6408981,685000,AZN,5,237.0,12,18,False,False,False,Elmlər Akademiyası,Bakı
5935680,280000,AZN,3,75.0,9,10,True,False,False,28 May,Bakı
5697512,465000,AZN,3,120.0,17,18,True,True,True,Şah İsmayıl Xətai,Bakı
6431802,124999,AZN,2,40.0,3,9,True,True,False,Əhmədli,Bakı
6493648,460000,AZN,3,140.0,6,16,True,False,False,Şah İsmayıl Xətai,Bakı
6408994,465000,AZN,3,100.0,5,7,False,False,False,Ağ şəhər,Bakı
6486446,185000,AZN,2,52.0,12,20,True,False,False,İnşaatçılar,Bakı
6264579,95000,AZN,2,45.0,2,12,True,False,False,Abşeron,Xırdalan
6449450,350000,AZN,2,101.0,19,19,True,True,False,Şah İsmayıl Xətai,Bakı
6365965,359000,AZN,3,140.0,8,17,True,False,False,İnşaatçılar,Bakı
6490030,220000,AZN,2,82.0,14,16,True,True,True,Əhmədli,Bakı
6376264,438000,AZN,3,147.0,9,15,False,False,False,Nizami,Bakı
6419114,230000,AZN,3,105.0,15,17,True,True,True,8-ci kilometr,Bakı
6468189,151000,AZN,2,50.0,1,5,True,True,False,Memar Əcəmi,Bakı
6493451,148000,AZN,3,65.0,3,5,True,False,False,Həzi Aslanov,Bakı
4868347,620000,AZN,4,193.0,5,17,True,False,False,28 May,Bakı
6493643,713000,AZN,4,166.0,5,8,False,False,False,Ağ şəhər,Bakı
6061240,287550,AZN,2,106.5,27,27,False,False,False,8 Noyabr,Bakı
6474092,203000,AZN,3,85.0,3,5,True,False,False,Nəsimi,Bakı
6091036,172000,AZN,2,48.0,2,5,True,False,False,Elmlər Akademiyası,Bakı
6440409,920000,AZN,4,220.0,16,18,False,True,True,Nəsimi,Bakı
6296792,737000,AZN,4,162.0,5,14,False,True,False,Elmlər Akademiyası,Bakı
6476841,395000,AZN,3,105.0,18,19,True,False,False,Nəriman Nərimanov,Bakı
6493263,148000,AZN,3,85.0,8,9,True,True,False,Həzi Aslanov,Bakı
6493636,296000,AZN,3,92.0,11,14,True,False,False,Qara Qarayev,Bakı
6491560,270000,AZN,3,80.0,2,9,True,False,False,Qara Qarayev,Bakı
6456796,650000,AZN,4,211.0,7,18,True,True,False,Şah İsmayıl Xətai,Bakı
6387333,310000,AZN,3,93.0,8,9,True,False,False,Elmlər Akademiyası,Bakı
6493634,1000000,AZN,5,210.0,10,18,False,False,False,Elmlər Akademiyası,Bakı
6221397,520000,AZN,3,155.0,4,17,True,False,False,28 May,Bakı
6270400,489000,AZN,3,125.0,8,16,True,False,False,Nizami,Bakı
5491639,339000,AZN,3,120.0,5,11,True,True,False,28 May,Bakı
6471856,215000,AZN,2,84.0,5,17,True,False,False,Nəsimi,Bakı
6111543,689000,AZN,7,220.0,15,17,True,True,False,Nəriman Nərimanov,Bakı
6219375,215000,AZN,4,140.0,11,17,True,True,True,Bakıxanov,Bakı
6367634,238000,AZN,2,75.0,11,18,True,False,False,Nəsimi,Bakı
6197419,485000,AZN,3,100.0,12,14,True,False,False,Elmlər Akademiyası,Bakı
6493631,82000,AZN,2,45.0,1,5,True,False,False,Abşeron,Xırdalan
6488990,93000,AZN,3,66.0,7,8,True,False,False,Abşeron,Xırdalan
6493630,210000,AZN,2,77.0,8,16,False,False,False,Qara Qarayev,Bakı
6398001,285000,AZN,2,50.0,7,21,False,False,False,28 May,Bakı
6465082,380000,AZN,3,130.0,3,18,True,True,False,Şah İsmayıl Xətai,Bakı
6493628,150000,AZN,2,85.0,3,14,True,False,False,Abşeron,Xırdalan
6160224,300000,AZN,3,91.0,9,10,True,True,False,İçəri Şəhər,Bakı
6493629,155000,AZN,1,39.0,10,17,False,False,False,Qara Qarayev,Bakı
6408272,178000,AZN,2,63.0,8,9,True,False,False,Gənclik,Bakı
6230951,475000,AZN,3,130.0,16,22,True,False,False,Elmlər Akademiyası,Bakı
6464488,217000,AZN,2,52.0,6,9,True,False,False,Gənclik,Bakı
6346291,310000,AZN,3,100.0,14,18,True,False,False,İnşaatçılar,Bakı
6420574,186000,AZN,2,50.0,7,14,True,False,False,20 Yanvar,Bakı
5376154,295000,AZN,2,105.0,10,18,True,True,False,Badamdar,Bakı
6466263,154000,AZN,2,45.0,5,5,True,False,False,Gənclik,Bakı
6438415,249000,AZN,3,120.0,8,14,True,True,False,Yeni Yasamal,Bakı
6446020,185000,AZN,2,50.0,6,17,True,False,False,20 Yanvar,Bakı
6408642,203000,AZN,2,63.0,7,9,True,False,False,Gənclik,Bakı
6298981,294000,AZN,3,95.0,13,17,True,False,False,20 Yanvar,Bakı
6234784,198000,AZN,2,59.0,5,17,True,False,False,20 Yanvar,Bakı
6489684,166000,AZN,3,62.0,8,12,True,False,False,İnşaatçılar,Bakı
6464718,62000,AZN,1,18.0,1,1,True,True,False,28 May,Bakı
6284435,108000,AZN,2,72.8,12,14,False,True,True,,Sumqayıt
6457018,350000,AZN,3,110.0,2,17,True,True,True,Bibiheybət,Bakı
6480775,117702,AZN,2,100.6,5,18,False,False,False,Lökbatan,Bakı
6201530,425000,AZN,3,129.0,12,16,False,True,True,Nərimanov,Bakı
6434380,184000,AZN,2,65.0,2,9,True,False,False,Həzi Aslanov,Bakı
6489273,85500,AZN,2,43.0,7,8,True,False,False,Masazır,Bakı
6227251,345000,AZN,3,140.0,10,19,True,False,False,20 Yanvar,Bakı
6493620,205000,AZN,3,131.0,2,15,False,False,False,Neftçilər,Bakı
6147926,655000,AZN,4,198.0,6,20,True,True,True,28 May,Bakı
6159960,275000,AZN,4,110.0,4,5,True,True,False,Badamdar,Bakı
6458674,142000,AZN,3,72.0,5,5,True,False,False,Həzi Aslanov,Bakı
6493619,168000,AZN,5,111.0,1,5,True,False,False,,Gəncə
6449050,175000,AZN,2,65.0,2,4,True,True,False,Badamdar,Bakı
6245061,245000,AZN,2,97.0,3,20,True,False,False,Həzi Aslanov,Bakı
5981356,399000,AZN,4,170.0,7,18,True,False,False,İnşaatçılar,Bakı
6440367,740000,AZN,4,194.0,13,18,False,True,True,Nəsimi,Bakı
6353622,287000,AZN,2,67.0,4,16,True,True,False,Nərimanov,Bakı
6425233,215000,AZN,2,69.3,14,18,True,False,False,Əhmədli,Bakı
6287038,225000,AZN,3,93.0,7,16,True,False,False,Həzi Aslanov,Bakı
6493617,110000,AZN,2,51.0,9,12,True,False,False,,Sumqayıt
6409286,115000,AZN,3,70.0,9,11,True,False,False,Abşeron,Xırdalan
6486022,435000,AZN,3,115.0,16,17,True,False,False,Şah İsmayıl Xətai,Bakı
6493613,170000,AZN,3,75.0,4,5,True,False,False,Memar Əcəmi,Bakı
6432078,460000,AZN,3,147.0,4,14,True,False,False,Nizami,Bakı
6493615,157000,AZN,3,80.0,1,9,True,False,False,Həzi Aslanov,Bakı
6493614,227500,AZN,3,104.0,7,12,True,False,False,Xətai,Bakı
6492896,228000,AZN,3,95.0,5,17,True,False,False,Səbail,Bakı
6493612,175000,AZN,3,86.0,3,9,True,False,False,Həzi Aslanov,Bakı
6491892,200000,AZN,2,78.0,14,17,True,False,False,Bayıl,Bakı
6235988,85000,AZN,2,83.0,6,6,True,False,False,Masazır,Bakı
6232487,338000,AZN,4,160.0,3,15,True,False,False,Qara Qarayev,Bakı
6492920,370000,AZN,3,180.0,9,11,True,False,False,İnşaatçılar,Bakı
5804443,218000,AZN,2,63.0,5,16,True,False,False,Qara Qarayev,Bakı
6478322,187000,AZN,2,65.0,8,17,True,False,False,Həzi Aslanov,Bakı
6395300,415000,AZN,3,156.0,4,16,True,False,False,Elmlər Akademiyası,Bakı
6349185,292000,AZN,3,69.0,2,18,True,True,True,Bakmil,Bakı
6457009,179500,AZN,3,60.0,7,9,True,True,True,Memar Əcəmi,Bakı
6196188,345000,AZN,3,138.0,2,12,True,True,False,Memar Əcəmi,Bakı
6323870,148000,AZN,3,69.8,2,14,False,False,False,Bakıxanov,Bakı
6046196,225000,AZN,4,80.0,6,9,True,True,False,Həzi Aslanov,Bakı
6230171,176900,AZN,2,50.0,4,5,True,True,False,Nəriman Nərimanov,Bakı
5933625,309000,AZN,4,163.3,5,8,False,True,False,Bakıxanov,Bakı
5967977,630000,AZN,4,178.0,12,18,False,True,False,Bayıl,Bakı
6486717,158000,AZN,2,65.0,2,5,True,False,False,Bakıxanov,Bakı
6445599,129000,AZN,2,54.1,5,10,True,False,False,,Xırdalan
6348113,219000,AZN,4,199.7,9,14,False,True,True,,Sumqayıt
6493606,65000,AZN,1,40.0,4,4,True,False,False,,Xırdalan
6480198,148000,AZN,2,45.0,1,5,True,True,True,Neftçilər,Bakı
6489126,115000,AZN,1,35.0,1,5,True,False,False,Bakıxanov,Bakı
6451698,379000,AZN,3,107.0,6,14,True,True,False,8 Noyabr,Bakı
6493603,550000,AZN,4,150.0,7,17,True,False,False,Nəriman Nərimanov,Bakı
6493604,179000,AZN,3,70.0,3,9,True,False,False,Köhnə Günəşli,Bakı
5228272,663000,AZN,4,166.0,5,7,False,False,False,Ağ şəhər,Bakı
6451555,425000,AZN,4,130.0,12,14,True,True,False,8 Noyabr,Bakı
6111907,153000,AZN,2,52.0,3,5,True,True,False,Badamdar,Bakı
6153068,249000,AZN,3,85.0,16,19,True,False,False,20 Yanvar,Bakı
6358913,219000,AZN,3,147.0,10,12,False,False,False,Əhmədli,Bakı
6493598,230000,AZN,2,60.0,2,3,True,False,False,Nizami,Bakı
6457922,218000,AZN,3,75.0,8,9,True,True,True,Xalqlar Dostluğu,Bakı
6484076,135500,AZN,2,30.0,3,5,True,False,False,Memar Əcəmi,Bakı
6483353,225000,AZN,1,42.0,2,4,True,False,False,Nardaran,Bakı
6398187,335000,AZN,3,110.0,15,17,True,True,True,28 May,Bakı
6439916,64000,AZN,1,18.0,1,2,True,False,False,28 May,Bakı
6493594,450000,AZN,3,136.0,16,16,True,False,False,Koroğlu,Bakı
6466349,163000,AZN,2,60.0,8,9,True,False,False,Əhmədli,Bakı
6484114,382000,AZN,3,131.0,9,16,True,False,False,Memar Əcəmi,Bakı
6449762,369000,AZN,3,117.0,17,18,True,True,True,Nizami,Bakı
6441727,185000,AZN,3,90.0,3,5,True,False,False,Qaraçuxur,Bakı
6365796,475000,AZN,4,170.0,15,17,True,False,False,Şah İsmayıl Xətai,Bakı
6442482,258000,AZN,2,90.0,16,17,True,False,False,Həzi Aslanov,Bakı
6479499,210000,AZN,2,65.0,14,16,True,False,False,Həzi Aslanov,Bakı
6385246,126000,AZN,2,61.0,3,9,True,False,False,Abşeron,Xırdalan
6367329,240000,AZN,2,90.0,3,16,True,False,False,8-ci kilometr,Bakı
6436663,160000,AZN,2,50.0,3,5,True,True,False,Memar Əcəmi,Bakı
6486999,110000,AZN,2,66.0,10,12,False,True,False,Suraxanı,Bakı
6034415,249000,AZN,3,80.0,8,16,True,False,False,Həzi Aslanov,Bakı
6462929,153000,AZN,2,50.0,5,5,True,True,True,İnşaatçılar,Bakı
6484470,375000,AZN,3,130.0,10,20,True,False,False,Nəsimi,Bakı
6493590,125000,AZN,2,55.0,2,5,True,False,False,Memar Əcəmi,Bakı
6451455,169000,AZN,2,64.7,11,18,True,False,False,Neftçilər,Bakı
6482069,267000,AZN,3,94.0,7,17,True,False,False,Neftçilər,Bakı
6439733,187000,AZN,2,78.0,5,16,False,False,False,Qara Qarayev,Bakı
6373248,185000,AZN,2,54.0,4,14,True,False,False,Neftçilər,Bakı
6361752,185000,AZN,2,45.7,6,17,True,False,False,Qara Qarayev,Bakı
6351287,249000,AZN,2,88.0,9,17,True,False,False,Qara Qarayev,Bakı
6432574,192000,AZN,2,65.0,4,9,True,False,False,Azadlıq Prospekti,Bakı
6430046,380000,AZN,3,115.0,1,7,False,False,False,Nardaran,Bakı
6493588,155000,AZN,2,50.0,8,10,True,False,False,Gənclik,Bakı
6493589,185000,AZN,3,100.0,4,9,True,False,False,Həzi Aslanov,Bakı
6114755,234000,AZN,3,98.0,5,17,True,False,False,Avtovağzal,Bakı
6493587,119000,AZN,2,58.0,11,13,True,False,False,,Xırdalan
6427060,620000,AZN,5,205.0,13,16,True,False,False,Şah İsmayıl Xətai,Bakı
6490108,141000,AZN,2,61.0,3,5,True,False,False,Memar Əcəmi,Bakı
6219696,246000,AZN,2,65.2,6,20,True,True,False,Şah İsmayıl Xətai,Bakı
6444484,470000,AZN,4,170.0,15,17,True,False,False,Şah İsmayıl Xətai,Bakı
6467366,318000,AZN,3,74.0,5,12,True,True,False,Elmlər Akademiyası,Bakı
6379460,430000,AZN,3,137.0,10,16,True,False,False,Şah İsmayıl Xətai,Bakı
6487282,145000,AZN,2,50.0,14,16,True,False,False,Avtovağzal,Bakı
6455893,250000,AZN,3,85.0,5,9,True,False,False,Nəsimi,Bakı
6213141,249000,AZN,2,61.0,4,14,True,True,False,Nərimanov,Bakı
5742431,495000,AZN,3,135.0,5,12,False,True,True,Səbail,Bakı
6453225,395000,AZN,3,110.0,17,19,True,True,False,Nəriman Nərimanov,Bakı
6468065,950000,AZN,4,185.0,5,17,True,True,False,Şah İsmayıl Xətai,Bakı
6457560,219000,AZN,2,60.0,13,17,True,False,False,Koroğlu,Bakı
6431080,235000,AZN,2,65.0,5,5,True,False,False,Elmlər Akademiyası,Bakı
6464907,138000,AZN,2,45.0,4,9,True,False,False,Həzi Aslanov,Bakı
6300091,238000,AZN,2,65.0,11,19,True,True,False,8-ci mikrorayon,Bakı
6349610,266000,AZN,2,85.6,5,17,False,True,False,Dərnəgül,Bakı
6476312,185000,AZN,2,60.0,2,5,True,False,False,Elmlər Akademiyası,Bakı
6442527,139000,AZN,2,37.0,2,5,True,False,False,Elmlər Akademiyası,Bakı
5773943,279000,AZN,5,110.0,3,5,True,False,False,Xalqlar Dostluğu,Bakı
6493580,240000,AZN,2,102.0,6,17,True,False,False,Bayıl,Bakı
6445971,340000,AZN,2,102.0,4,20,True,False,False,Şah İsmayıl Xətai,Bakı
6493352,297000,AZN,3,90.0,5,6,True,True,False,Sahil,Bakı
6453352,153000,AZN,2,65.0,5,9,True,False,False,8-ci kilometr,Bakı
6342510,129500,AZN,2,55.0,3,9,True,True,False,Bakıxanov,Bakı
6459234,231200,AZN,5,136.0,1,3,False,True,True,Masazır,Bakı
6360370,455000,AZN,4,187.0,10,17,True,True,False,Elmlər Akademiyası,Bakı
6493575,173000,AZN,2,45.0,7,11,True,False,False,Nərimanov,Bakı
6493576,410000,AZN,3,140.0,10,17,True,False,False,Nəsimi,Bakı
6443025,124000,AZN,1,32.0,5,5,True,True,False,Elmlər Akademiyası,Bakı
5986384,664000,AZN,4,166.0,4,8,False,False,False,Ağ şəhər,Bakı
6423687,369000,AZN,5,220.0,7,12,True,True,False,Elmlər Akademiyası,Bakı
6493574,133000,AZN,2,40.0,5,5,True,False,False,İnşaatçılar,Bakı
6493571,460000,AZN,3,130.0,10,15,True,False,False,Gənclik,Bakı
6053622,530000,AZN,4,185.0,11,23,False,True,False,Şah İsmayıl Xətai,Bakı
6493570,218000,AZN,3,90.0,10,16,True,False,False,Həzi Aslanov,Bakı
6493569,147500,AZN,1,40.0,6,9,True,False,False,Azadlıq Prospekti,Bakı
6447561,300000,AZN,2,100.0,9,16,True,True,False,Şah İsmayıl Xətai,Bakı
6197592,255000,AZN,2,87.0,6,16,True,True,False,28 May,Bakı
6409080,418000,AZN,3,137.0,9,16,True,True,False,Şah İsmayıl Xətai,Bakı
6493564,168000,AZN,2,45.6,9,9,True,False,False,Yasamal,Bakı
6379663,165000,AZN,3,100.0,8,8,True,False,False,Masazır,Bakı
6493538,275000,AZN,2,100.0,12,17,True,False,False,İnşaatçılar,Bakı
6452706,285000,AZN,3,91.0,5,15,True,False,False,Həzi Aslanov,Bakı
6493563,258000,AZN,3,82.0,11,17,True,False,False,Nəsimi,Bakı
6106691,250000,AZN,2,105.0,3,16,True,True,False,Neftçilər,Bakı
6465898,279000,AZN,4,138.0,7,16,True,False,False,Yeni Yasamal,Bakı
5599928,227000,AZN,2,95.2,4,9,False,True,False,Nardaran,Bakı
6415712,230000,AZN,4,100.0,2,9,True,False,False,Əhmədli,Bakı
6174097,220000,AZN,2,54.0,7,14,True,False,False,28 May,Bakı
6493558,125000,AZN,2,59.0,10,10,True,False,False,Hövsan,Bakı
6493560,550000,AZN,5,220.0,6,7,True,False,False,Nizami,Bakı
6425282,635000,AZN,4,220.0,13,18,True,False,False,28 May,Bakı
6265402,3000000,AZN,7,470.0,4,4,True,False,False,Sahil,Bakı
6493554,119000,AZN,2,58.0,11,13,True,False,False,Abşeron,Xırdalan
6493555,420000,AZN,3,120.0,6,17,True,False,False,Nəriman Nərimanov,Bakı
6464418,180000,AZN,3,75.0,5,5,True,False,False,Gənclik,Bakı
6386152,192000,AZN,2,70.0,6,10,True,True,True,Həzi Aslanov,Bakı
5859026,418000,AZN,3,115.0,8,16,True,False,False,Nizami,Bakı
6492620,220000,AZN,3,78.0,4,5,True,False,False,Yasamal,Bakı
6004144,240000,AZN,2,66.2,14,20,True,True,False,Şah İsmayıl Xətai,Bakı
6388652,650000,AZN,3,168.0,14,19,True,False,False,Nizami,Bakı
6493546,142000,AZN,2,60.0,4,9,True,False,False,Əhmədli,Bakı
6493549,275000,AZN,5,119.0,5,9,True,False,False,Azadlıq Prospekti,Bakı
6135398,700000,AZN,5,255.0,9,16,True,True,False,İnşaatçılar,Bakı
6361294,215000,AZN,3,91.0,2,17,True,False,False,Həzi Aslanov,Bakı
5870160,410000,AZN,3,140.0,8,18,True,True,True,Elmlər Akademiyası,Bakı
6068591,239000,AZN,2,95.0,4,20,True,False,False,Xətai,Bakı
6012229,220000,AZN,2,54.0,7,14,True,True,False,28 May,Bakı
6280111,148000,AZN,3,85.0,8,9,True,False,False,Əhmədli,Bakı
6294383,379000,AZN,3,107.0,6,14,True,True,False,8 Noyabr,Bakı
6201250,265000,AZN,4,139.2,5,14,False,True,False,M.Ə.Rəsulzadə,Bakı
6356147,127000,AZN,3,70.0,2,5,True,False,False,Lökbatan,Bakı
6479901,165000,AZN,2,70.0,4,17,True,True,True,Yeni Yasamal,Bakı
6459118,145000,AZN,2,55.0,4,5,True,True,False,8 Noyabr,Bakı
6475440,500000,AZN,3,145.0,6,14,True,False,False,28 May,Bakı
6489754,199000,AZN,2,59.0,17,19,True,True,True,Nəriman Nərimanov,Bakı
6473744,165000,AZN,2,61.0,14,18,True,False,False,Həzi Aslanov,Bakı
6481647,376000,AZN,3,115.0,9,15,False,True,True,Nəsimi,Bakı
6451935,385000,AZN,3,145.0,6,18,True,True,False,İnşaatçılar,Bakı
6449330,205000,AZN,2,57.0,10,18,True,False,False,8 Noyabr,Bakı
6307317,142000,AZN,2,60.0,1,5,True,False,False,Memar Əcəmi,Bakı
6226097,425000,AZN,4,130.0,12,14,True,True,False,8 Noyabr,Bakı
5671660,255000,AZN,4,110.0,5,9,True,True,False,Bakıxanov,Bakı
6472195,132000,AZN,3,80.0,2,9,True,True,False,Hövsan,Bakı
6312830,259000,AZN,2,55.0,7,17,True,True,False,Elmlər Akademiyası,Bakı
6487110,175000,AZN,3,70.0,4,9,True,True,False,Əhmədli,Bakı
6225046,265000,AZN,3,138.0,18,20,True,False,False,20 Yanvar,Bakı
4784485,155000,AZN,1,40.0,10,16,False,False,False,Qara Qarayev,Bakı
5772795,380000,AZN,3,120.0,6,12,False,True,False,Nərimanov,Bakı
6466820,108000,AZN,2,50.0,3,16,True,False,False,,Xırdalan
6443646,310000,AZN,5,120.0,5,9,True,False,False,Azadlıq Prospekti,Bakı
6258801,620000,AZN,4,230.0,8,18,False,True,False,28 May,Bakı
4586415,657974,AZN,3,103.8,8,8,True,True,True,Ağ şəhər,Bakı
4585521,661685,AZN,3,104.0,8,8,True,True,True,Ağ şəhər,Bakı
6493539,542000,AZN,4,172.0,12,17,True,False,False,Nizami,Bakı
6212323,205000,AZN,2,69.0,10,18,False,False,False,Qara Qarayev,Bakı
5903023,920000,AZN,4,165.0,11,17,True,False,False,Elmlər Akademiyası,Bakı
6388591,155000,AZN,2,55.0,2,16,True,False,False,Gənclik,Bakı
6482244,210000,AZN,2,65.0,14,16,True,False,False,Həzi Aslanov,Bakı
6325712,152000,AZN,3,63.0,1,13,True,False,False,Həzi Aslanov,Bakı
6368241,430000,AZN,3,162.0,7,20,True,False,False,Nəriman Nərimanov,Bakı
6493536,239715,AZN,3,76.1,15,18,True,False,False,İnşaatçılar,Bakı
6487042,163000,AZN,3,85.0,8,9,True,True,False,Həzi Aslanov,Bakı
6409196,145000,AZN,3,55.0,3,5,True,False,False,Memar Əcəmi,Bakı
6493535,132000,AZN,2,60.0,8,9,True,False,False,Əhmədli,Bakı
6470620,270000,AZN,3,107.0,2,17,True,False,False,20 Yanvar,Bakı
6470950,91500,AZN,2,56.8,2,7,True,True,False,Masazır,Bakı
6493532,136000,AZN,2,70.0,1,5,True,False,False,Memar Əcəmi,Bakı
6337104,215000,AZN,3,95.0,5,5,True,False,False,8 Noyabr,Bakı
6402966,222000,AZN,3,75.0,4,5,True,False,False,Elmlər Akademiyası,Bakı
6426814,105000,AZN,2,68.0,3,8,True,True,False,Masazır,Bakı
6477426,480000,AZN,4,172.8,3,16,True,False,False,Koroğlu,Bakı
6493529,355000,AZN,3,145.0,8,16,True,False,False,İnşaatçılar,Bakı
6493528,275000,AZN,2,100.0,9,13,True,False,False,Qara Qarayev,Bakı
6073340,390000,AZN,3,110.0,2,3,True,True,False,Sahil,Bakı
5669167,1100000,AZN,4,270.0,5,23,True,False,False,Şah İsmayıl Xətai,Bakı
6493527,209000,AZN,2,65.0,7,20,True,False,False,Nəsimi,Bakı
6462079,134300,AZN,2,79.0,2,3,False,True,True,Masazır,Bakı
6472282,495000,AZN,3,136.6,9,16,True,False,False,Koroğlu,Bakı
6489014,148000,AZN,3,65.0,3,5,True,False,False,Həzi Aslanov,Bakı
6006653,185000,AZN,3,80.0,11,15,True,False,False,Yeni Günəşli,Bakı
6493523,340000,AZN,3,101.0,18,21,True,False,False,28 May,Bakı
6472655,405000,AZN,3,146.4,6,16,False,False,False,Koroğlu,Bakı
6493481,110000,AZN,1,40.1,1,9,False,True,False,Nardaran,Bakı
6329798,147000,AZN,2,55.0,5,5,True,True,True,Neftçilər,Bakı
6485227,414000,AZN,3,145.4,12,17,False,False,False,Koroğlu,Bakı
5990771,1480000,AZN,4,230.0,12,15,True,False,False,Bayıl,Bakı
6434081,650000,AZN,3,120.0,2,7,True,True,True,Şah İsmayıl Xətai,Bakı
6303330,235000,AZN,2,79.0,11,16,True,False,False,Qara Qarayev,Bakı
5806622,430000,AZN,3,105.0,9,10,True,True,False,İçəri Şəhər,Bakı
6493517,335000,AZN,4,110.0,4,5,True,False,False,28 May,Bakı
6185086,76000,AZN,1,57.0,9,18,False,False,False,Lökbatan,Bakı
6493519,159000,AZN,2,55.0,14,14,True,False,False,Xalqlar Dostluğu,Bakı
6005770,89000,AZN,3,97.0,8,9,True,True,True,Ramana,Bakı
6493518,169000,AZN,3,85.0,3,5,True,False,False,Memar Əcəmi,Bakı
6410265,216000,AZN,3,110.0,8,19,True,False,False,Əhmədli,Bakı
6287687,550000,AZN,3,110.0,6,18,False,True,False,28 May,Bakı
6085584,278000,AZN,3,95.0,5,15,True,False,False,Binəqədi,Bakı
6493514,275000,AZN,3,110.0,3,9,True,False,False,Elmlər Akademiyası,Bakı
6476595,625000,AZN,3,171.5,9,17,True,False,False,Koroğlu,Bakı
6298880,944000,AZN,6,511.0,7,18,True,True,True,Nizami,Bakı
6488797,259000,AZN,2,105.0,7,14,True,False,False,8-ci kilometr,Bakı
6472290,429000,AZN,3,135.0,3,16,True,False,False,Qara Qarayev,Bakı
6473935,143000,AZN,3,44.0,2,5,True,False,False,Memar Əcəmi,Bakı
6493154,210000,AZN,2,65.0,14,16,True,False,False,Əhmədli,Bakı
6098441,355000,AZN,2,85.0,14,18,True,True,False,Elmlər Akademiyası,Bakı
6493511,129500,AZN,2,36.0,2,5,True,False,False,Memar Əcəmi,Bakı
6493510,320000,AZN,3,122.0,6,17,True,False,False,Əhmədli,Bakı
6245940,88000,AZN,2,60.0,1,6,True,False,False,Masazır,Bakı
6452120,249000,AZN,3,85.0,4,5,True,False,False,8-ci mikrorayon,Bakı
6224992,305000,AZN,2,70.0,4,17,True,False,False,Elmlər Akademiyası,Bakı
6193491,1320000,AZN,4,220.0,4,20,False,True,False,Ağ şəhər,Bakı
6493507,214000,AZN,3,94.0,2,20,True,False,False,Həzi Aslanov,Bakı
6493508,232000,AZN,3,105.0,17,21,False,False,False,Həzi Aslanov,Bakı
6399404,229000,AZN,4,88.7,2,9,True,True,True,Əhmədli,Bakı
6394585,218000,AZN,3,85.0,12,17,True,False,False,Həzi Aslanov,Bakı
6483257,365000,AZN,3,138.0,6,10,True,False,False,8-ci mikrorayon,Bakı
5947195,550000,AZN,4,185.0,11,18,False,True,False,İçəri Şəhər,Bakı
6346763,1065000,AZN,4,176.8,7,8,False,False,False,Ağ şəhər,Bakı
6055683,181000,AZN,2,65.0,2,9,True,False,False,8-ci mikrorayon,Bakı
6424142,145000,AZN,2,46.0,6,9,True,False,False,Gənclik,Bakı
6493506,140000,AZN,2,48.0,4,9,True,False,False,Gənclik,Bakı
6404484,229000,AZN,2,68.0,6,18,True,False,False,Şah İsmayıl Xətai,Bakı
6222405,140415,AZN,2,85.1,3,9,False,True,True,,Qusar
5771413,648000,AZN,4,240.0,5,18,False,True,False,Yasamal,Bakı
6441575,305000,AZN,4,105.0,6,8,True,True,False,Nəsimi,Bakı
6491239,165000,AZN,3,80.0,1,9,True,False,False,Köhnə Günəşli,Bakı
6493505,350000,AZN,3,142.0,3,16,True,False,False,8-ci mikrorayon,Bakı
5771262,694000,AZN,4,248.0,8,18,False,True,False,Yasamal,Bakı
6222524,140850,AZN,2,93.9,2,9,False,True,True,,Qusar
5947580,651000,AZN,4,217.0,14,18,False,True,False,Yasamal,Bakı
6493504,170000,AZN,2,60.0,12,16,True,False,False,İnşaatçılar,Bakı
6493500,685000,AZN,4,194.0,18,20,True,False,False,28 May,Bakı
6283307,165000,AZN,2,72.0,16,17,True,False,False,Həzi Aslanov,Bakı
6222726,146400,AZN,1,97.6,2,8,False,True,True,,Qusar
5771825,450000,AZN,3,172.0,5,18,False,True,False,Yasamal,Bakı
5458674,440000,AZN,5,200.0,15,16,False,False,False,Elmlər Akademiyası,Bakı
6493501,218000,AZN,3,68.0,4,17,True,False,False,Dərnəgül,Bakı
6249644,90000,AZN,2,65.0,14,17,True,False,False,,Xırdalan
6221698,785000,AZN,4,185.0,4,17,True,True,True,Elmlər Akademiyası,Bakı
6335982,255000,AZN,3,104.0,4,17,True,False,False,Həzi Aslanov,Bakı
5725668,344400,AZN,3,123.0,5,18,False,True,False,Yasamal,Bakı
6221562,97850,AZN,1,51.5,8,8,False,True,True,,Qusar
5748512,351000,AZN,3,119.0,12,18,False,True,False,Yasamal,Bakı
5947712,356500,AZN,3,115.0,14,18,False,True,False,Yasamal,Bakı
6493497,113000,AZN,1,45.0,8,9,True,False,False,Köhnə Günəşli,Bakı
6444550,255000,AZN,2,65.0,8,16,True,False,False,Dərnəgül,Bakı
5725460,302100,AZN,2,106.0,7,18,False,True,False,Yasamal,Bakı
6426283,273000,AZN,3,102.0,15,17,True,False,False,İnşaatçılar,Bakı
6221986,102920,AZN,1,66.4,2,8,False,True,True,,Qusar
6484167,239000,AZN,3,116.0,16,18,True,False,False,Həzi Aslanov,Bakı
4781046,220000,AZN,3,90.0,1,9,True,False,False,Azadlıq Prospekti,Bakı
6321635,387000,AZN,2,85.0,9,16,True,True,True,Şah İsmayıl Xətai,Bakı
6485332,208000,AZN,3,75.0,4,5,True,False,False,Gənclik,Bakı
5947489,329600,AZN,2,103.0,14,18,False,True,False,Yasamal,Bakı
6472394,250000,AZN,4,100.0,5,5,True,False,False,Yasamal,Bakı
6358983,385000,AZN,3,86.0,19,20,True,True,True,Nəsimi,Bakı
6493450,229000,AZN,5,85.0,1,9,True,True,False,Əhmədli,Bakı
6478198,150000,AZN,2,55.0,1,5,True,False,False,Neftçilər,Bakı
6456815,164200,AZN,2,61.0,5,16,False,True,True,Yeni Yasamal,Bakı
6412492,258000,AZN,3,116.0,15,20,True,True,True,İnşaatçılar,Bakı
6245152,210000,AZN,2,85.0,8,17,True,False,False,Memar Əcəmi,Bakı
6136832,304999,AZN,4,128.0,19,20,True,False,False,Neftçilər,Bakı
5947784,222000,AZN,3,81.0,4,16,True,False,False,Əhmədli,Bakı
6222852,275000,AZN,3,75.0,15,17,True,False,False,Nəsimi,Bakı
6493494,205000,AZN,2,65.0,10,20,True,False,False,Nəsimi,Bakı
6283108,350000,AZN,3,145.0,10,18,True,True,False,20 Yanvar,Bakı
6487534,139000,AZN,2,76.0,1,5,True,False,False,Memar Əcəmi,Bakı
6407285,115000,AZN,1,35.0,5,5,True,False,False,Elmlər Akademiyası,Bakı
6461529,214320,AZN,2,82.0,2,16,True,True,True,Yeni Yasamal,Bakı
6430327,288000,AZN,3,110.0,7,20,True,True,True,Əhmədli,Bakı
6435927,225000,AZN,3,85.0,4,9,True,False,False,Memar Əcəmi,Bakı
5639851,380000,AZN,3,137.0,6,16,True,False,False,Nəsimi,Bakı
6297413,229000,AZN,4,115.0,9,9,True,False,False,Azadlıq Prospekti,Bakı
6379229,265000,AZN,2,75.0,16,20,True,True,False,20 Yanvar,Bakı
6465606,246774,AZN,2,84.0,8,16,True,True,True,Yeni Yasamal,Bakı
6355221,410000,AZN,4,125.0,10,17,True,False,False,Nəriman Nərimanov,Bakı
6493484,218000,AZN,3,70.0,2,5,True,False,False,İnşaatçılar,Bakı
6281746,150000,AZN,1,45.0,3,9,True,False,False,Gənclik,Bakı
6385134,130000,AZN,3,86.0,11,11,True,True,False,Abşeron,Xırdalan
6457520,395000,AZN,3,105.0,18,19,True,False,False,Nəriman Nərimanov,Bakı
6468105,319000,AZN,3,132.0,6,17,True,False,False,Əhmədli,Bakı
6488790,285000,AZN,3,90.0,12,17,True,False,False,Bayıl,Bakı
6266777,335000,AZN,3,96.0,14,18,False,False,False,Şah İsmayıl Xətai,Bakı
6136263,195000,AZN,2,55.0,10,18,True,False,False,Xətai,Bakı
6089301,319999,AZN,3,127.0,9,16,False,False,False,Qara Qarayev,Bakı
5909236,234999,AZN,3,90.0,4,19,True,False,False,Həzi Aslanov,Bakı
6488332,185000,AZN,3,74.0,5,5,True,False,False,İnşaatçılar,Bakı
6483090,215000,AZN,2,60.0,8,16,True,False,False,Elmlər Akademiyası,Bakı
6493486,155000,AZN,2,50.0,4,5,True,False,False,Nərimanov,Bakı
6004391,248999,AZN,2,105.0,3,16,True,False,False,Qara Qarayev,Bakı
6487476,395000,AZN,3,105.0,18,19,True,True,False,Nəriman Nərimanov,Bakı
6455316,267780,AZN,2,90.0,3,16,True,True,True,Yeni Yasamal,Bakı
6488241,117500,AZN,1,32.0,5,5,True,False,False,İnşaatçılar,Bakı
5729319,179000,AZN,3,136.0,7,16,False,False,False,Xətai,Bakı
6483321,190000,AZN,2,60.0,9,14,True,False,False,Yasamal,Bakı
6239038,354999,AZN,4,115.0,10,16,True,False,False,Neftçilər,Bakı
6493483,155000,AZN,2,68.0,15,20,True,False,False,İnşaatçılar,Bakı
5777969,338000,AZN,4,155.0,6,19,True,False,False,Həzi Aslanov,Bakı
6488706,198000,AZN,2,78.0,4,17,True,False,False,Bayıl,Bakı
6493351,177000,AZN,3,114.0,1,5,True,False,False,Masazır,Bakı
6398374,540000,AZN,4,190.0,10,16,True,False,False,Elmlər Akademiyası,Bakı
6193065,244999,AZN,2,90.0,12,16,True,False,False,Qara Qarayev,Bakı
6488647,184000,AZN,2,75.0,15,17,True,False,False,Bayıl,Bakı
6493479,175000,AZN,2,89.0,5,16,False,False,False,Yeni Günəşli,Bakı
5891655,251999,AZN,2,115.0,3,16,True,False,False,Neftçilər,Bakı
6493475,240000,AZN,3,70.0,12,17,True,False,False,Qara Qarayev,Bakı
6448882,315000,AZN,2,74.0,2,5,True,True,True,Sea Breeze,Bakı
6485780,176000,AZN,2,60.0,12,19,True,True,False,Xətai,Bakı
6448840,375000,AZN,2,74.0,4,5,True,True,True,Sea Breeze,Bakı
6448858,229500,AZN,1,57.0,6,7,True,True,True,Sea Breeze,Bakı
6242372,125000,AZN,1,37.0,3,5,True,False,False,Qara Qarayev,Bakı
6444611,214999,AZN,3,49.0,4,7,True,True,False,Nizami,Bakı
6493474,205000,AZN,3,85.0,3,9,True,False,False,Əhmədli,Bakı
6414946,415000,AZN,3,148.9,13,25,True,True,False,Yasamal,Bakı
6402399,106000,AZN,4,76.0,3,5,True,False,False,Abşeron,Xırdalan
6493476,330000,AZN,2,112.0,8,16,True,False,False,28 May,Bakı
6480646,90000,AZN,2,51.0,4,4,True,False,False,,Xırdalan
6475352,148000,AZN,2,55.0,2,5,True,False,False,İnşaatçılar,Bakı
6287559,218000,AZN,3,80.0,2,9,True,True,False,Memar Əcəmi,Bakı
5610325,230000,AZN,3,103.0,16,17,True,False,False,Həzi Aslanov,Bakı
6486151,204000,AZN,2,82.0,10,18,False,True,False,Həzi Aslanov,Bakı
6415870,146000,AZN,2,43.0,6,9,True,True,False,Nərimanov,Bakı
6443615,88000,AZN,2,52.0,3,5,True,False,False,,Xırdalan
6481876,210000,AZN,2,70.0,14,15,True,True,False,Həzi Aslanov,Bakı
6493471,113000,AZN,2,52.0,10,15,True,False,False,Abşeron,Xırdalan
6425904,255000,AZN,2,81.0,9,15,True,False,False,8 Noyabr,Bakı
6486106,86000,AZN,2,54.0,5,6,True,False,False,Abşeron,Xırdalan
6493457,149000,AZN,3,80.0,9,9,True,False,False,Yeni Günəşli,Bakı
6486243,96000,AZN,3,90.0,1,2,True,False,False,,Xırdalan
6466701,145500,AZN,2,65.0,5,9,True,False,False,Həzi Aslanov,Bakı
6300206,465000,AZN,3,146.0,10,17,False,False,False,Nəriman Nərimanov,Bakı
6172131,338000,AZN,3,135.0,16,17,True,True,False,İnşaatçılar,Bakı
6464737,530000,AZN,3,150.0,8,16,True,True,False,28 May,Bakı
6463274,170000,AZN,2,55.0,18,19,True,False,False,Həzi Aslanov,Bakı
6488441,57000,AZN,2,40.0,1,8,False,False,False,,Xırdalan
6431218,180000,AZN,3,90.0,5,5,True,False,False,Neftçilər,Bakı
6094565,314000,AZN,2,86.0,5,16,False,False,False,Nəriman Nərimanov,Bakı
6454273,73000,AZN,2,80.2,18,18,False,True,True,Yasamal,Bakı
6488561,67000,AZN,2,45.0,4,4,True,False,False,,Xırdalan
6469302,305000,AZN,3,70.0,8,17,True,False,False,28 May,Bakı
6493466,880000,AZN,4,220.0,6,13,False,False,False,Nizami,Bakı
6094595,329000,AZN,2,90.5,6,16,False,False,False,Nəriman Nərimanov,Bakı
6493464,172000,AZN,3,80.0,9,9,True,False,False,Həzi Aslanov,Bakı
6451542,135000,AZN,3,86.0,13,16,True,False,False,Abşeron,Xırdalan
6411656,300000,AZN,2,88.0,11,18,True,False,False,Nəriman Nərimanov,Bakı
6493461,290000,AZN,3,80.0,3,9,True,False,False,Nəriman Nərimanov,Bakı
6237525,493000,AZN,3,148.0,21,27,True,False,False,8 Noyabr,Bakı
6249730,534000,AZN,4,167.0,10,17,False,False,False,Nəsimi,Bakı
6431530,220000,AZN,2,65.0,6,14,True,False,False,Nəriman Nərimanov,Bakı
6451599,345000,AZN,3,90.0,5,16,True,False,False,28 May,Bakı
6456906,410000,AZN,3,143.0,5,16,True,True,True,Nəsimi,Bakı
6493454,229000,AZN,3,100.0,10,15,True,False,False,Həzi Aslanov,Bakı
6493456,191000,AZN,3,73.0,16,17,True,False,False,Yasamal,Bakı
6451665,180000,AZN,2,50.0,2,5,True,False,False,Nəriman Nərimanov,Bakı
6474639,220000,AZN,5,157.0,4,9,True,False,False,Hövsan,Bakı
6493453,119000,AZN,2,58.0,11,12,True,False,False,Abşeron,Xırdalan
6341861,131000,AZN,2,60.0,3,9,True,True,True,Bakıxanov,Bakı
6466901,379000,AZN,3,100.0,13,16,True,True,False,Nəriman Nərimanov,Bakı
6447164,430000,AZN,3,159.0,3,20,True,True,False,Nəriman Nərimanov,Bakı
6480551,165000,AZN,4,99.0,2,9,True,False,False,Hövsan,Bakı
6422078,395000,AZN,3,146.0,5,20,True,True,False,Nəriman Nərimanov,Bakı
6173653,228000,AZN,3,105.0,16,17,True,False,False,Həzi Aslanov,Bakı
6493452,280000,AZN,3,120.0,9,17,True,False,False,Həzi Aslanov,Bakı
6479615,163000,AZN,3,55.0,3,9,True,False,False,Bakıxanov,Bakı
6346006,410000,AZN,4,180.0,12,16,True,False,False,Həzi Aslanov,Bakı
6485240,320000,AZN,3,107.0,10,11,True,False,False,Qara Qarayev,Bakı
6493448,210000,AZN,2,67.0,9,18,True,False,False,8 Noyabr,Bakı
6097069,233000,AZN,3,109.0,14,17,True,True,False,Səbail,Bakı
6400233,122000,AZN,3,65.0,6,7,True,False,False,Hövsan,Bakı
6493445,187000,AZN,2,52.0,10,18,True,False,False,Nəsimi,Bakı
6470025,155000,AZN,3,129.0,7,16,False,True,True,Lökbatan,Bakı
6316749,188000,AZN,3,60.0,1,5,True,True,True,Memar Əcəmi,Bakı
6408921,240000,AZN,3,83.0,16,16,False,False,False,Yasamal,Bakı
6091124,510000,AZN,4,207.0,16,19,True,True,False,Xətai,Bakı
6485252,475000,AZN,3,157.0,13,24,True,True,False,Şah İsmayıl Xətai,Bakı
6493443,244000,AZN,2,63.0,5,17,True,False,False,8 Noyabr,Bakı
6430951,305000,AZN,3,125.0,11,12,True,False,False,Həzi Aslanov,Bakı
6475370,290000,AZN,3,175.0,19,19,True,False,False,Nəsimi,Bakı
6448815,210000,AZN,1,60.0,3,6,True,True,True,Nardaran,Bakı
6493438,345000,AZN,3,121.0,3,17,True,False,False,İnşaatçılar,Bakı
6493436,235000,AZN,2,61.0,13,19,True,False,False,8 Noyabr,Bakı
6493437,154000,AZN,2,50.0,1,5,True,False,False,Memar Əcəmi,Bakı
6208406,278000,AZN,3,125.4,4,5,False,True,True,Şıxov,Bakı
6235882,165000,AZN,3,80.0,3,5,True,False,False,Avtovağzal,Bakı
6493435,189772,AZN,2,99.9,4,14,False,False,False,,Gəncə
6277467,252000,AZN,2,76.0,12,16,True,False,False,Neftçilər,Bakı
6113495,430000,AZN,3,135.0,15,17,False,True,False,Gənclik,Bakı
6493432,232000,AZN,3,105.0,17,21,False,False,False,Həzi Aslanov,Bakı
5690431,387000,AZN,3,100.0,13,20,True,False,False,Nəsimi,Bakı
6447665,255000,AZN,4,110.0,1,9,True,False,False,Azadlıq Prospekti,Bakı
6368774,232000,AZN,3,104.0,17,20,False,False,False,Həzi Aslanov,Bakı
6168763,229000,AZN,3,98.3,5,16,True,False,False,Günəşli,Bakı
6493431,279000,AZN,3,79.0,6,16,True,False,False,Yasamal,Bakı
5935537,225000,AZN,2,60.0,13,18,True,False,False,Koroğlu,Bakı
6493430,179000,AZN,2,73.0,12,15,True,False,False,Xətai,Bakı
6097835,293900,AZN,3,48.0,3,3,True,True,True,Sahil,Bakı
6493427,185000,AZN,3,80.0,4,7,True,False,False,,Gəncə
6420707,472000,AZN,3,134.8,9,18,False,False,False,Elmlər Akademiyası,Bakı
6132576,580000,AZN,4,202.0,14,16,True,False,False,Elmlər Akademiyası,Bakı
6410313,285000,AZN,3,91.0,5,15,True,False,False,Həzi Aslanov,Bakı
6429674,265000,AZN,3,106.0,8,16,True,True,False,Həzi Aslanov,Bakı
6419384,917600,AZN,4,248.0,13,18,False,True,True,Nəsimi,Bakı
6468030,179000,AZN,2,50.0,6,20,True,False,False,20 Yanvar,Bakı
6236793,156000,AZN,2,62.0,5,6,True,False,False,Köhnə Günəşli,Bakı
5874999,280000,AZN,2,85.0,8,17,True,False,False,Nəriman Nərimanov,Bakı
6165004,248000,AZN,3,115.0,4,15,True,False,False,Əhmədli,Bakı
6288542,465000,AZN,4,180.0,14,18,True,True,False,Elmlər Akademiyası,Bakı
6470786,180000,AZN,3,85.0,6,9,True,True,False,Həzi Aslanov,Bakı
6493421,200000,AZN,3,75.0,5,9,True,False,False,Yeni Günəşli,Bakı
6413357,160000,AZN,3,64.0,3,6,True,False,False,Həzi Aslanov,Bakı
6489072,199000,AZN,3,88.0,14,14,True,False,False,Həzi Aslanov,Bakı
6493423,395000,AZN,3,141.0,13,19,False,False,False,28 May,Bakı
6293559,300000,AZN,3,70.0,3,5,True,False,False,Sahil,Bakı
6201180,210000,AZN,4,90.0,5,5,True,False,False,Nəsimi,Bakı
5508932,597000,AZN,3,125.0,8,17,True,False,False,Nəriman Nərimanov,Bakı
6423395,420000,AZN,3,162.0,7,10,True,True,False,8 Noyabr,Bakı
6238329,160000,AZN,2,65.0,2,9,True,False,False,Həzi Aslanov,Bakı
6405232,188000,AZN,2,51.0,12,16,True,False,False,İnşaatçılar,Bakı
6265455,220000,AZN,2,79.0,14,17,False,False,False,28 May,Bakı
6375872,357000,AZN,3,140.0,12,16,True,False,False,Həzi Aslanov,Bakı
6432289,440000,AZN,4,185.0,9,16,True,True,False,Elmlər Akademiyası,Bakı
6335996,185000,AZN,2,52.0,11,16,True,False,False,İnşaatçılar,Bakı
6256738,79000,AZN,2,50.0,2,8,True,False,False,Masazır,Bakı
6463968,215000,AZN,3,90.0,10,16,True,False,False,Əhmədli,Bakı
6487648,189000,AZN,2,75.0,12,16,True,True,False,Həzi Aslanov,Bakı
6407760,305000,AZN,3,148.0,3,18,False,False,False,Azadlıq Prospekti,Bakı
6318892,115000,AZN,2,40.0,1,5,True,False,False,Elmlər Akademiyası,Bakı
5648975,125000,AZN,2,80.0,17,17,True,False,False,Əhmədli,Bakı
6493418,155000,AZN,2,65.0,7,18,True,False,False,Əhmədli,Bakı
6194521,820000,AZN,4,250.0,5,16,True,False,False,28 May,Bakı
6450139,320000,AZN,3,112.0,13,18,True,True,False,Şah İsmayıl Xətai,Bakı
6493416,470000,AZN,3,127.0,12,17,False,False,False,Nəriman Nərimanov,Bakı
6493414,155000,AZN,2,68.0,15,19,True,False,False,Yeni Yasamal,Bakı
6127418,850000,AZN,4,200.0,7,20,True,True,False,Şah İsmayıl Xətai,Bakı
6429077,112500,AZN,2,56.0,12,13,True,False,False,Abşeron,Xırdalan
6075834,245000,AZN,2,65.0,16,18,True,False,False,İçəri Şəhər,Bakı
6339104,868000,AZN,3,140.0,5,8,False,False,False,Ağ şəhər,Bakı
6156777,200000,AZN,2,60.0,2,3,True,False,False,İçəri Şəhər,Bakı
6493409,135000,AZN,2,39.0,2,5,True,False,False,Memar Əcəmi,Bakı
6274720,410000,AZN,3,126.0,14,20,True,False,False,Şah İsmayıl Xətai,Bakı
4716912,550000,AZN,6,320.0,12,17,True,False,False,Xalqlar Dostluğu,Bakı
6468589,364000,AZN,3,135.0,12,16,True,False,False,Nəsimi,Bakı
6493405,225000,AZN,3,100.0,4,5,True,False,False,Gənclik,Bakı
6466414,184000,AZN,3,83.7,2,5,True,True,False,Qaraçuxur,Bakı
6409075,225000,AZN,3,82.0,11,16,True,True,False,Neftçilər,Bakı
6466160,109000,AZN,2,63.7,4,5,False,True,False,Qaraçuxur,Bakı
6493403,169000,AZN,3,80.0,1,9,True,False,False,Xalqlar Dostluğu,Bakı
6392143,250000,AZN,3,85.0,12,15,True,False,False,Memar Əcəmi,Bakı
6487372,175000,AZN,3,80.0,8,9,True,True,True,Qara Qarayev,Bakı
6445880,395000,AZN,3,122.0,10,18,True,True,False,Gənclik,Bakı
6493399,335000,AZN,3,127.0,17,17,True,False,False,İnşaatçılar,Bakı
6484405,228000,AZN,2,66.0,2,12,False,False,False,Nəsimi,Bakı
6466460,140000,AZN,2,63.7,3,5,True,True,False,Qaraçuxur,Bakı
6387453,157000,AZN,2,55.0,4,5,True,True,True,20 Yanvar,Bakı
6493392,290000,AZN,3,80.0,6,9,True,False,False,Səbail,Bakı
6493397,285000,AZN,3,120.0,12,13,True,False,False,Yeni Yasamal,Bakı
6493396,430000,AZN,4,125.0,13,14,True,False,False,8 Noyabr,Bakı
6493393,230000,AZN,2,62.0,3,4,True,False,False,Nəsimi,Bakı
6493394,233285,AZN,2,126.1,4,14,False,False,False,,Gəncə
6471829,870000,AZN,4,200.0,2,4,True,False,False,Sahil,Bakı
6480596,143000,AZN,3,75.0,8,9,True,True,False,,Sumqayıt
6493390,172000,AZN,2,65.0,3,5,True,False,False,Qara Qarayev,Bakı
6026271,330000,AZN,3,98.0,18,20,True,True,False,8-ci mikrorayon,Bakı
4962060,360000,AZN,3,120.0,18,18,False,False,False,Şah İsmayıl Xətai,Bakı
6178877,88000,AZN,1,35.3,7,16,False,True,False,Sea Breeze,Bakı
6378975,145000,AZN,3,75.0,3,9,True,False,False,Xətai,Bakı
6478397,378000,AZN,3,93.0,13,17,True,False,False,Şah İsmayıl Xətai,Bakı
6493384,198000,AZN,2,55.0,6,16,True,False,False,Yasamal,Bakı
6492777,125000,AZN,2,68.4,4,4,True,True,False,Qaraçuxur,Bakı
6474295,345000,AZN,3,148.0,10,17,True,True,False,Həzi Aslanov,Bakı
6476468,157000,AZN,3,62.0,16,19,True,True,False,Həzi Aslanov,Bakı
6493381,155000,AZN,3,85.0,9,9,True,False,False,Həzi Aslanov,Bakı
6493382,164000,AZN,3,70.0,5,5,True,False,False,Memar Əcəmi,Bakı
5963655,610000,AZN,4,192.8,9,20,True,False,False,Nərimanov,Bakı
6487365,132999,AZN,2,45.0,4,9,True,True,False,Həzi Aslanov,Bakı
6471175,413000,AZN,4,153.0,2,17,False,False,False,Nəsimi,Bakı
6471591,168000,AZN,2,60.0,4,9,True,False,False,9-cu mikrorayon,Bakı
6364486,480000,AZN,3,150.0,10,16,True,True,False,Nərimanov,Bakı
6473673,235000,AZN,4,120.0,3,9,True,True,True,20 Yanvar,Bakı
6493377,780000,AZN,4,186.0,9,15,True,False,False,28 May,Bakı
6461655,336700,AZN,2,91.0,5,20,False,False,False,Nəriman Nərimanov,Bakı
6493376,159000,AZN,2,50.0,14,14,True,False,False,8-ci kilometr,Bakı
6452406,259999,AZN,3,80.0,5,5,True,False,False,28 May,Bakı
6043264,300000,AZN,3,133.0,9,17,True,False,False,20 Yanvar,Bakı
6450396,250000,AZN,3,110.0,15,17,True,False,False,Xətai,Bakı
6477819,199000,AZN,2,95.0,9,14,True,True,False,,Sumqayıt
5249066,198000,AZN,3,80.0,5,16,True,True,False,Həzi Aslanov,Bakı
6021608,230000,AZN,2,82.0,10,16,True,False,False,Əhmədli,Bakı
6428398,112000,AZN,2,60.0,2,9,True,False,False,Nərimanov,Bakı
5974453,405000,AZN,3,151.0,12,17,True,False,False,8 Noyabr,Bakı
6190790,350000,AZN,3,100.0,7,15,True,False,False,20 Yanvar,Bakı
6490428,322000,AZN,2,100.0,14,27,True,True,False,Yasamal,Bakı
6431399,260000,AZN,3,78.0,5,5,True,False,False,28 May,Bakı
6493371,777000,AZN,4,229.0,14,16,False,False,False,Nizami,Bakı
6488938,135000,AZN,2,40.0,4,9,True,False,False,Həzi Aslanov,Bakı
6493366,830000,AZN,4,247.0,8,14,False,False,False,Nizami,Bakı
6437297,270000,AZN,3,90.0,14,20,True,True,True,Şah İsmayıl Xətai,Bakı
6493364,105000,AZN,2,60.0,3,5,True,False,False,,Xırdalan
6162381,602000,AZN,3,140.0,2,7,False,False,False,Ağ şəhər,Bakı
6452438,173000,AZN,2,60.0,3,5,True,False,False,Gənclik,Bakı
6347234,348000,AZN,3,140.0,11,16,True,True,False,28 May,Bakı
6463831,81000,AZN,2,45.0,10,11,True,False,False,,Xırdalan
6493358,155000,AZN,2,45.0,8,10,True,False,False,Gənclik,Bakı
6384495,139000,AZN,2,40.0,4,17,True,True,False,Qara Qarayev,Bakı
6385807,538000,AZN,4,148.0,5,15,True,False,False,Nəriman Nərimanov,Bakı
6473254,159000,AZN,2,60.0,4,16,True,True,True,Yeni Günəşli,Bakı
6271359,195000,AZN,3,75.0,13,17,True,False,False,8-ci mikrorayon,Bakı
6431951,239000,AZN,2,95.0,4,20,True,False,False,Həzi Aslanov,Bakı
6458146,230000,AZN,3,90.0,2,9,True,False,False,Nəsimi,Bakı
6443950,399000,AZN,2,90.0,3,17,True,False,False,Elmlər Akademiyası,Bakı
6326921,215000,AZN,3,96.0,1,20,True,False,False,Əhmədli,Bakı
6493298,650000,AZN,6,200.0,3,4,True,False,False,Sahil,Bakı
6391061,465000,AZN,4,135.0,16,17,True,False,False,Nəsimi,Bakı
5858342,99000,AZN,2,83.0,9,16,False,False,False,Lökbatan,Bakı
6429497,235000,AZN,2,65.0,3,6,True,False,False,Elmlər Akademiyası,Bakı
6052652,255000,AZN,2,75.0,7,12,True,False,False,Bakıxanov,Bakı
6198486,210000,AZN,4,80.0,5,5,True,True,False,Nərimanov,Bakı
6493349,220000,AZN,4,105.0,4,5,True,False,False,Əhmədli,Bakı
6467029,79500,AZN,1,30.0,4,4,True,True,True,Buzovna,Bakı
6482021,275000,AZN,3,90.0,4,5,True,True,False,Nəriman Nərimanov,Bakı
6038298,320000,AZN,3,126.0,7,17,True,False,False,20 Yanvar,Bakı
6413848,333000,AZN,3,115.0,4,20,True,False,False,20 Yanvar,Bakı
6388758,225000,AZN,2,80.0,7,16,True,False,False,Memar Əcəmi,Bakı
6061576,365000,AZN,3,140.0,10,14,True,False,False,Xalqlar Dostluğu,Bakı
6481653,167000,AZN,3,60.0,8,11,True,False,False,Yeni Yasamal,Bakı
6452988,219000,AZN,3,95.0,8,18,True,False,False,Həzi Aslanov,Bakı
6462860,125000,AZN,2,64.0,7,17,True,False,False,,Xırdalan
6493344,225000,AZN,2,55.0,8,17,True,False,False,Dərnəgül,Bakı
6391604,345000,AZN,5,130.0,7,9,True,False,False,Azadlıq Prospekti,Bakı
6274290,950000,AZN,3,232.0,19,20,True,False,False,Elmlər Akademiyası,Bakı
5825941,279000,AZN,2,77.0,15,18,True,True,True,Bayıl,Bakı
6273356,950000,AZN,3,232.0,18,20,True,False,False,Elmlər Akademiyası,Bakı
6469663,260000,AZN,3,74.0,11,15,True,False,False,Gənclik,Bakı
6437488,120000,AZN,2,47.0,6,9,True,False,False,8-ci kilometr,Bakı
6143889,226000,AZN,3,88.0,8,17,False,False,False,Nərimanov,Bakı
6481456,173500,AZN,4,100.0,1,9,True,True,True,Əhmədli,Bakı
6283577,230000,AZN,2,55.0,10,13,True,True,False,Şah İsmayıl Xətai,Bakı
6493337,160000,AZN,2,65.0,19,20,True,False,False,Əhmədli,Bakı
6325164,469000,AZN,3,134.0,8,18,False,False,False,Yasamal,Bakı
6392222,233000,AZN,2,60.0,3,6,True,True,True,Elmlər Akademiyası,Bakı
6493333,209500,AZN,2,58.27,6,16,True,False,False,Elmlər Akademiyası,Bakı
6380201,235000,AZN,2,75.0,14,19,True,False,False,8 Noyabr,Bakı
6493335,124110,AZN,1,69.0,2,13,False,False,False,,Gəncə
6455993,259000,AZN,3,100.0,17,19,True,False,False,Nəsimi,Bakı
6493332,270000,AZN,2,75.7,9,20,True,False,False,Nəriman Nərimanov,Bakı
6493328,225000,AZN,3,88.0,4,16,True,False,False,Xalqlar Dostluğu,Bakı
6493329,115000,AZN,2,55.0,1,4,True,False,False,Həzi Aslanov,Bakı
6428728,300000,AZN,3,96.0,15,17,True,True,True,20 Yanvar,Bakı
6493326,255000,AZN,4,95.0,11,16,True,False,False,Həzi Aslanov,Bakı
6493327,149000,AZN,2,40.0,3,5,True,False,False,Neftçilər,Bakı
6279881,130000,AZN,3,75.0,2,5,True,False,False,Binə,Bakı
6242969,720000,AZN,3,141.0,3,6,True,False,False,Ağ şəhər,Bakı
6493323,153000,AZN,3,92.0,1,9,True,False,False,Masazır,Bakı
6469992,343000,AZN,3,126.0,2,16,True,True,False,Badamdar,Bakı
6430017,156500,AZN,2,65.0,12,14,True,True,True,Xalqlar Dostluğu,Bakı
6484760,368000,AZN,4,181.2,5,16,False,False,False,Nəriman Nərimanov,Bakı
6351359,130000,AZN,2,55.0,5,5,,False,False,Memar Əcəmi,Bakı
6177651,345000,AZN,2,68.0,4,17,True,False,False,Elmlər Akademiyası,Bakı
6480699,136000,AZN,2,40.0,5,5,True,False,False,İçəri Şəhər,Bakı
6493321,148000,AZN,3,55.0,3,5,True,False,False,Həzi Aslanov,Bakı
6493320,220000,AZN,3,73.0,9,11,True,False,False,7-ci mikrorayon,Bakı
6460654,313000,AZN,3,131.0,10,17,True,True,True,Nəsimi,Bakı
6446266,235000,AZN,3,63.0,3,16,True,True,False,Nəsimi,Bakı
6480773,163000,AZN,3,60.0,3,4,True,False,False,Gənclik,Bakı
6493318,279000,AZN,2,90.0,6,18,True,False,False,Nərimanov,Bakı
6493315,225000,AZN,3,72.0,2,5,True,False,False,Nizami,Bakı
6493313,615000,AZN,5,201.0,8,17,True,False,False,Nərimanov,Bakı
6382437,119900,AZN,3,70.0,1,9,True,False,False,Hövsan,Bakı
6406482,230000,AZN,3,84.4,12,16,True,False,False,Neftçilər,Bakı
6166331,220000,AZN,3,85.0,3,5,True,False,False,Nəsimi,Bakı
6493310,102000,AZN,1,32.0,5,5,True,False,False,Neftçilər,Bakı
6349070,239000,AZN,2,94.0,10,16,True,True,True,20 Yanvar,Bakı
6466770,165000,AZN,2,55.0,4,5,True,False,False,Nəriman Nərimanov,Bakı
6493309,232000,AZN,3,104.2,17,21,False,False,False,Həzi Aslanov,Bakı
6407337,420000,AZN,4,158.0,6,11,True,True,False,İnşaatçılar,Bakı
6411679,330000,AZN,3,130.0,12,14,True,True,False,Badamdar,Bakı
6493308,175000,AZN,3,75.0,8,9,True,False,False,Koroğlu,Bakı
6493307,172000,AZN,2,83.0,14,17,True,False,False,Köhnə Günəşli,Bakı
6493306,148000,AZN,2,40.0,2,17,True,False,False,Qara Qarayev,Bakı
6330852,223958,AZN,1,37.6,5,28,True,True,True,Nardaran,Bakı
6415821,151500,AZN,3,74.0,2,9,True,False,False,Massiv V,Bakı
6493304,145000,AZN,3,50.0,1,9,True,False,False,Əhmədli,Bakı
6426360,280000,AZN,2,69.0,3,5,False,True,True,Sea Breeze,Bakı
6448464,700000,AZN,5,290.0,15,17,True,False,False,İçəri Şəhər,Bakı
4861702,235000,AZN,3,131.0,2,5,False,False,False,Badamdar,Bakı
6493300,160000,AZN,2,49.0,4,16,False,False,False,Qara Qarayev,Bakı
6414857,160000,AZN,2,61.0,13,16,True,True,False,Qara Qarayev,Bakı
6307917,245000,AZN,3,105.0,4,17,True,False,False,Həzi Aslanov,Bakı
6465893,128000,AZN,1,30.0,4,28,True,True,True,Sea Breeze,Bakı
6493297,230000,AZN,3,84.0,2,4,True,False,False,28 May,Bakı
6487338,525000,AZN,3,168.0,11,17,True,True,False,Nəsimi,Bakı
6493299,460000,AZN,3,132.0,11,14,True,False,False,8 Noyabr,Bakı
6372083,258000,AZN,2,86.0,4,12,True,False,False,Elmlər Akademiyası,Bakı
6480494,370000,AZN,3,110.0,11,17,True,True,False,Elmlər Akademiyası,Bakı
6325836,756000,AZN,4,168.0,6,7,False,False,False,Ağ şəhər,Bakı
6232439,289000,AZN,3,115.0,8,20,True,False,False,20 Yanvar,Bakı
6468715,275000,AZN,3,140.0,17,18,False,True,False,8 Noyabr,Bakı
6493296,198000,AZN,2,55.05,13,16,True,False,False,Yasamal,Bakı
6401816,508000,AZN,3,137.0,9,12,True,True,False,Nəriman Nərimanov,Bakı
6226751,399000,AZN,3,140.0,6,20,True,True,False,8 Noyabr,Bakı
6266173,118000,AZN,3,52.0,1,2,True,True,False,20-ci sahə,Bakı
6421122,325000,AZN,2,97.0,4,17,False,False,False,Nəsimi,Bakı
6037374,338000,AZN,3,110.0,9,17,True,False,False,Koroğlu,Bakı
6479711,219000,AZN,3,95.0,8,16,True,True,False,Həzi Aslanov,Bakı
6493285,218000,AZN,3,90.0,10,16,True,True,False,Həzi Aslanov,Bakı
6493287,125000,AZN,2,40.0,3,9,True,False,False,Əhmədli,Bakı
6182300,390000,AZN,3,134.0,2,18,True,False,False,Badamdar,Bakı
6493286,141026,AZN,1,76.2,3,13,False,False,False,,Gəncə
6345593,94000,AZN,1,55.0,10,16,False,True,True,Binəqədi,Bakı
5946618,80500,AZN,2,57.0,5,6,True,True,False,Masazır,Bakı
6407818,375000,AZN,2,105.0,4,16,True,False,False,28 May,Bakı
6493282,308000,AZN,3,94.0,18,19,True,False,False,Qara Qarayev,Bakı
6305573,220000,AZN,3,75.0,7,9,True,True,False,Bakıxanov,Bakı
6467821,282000,AZN,3,140.0,13,17,True,False,False,9-cu mikrorayon,Bakı
6493283,164000,AZN,3,67.0,10,15,True,False,False,İnşaatçılar,Bakı
6217000,339000,AZN,4,185.0,7,7,True,False,False,7-ci mikrorayon,Bakı
6417041,145000,AZN,1,36.0,2,17,True,True,True,Qara Qarayev,Bakı
6492403,120000,AZN,3,66.0,8,9,True,True,True,Masazır,Bakı
6493280,229000,AZN,3,61.0,4,9,True,False,False,Gənclik,Bakı
6222423,313000,AZN,2,98.0,5,17,True,False,False,8 Noyabr,Bakı
6347322,560000,AZN,4,210.0,12,17,True,True,False,Nəsimi,Bakı
6271823,485000,AZN,3,100.0,11,14,True,False,False,Elmlər Akademiyası,Bakı
6477451,118000,AZN,2,63.0,3,9,True,False,False,,Xırdalan
6493279,130000,AZN,2,40.0,2,9,True,False,False,Nəriman Nərimanov,Bakı
6430813,570000,AZN,3,140.0,10,18,True,False,False,28 May,Bakı
6493278,288888,AZN,3,111.0,1,9,True,False,False,Yasamal,Bakı
6427435,430000,AZN,3,136.0,7,17,True,False,False,İnşaatçılar,Bakı
6341781,325000,AZN,2,91.0,5,17,True,False,False,28 May,Bakı
6360827,183000,AZN,2,65.0,4,9,True,True,False,Xalqlar Dostluğu,Bakı
6493271,125000,AZN,3,55.0,2,3,True,False,False,Əmircan,Bakı
5952928,250000,AZN,3,85.0,8,16,True,False,False,Əhmədli,Bakı
6493273,122000,AZN,2,65.0,4,9,True,False,False,,Xırdalan
6045224,350000,AZN,3,120.0,3,17,True,False,False,Şah İsmayıl Xətai,Bakı
6286894,598000,AZN,3,135.0,3,7,False,True,True,Ağ şəhər,Bakı
6454701,580000,AZN,5,190.0,2,3,True,False,False,28 May,Bakı
6325981,555000,AZN,3,108.0,3,7,True,False,False,Ağ şəhər,Bakı
6244754,485000,AZN,3,125.0,14,23,True,False,False,Elmlər Akademiyası,Bakı
6438822,160000,AZN,2,51.0,6,9,True,True,False,Əhmədli,Bakı
5845422,430000,AZN,3,100.0,3,16,False,True,False,Elmlər Akademiyası,Bakı
6301335,660000,AZN,4,250.0,15,21,True,False,False,28 May,Bakı
6375852,219000,AZN,4,194.9,5,14,False,False,False,Abşeron,Sumqayıt
6400574,419000,AZN,3,133.0,5,18,True,False,False,Nizami,Bakı
6406890,123000,AZN,3,77.0,7,8,True,False,False,,Xırdalan
6481266,315000,AZN,4,110.0,4,18,True,True,True,Səbail,Bakı
6409974,468000,AZN,4,170.0,3,17,True,False,False,Nəriman Nərimanov,Bakı
6470041,73000,AZN,2,35.0,5,5,True,False,False,8-ci mikrorayon,Bakı
6311526,109900,AZN,2,54.0,12,16,True,False,False,Həzi Aslanov,Bakı
6467280,145000,AZN,3,67.0,7,9,True,True,True,Hövsan,Bakı
6454387,157000,AZN,3,50.0,2,5,True,False,False,Elmlər Akademiyası,Bakı
6172787,142000,AZN,2,75.0,18,20,True,True,False,Bakıxanov,Bakı
6034487,291312,AZN,2,61.2,25,27,False,True,True,Nardaran,Bakı
6493257,310000,AZN,3,135.0,2,5,True,False,False,Qara Qarayev,Bakı
6492771,218000,AZN,3,90.0,10,16,True,True,True,Həzi Aslanov,Bakı
6491794,420000,AZN,3,120.0,5,16,True,False,False,Nərimanov,Bakı
6469729,125000,AZN,3,55.0,9,9,True,False,False,Koroğlu,Bakı
6461768,218000,AZN,2,56.0,2,17,True,True,False,Nizami,Bakı
6259269,299000,AZN,3,130.0,9,17,True,True,False,20 Yanvar,Bakı
5881771,257000,AZN,2,76.0,6,16,True,True,False,20 Yanvar,Bakı
6480252,136000,AZN,2,35.0,5,5,True,False,False,İçəri Şəhər,Bakı
6216777,145000,AZN,2,50.0,4,16,True,True,False,Avtovağzal,Bakı
6479443,127500,AZN,3,75.0,13,16,True,False,False,,Xırdalan
6481636,212000,AZN,2,67.0,15,19,True,True,False,8 Noyabr,Bakı
6442626,535000,AZN,3,150.0,6,14,True,False,False,Nərimanov,Bakı
6401815,200000,AZN,2,55.0,5,5,True,False,False,Elmlər Akademiyası,Bakı
6479683,280000,AZN,3,123.0,3,15,False,True,False,İnşaatçılar,Bakı
5851921,229500,AZN,3,95.0,8,9,True,True,False,Nəsimi,Bakı
6403356,158000,AZN,3,100.0,6,9,True,False,False,Yasamal,Bakı
5870639,330000,AZN,3,93.0,14,19,True,True,True,İnşaatçılar,Bakı
6493250,275000,AZN,2,50.0,4,7,False,False,False,Ağ şəhər,Bakı
6265546,297000,AZN,3,100.5,5,9,True,True,False,Elmlər Akademiyası,Bakı
6493244,169000,AZN,3,80.0,3,5,True,False,False,Memar Əcəmi,Bakı
6459348,138000,AZN,3,100.0,14,14,True,False,False,Yeni Yasamal,Bakı
6493248,242000,AZN,3,80.0,11,15,True,False,False,Həzi Aslanov,Bakı
6473567,178000,AZN,2,60.0,3,10,True,False,False,Xalqlar Dostluğu,Bakı
3760528,247500,AZN,1,55.0,15,16,True,True,True,Nəsimi,Bakı
6475617,143000,AZN,2,63.0,12,16,True,False,False,,Xırdalan
6409854,475000,AZN,4,172.0,3,14,True,False,False,Nərimanov,Bakı
6493243,220000,AZN,3,90.0,6,9,True,False,False,Memar Əcəmi,Bakı
6414627,84000,AZN,2,77.0,2,5,True,True,False,Masazır,Bakı
6493239,159000,AZN,2,50.0,14,14,True,False,False,Xalqlar Dostluğu,Bakı
5805433,431340,AZN,3,102.7,11,16,True,True,True,Nəsimi,Bakı
6324433,60000,AZN,1,42.0,3,3,True,False,False,Məmmədli,Bakı
6487241,115000,AZN,2,45.0,1,4,True,True,True,Xətai,Bakı
6206479,225000,AZN,3,90.0,5,5,True,False,False,28 May,Bakı
6414652,300000,AZN,3,130.0,11,18,True,True,False,Nəriman Nərimanov,Bakı
6324308,175000,AZN,3,115.0,2,10,True,False,False,Məmmədli,Bakı
6117224,167000,AZN,1,56.0,7,16,True,True,False,Neftçilər,Bakı
6493238,163000,AZN,3,90.0,1,9,True,False,False,Köhnə Günəşli,Bakı
6493235,140000,AZN,2,65.0,8,9,True,False,False,Xətai,Bakı
6451369,175000,AZN,3,80.0,9,9,True,False,False,Həzi Aslanov,Bakı
6281127,122500,AZN,3,95.0,6,14,False,True,False,Abşeron,Sumqayıt
6245558,165000,AZN,3,115.0,8,11,True,False,False,Məmmədli,Bakı
6407366,259000,AZN,3,115.0,6,17,True,True,False,Əhmədli,Bakı
6476879,89934,AZN,2,58.7,3,9,False,False,False,,Sumqayıt
6493233,285000,AZN,3,136.0,16,18,True,False,False,Yeni Yasamal,Bakı
6102920,298000,AZN,4,103.0,4,5,True,True,True,Nəriman Nərimanov,Bakı
6304815,268000,AZN,2,84.0,8,15,True,True,True,Nəriman Nərimanov,Bakı
6493231,192000,AZN,3,80.0,3,5,True,False,False,Qara Qarayev,Bakı
6461851,165000,AZN,3,102.0,8,12,True,True,True,Abşeron,Xırdalan
6491387,197000,AZN,2,55.0,5,18,True,False,False,20 Yanvar,Bakı
6260486,197000,AZN,2,60.0,6,6,True,True,False,28 May,Bakı
6366621,650000,AZN,4,195.0,4,14,False,False,False,Nəsimi,Bakı
6493223,202000,AZN,3,75.0,2,9,True,False,False,Neftçilər,Bakı
6034177,250512,AZN,2,73.7,1,14,False,True,True,Nardaran,Bakı
6434384,160000,AZN,2,47.0,7,12,True,False,False,Bakıxanov,Bakı
6493226,920000,AZN,4,165.0,3,7,True,False,False,Ağ şəhər,Bakı
6480214,240000,AZN,2,65.0,8,9,True,True,False,8 Noyabr,Bakı
6425641,199000,AZN,2,95.0,9,14,True,True,True,,Sumqayıt
6483103,88000,AZN,3,70.0,2,8,True,True,False,Masazır,Bakı
6020278,340000,AZN,3,147.0,12,12,True,False,False,Bakıxanov,Bakı
6323014,132500,AZN,2,77.8,9,16,False,True,True,Lökbatan,Bakı
6088266,230000,AZN,3,85.0,5,9,True,False,False,Nərimanov,Bakı
6493219,129000,AZN,1,45.0,6,9,True,False,False,Azadlıq Prospekti,Bakı
6493214,186000,AZN,3,50.0,3,4,True,False,False,Gənclik,Bakı
6475590,700000,AZN,5,300.0,12,18,True,True,True,İçəri Şəhər,Bakı
6339379,226000,AZN,2,82.0,7,14,True,True,True,Dərnəgül,Bakı
6493213,230000,AZN,3,75.0,6,9,True,False,False,Gənclik,Bakı
6493212,165000,AZN,2,50.0,1,5,True,False,False,Nəriman Nərimanov,Bakı
6377218,130000,AZN,2,45.0,2,9,True,True,False,Xətai,Bakı
6180328,185000,AZN,2,94.0,4,8,True,True,True,Bülbülə,Bakı
6493211,210000,AZN,3,80.0,5,5,True,False,False,Gənclik,Bakı
6493210,385000,AZN,3,110.0,3,5,True,False,False,Şah İsmayıl Xətai,Bakı
6493209,245000,AZN,3,85.0,3,16,True,False,False,Həzi Aslanov,Bakı
6493205,150000,AZN,3,88.0,3,4,True,False,False,,Sumqayıt
6491513,220000,AZN,3,80.0,4,5,True,False,False,Elmlər Akademiyası,Bakı
6154503,330000,AZN,4,180.0,19,20,True,False,False,İnşaatçılar,Bakı
6478382,198000,AZN,2,90.0,10,16,False,True,True,Biləcəri,Bakı
6374043,830000,AZN,4,220.0,9,16,False,False,False,Nizami,Bakı
6139910,277000,AZN,4,110.0,9,16,True,False,False,Həzi Aslanov,Bakı
5906152,1140000,AZN,2,98.0,18,33,False,True,True,Nəsimi,Bakı
6482978,189000,AZN,3,86.5,13,18,True,False,False,Azadlıq Prospekti,Bakı
6478425,198000,AZN,3,81.0,7,14,True,False,False,Həzi Aslanov,Bakı
6493201,163000,AZN,3,50.0,3,4,True,False,False,Gənclik,Bakı
6409420,450000,AZN,4,175.0,4,12,True,False,False,Nəsimi,Bakı
6455679,195000,AZN,3,90.0,1,9,True,True,False,Yasamal,Bakı
6205257,116000,AZN,2,41.0,3,5,True,False,False,Əhmədli,Bakı
6493202,170000,AZN,2,45.0,8,10,True,False,False,Gənclik,Bakı
6466583,178000,AZN,2,50.0,5,20,True,False,False,20 Yanvar,Bakı
6213729,207000,AZN,4,110.0,3,9,True,False,False,Əhmədli,Bakı
6378221,475000,AZN,3,134.0,9,16,False,False,False,Elmlər Akademiyası,Bakı
6484292,225000,AZN,3,83.0,7,13,True,True,False,Neftçilər,Bakı
6386737,137000,AZN,1,45.0,1,9,True,False,False,Azadlıq Prospekti,Bakı
6431998,285940,AZN,1,58.0,7,7,False,True,True,Nardaran,Bakı
6419883,160000,AZN,2,48.0,3,9,True,False,False,Gənclik,Bakı
6202649,255000,AZN,3,105.0,5,17,True,False,False,Xətai,Bakı
6486101,470000,AZN,4,185.0,8,16,True,False,False,Elmlər Akademiyası,Bakı
5949119,315000,AZN,3,80.0,4,6,True,False,False,Sahil,Bakı
6493198,490000,AZN,5,278.0,15,21,False,False,False,Nəsimi,Bakı
6493124,125000,AZN,2,45.0,3,9,True,True,False,Əhmədli,Bakı
6477025,190000,AZN,3,70.0,4,5,True,False,False,Nərimanov,Bakı
6422940,297000,AZN,4,120.0,5,9,True,False,False,Elmlər Akademiyası,Bakı
6433052,340000,AZN,4,155.0,3,5,True,False,False,Bayıl,Bakı
6477099,253000,AZN,2,83.0,14,16,True,False,False,Dərnəgül,Bakı
6437536,295000,AZN,3,115.0,12,17,True,False,False,Yeni Yasamal,Bakı
6243580,525000,AZN,4,205.0,8,12,True,False,False,Gənclik,Bakı
6465211,179000,AZN,3,65.0,2,9,True,True,False,Xalqlar Dostluğu,Bakı
6493196,137000,AZN,2,50.0,1,5,True,False,False,Memar Əcəmi,Bakı
6208849,212000,AZN,2,92.0,7,20,False,False,False,Xətai,Bakı
6112326,244000,AZN,3,85.0,11,14,True,False,False,Nəsimi,Bakı
5962832,365000,AZN,3,135.0,15,16,True,False,False,Nəsimi,Bakı
6428826,228000,AZN,3,70.0,4,9,True,False,False,Gənclik,Bakı
6133209,655000,AZN,3,148.0,6,20,True,True,True,Elmlər Akademiyası,Bakı
6469124,350000,AZN,3,107.0,19,20,True,True,True,Nərimanov,Bakı
6486452,340000,AZN,3,90.0,4,16,True,False,False,Gənclik,Bakı
6476055,1100000,AZN,4,205.0,7,21,True,True,True,Nəsimi,Bakı
6461355,205000,AZN,2,65.0,7,9,True,False,False,Gənclik,Bakı
5951405,378000,AZN,2,96.0,4,14,True,True,True,Bayıl,Bakı
6221954,300000,AZN,2,118.0,4,12,True,False,False,28 May,Bakı
6080380,350000,AZN,2,95.0,8,16,True,False,False,Şah İsmayıl Xətai,Bakı
6124599,255000,AZN,2,65.0,7,16,True,False,False,Nəsimi,Bakı
6486688,137000,AZN,2,50.0,1,9,True,False,False,Azadlıq Prospekti,Bakı
6492080,245000,AZN,3,85.0,3,16,True,False,False,Həzi Aslanov,Bakı
6461808,168000,AZN,3,70.0,1,9,True,True,False,Həzi Aslanov,Bakı
6492362,750000,AZN,4,150.0,2,8,True,False,False,Ağ şəhər,Bakı
6481383,236000,AZN,3,90.0,3,5,True,True,True,Nəriman Nərimanov,Bakı
6383735,620000,AZN,8,300.0,12,13,True,False,False,Gənclik,Bakı
6352245,250000,AZN,3,121.5,5,12,False,False,False,M.Ə.Rəsulzadə,Bakı
5369655,267000,AZN,3,95.0,5,17,True,False,False,Neftçilər,Bakı
6380877,459000,AZN,3,171.0,7,17,False,False,False,Şah İsmayıl Xətai,Bakı
6294556,850000,AZN,3,190.0,7,20,True,False,False,Ağ şəhər,Bakı
6462349,265000,AZN,3,142.8,16,16,False,False,False,Şah İsmayıl Xətai,Bakı
6405256,123000,AZN,2,62.0,3,9,True,False,False,Abşeron,Xırdalan
6481061,370000,AZN,3,136.0,14,17,True,False,False,Nəriman Nərimanov,Bakı
6407094,108000,AZN,2,46.0,7,16,True,False,False,,Xırdalan
5670536,547613,AZN,2,85.9,2,13,True,True,True,Nardaran,Bakı
6493188,260000,AZN,2,95.0,13,16,True,False,False,Qara Qarayev,Bakı
6446442,280000,AZN,3,69.0,3,18,True,True,True,Bakmil,Bakı
6329252,462000,AZN,3,140.0,16,17,False,False,False,Gənclik,Bakı
6469138,280000,AZN,2,65.0,3,16,True,True,False,Şah İsmayıl Xətai,Bakı
6493187,300000,AZN,3,118.0,4,16,True,False,False,Nəriman Nərimanov,Bakı
6357477,355000,AZN,3,115.0,4,14,True,False,False,Azadlıq Prospekti,Bakı
6446413,290000,AZN,3,69.0,10,18,True,True,True,Bakmil,Bakı
6368839,228000,AZN,2,60.0,15,18,True,True,True,Nərimanov,Bakı
5941226,256000,AZN,2,92.0,9,16,True,False,False,İnşaatçılar,Bakı
6215232,240000,AZN,3,82.0,8,12,True,False,False,Neftçilər,Bakı
6492483,237000,AZN,3,70.0,6,9,True,False,False,Gənclik,Bakı
6464378,168000,AZN,1,56.8,7,9,False,True,False,Nardaran,Bakı
6458281,365000,AZN,3,100.0,4,17,True,True,False,Nəriman Nərimanov,Bakı
6477795,205000,AZN,2,75.0,15,17,True,False,False,Həzi Aslanov,Bakı
4472756,134880,AZN,2,84.3,4,14,False,True,True,,Sumqayıt
6223078,310000,AZN,3,144.0,5,18,False,True,True,28 May,Bakı
6421165,389000,AZN,4,165.0,13,18,True,False,False,İnşaatçılar,Bakı
6493181,147000,AZN,2,79.0,6,16,False,False,False,Binəqədi,Bakı
6493178,325000,AZN,2,96.0,4,12,False,False,False,Nəsimi,Bakı
6463495,188000,AZN,2,62.0,5,16,True,False,False,Memar Əcəmi,Bakı
6493180,230000,AZN,3,90.0,1,9,True,False,False,Gənclik,Bakı
6484504,315000,AZN,2,83.0,11,17,True,False,False,28 May,Bakı
6178373,419000,AZN,3,125.0,4,16,False,False,False,Nəsimi,Bakı
6338685,225000,AZN,3,88.0,12,17,True,False,False,Həzi Aslanov,Bakı
6473615,117000,AZN,2,60.0,3,15,False,True,True,İnşaatçılar,Bakı
6377822,167000,AZN,2,58.0,10,18,True,False,False,Memar Əcəmi,Bakı
6438955,520000,AZN,4,166.0,6,16,False,False,False,Nəriman Nərimanov,Bakı
6467803,268000,AZN,2,66.0,5,16,True,True,False,Gənclik,Bakı
6493175,114000,AZN,2,51.0,12,14,False,False,False,Bakıxanov,Bakı
6491931,245000,AZN,3,74.0,6,9,True,False,False,Nəsimi,Bakı
6462156,115000,AZN,2,60.0,5,5,True,False,False,Xətai,Bakı
6378466,1400000,AZN,5,210.0,7,8,True,False,False,Ağ şəhər,Bakı
6461780,308000,AZN,3,94.0,5,16,True,True,False,Nəriman Nərimanov,Bakı
6493172,355000,AZN,3,110.0,14,15,True,False,False,Nizami,Bakı
6493173,154000,AZN,3,84.0,10,11,True,False,False,Məmmədli,Bakı
6478193,462000,AZN,3,130.0,10,17,True,True,False,Gənclik,Bakı
6278648,490000,AZN,3,130.0,12,18,True,True,False,Gənclik,Bakı
6424108,285000,AZN,3,100.0,8,19,True,False,False,28 May,Bakı
6455162,237000,AZN,3,80.0,4,5,True,False,False,Elmlər Akademiyası,Bakı
6493171,132000,AZN,2,44.0,5,5,True,False,False,28 May,Bakı
6493170,230000,AZN,2,62.0,13,19,True,False,False,8 Noyabr,Bakı
6358394,360000,AZN,3,123.0,9,16,True,True,False,Şah İsmayıl Xətai,Bakı
6128538,168000,AZN,2,60.0,3,5,True,True,False,Dərnəgül,Bakı
6491655,400000,AZN,3,156.0,3,16,True,True,True,8 Noyabr,Bakı
6451781,184000,AZN,3,70.0,2,5,True,True,False,İnşaatçılar,Bakı
6390816,200000,AZN,2,124.0,17,17,True,True,False,Şah İsmayıl Xətai,Bakı
6446311,105000,AZN,3,70.0,8,11,True,False,False,,Xırdalan
6432955,130000,AZN,2,35.0,2,2,True,True,True,28 May,Bakı
6326853,168000,AZN,2,70.0,4,9,True,False,False,Nəsimi,Bakı
6493168,232000,AZN,3,104.0,17,21,False,False,False,Həzi Aslanov,Bakı
5663441,219555,AZN,1,41.0,2,8,False,True,True,Nardaran,Bakı
6493167,274500,AZN,3,118.0,10,17,True,False,False,Həzi Aslanov,Bakı
6490174,289000,AZN,3,134.0,8,16,True,True,False,Memar Əcəmi,Bakı
6455124,216000,AZN,3,80.0,5,14,True,True,False,Biləcəri,Bakı
6486197,205000,AZN,2,53.0,14,20,True,False,False,20 Yanvar,Bakı
5516597,557878,AZN,4,210.5,6,17,False,True,True,Koroğlu,Bakı
6439536,249000,AZN,2,53.0,9,16,True,False,False,Nəriman Nərimanov,Bakı
6439854,171000,AZN,2,50.0,14,20,True,False,False,20 Yanvar,Bakı
6469532,208000,AZN,2,50.0,15,16,True,False,False,Yasamal,Bakı
5519918,197315,AZN,1,58.9,14,17,False,True,True,Koroğlu,Bakı
6404200,339000,AZN,3,110.0,3,19,True,False,False,Xətai,Bakı
6479626,250000,AZN,3,80.0,2,7,True,False,False,Nizami,Bakı
6328577,555000,AZN,3,108.0,3,7,True,False,False,Ağ şəhər,Bakı
6479816,435000,AZN,3,106.0,16,18,True,True,False,Bakmil,Bakı
6490882,165000,AZN,2,48.0,4,5,True,True,False,20 Yanvar,Bakı
6395744,235000,AZN,2,80.0,16,18,True,True,False,Azadlıq Prospekti,Bakı
6493070,265000,AZN,3,112.0,15,16,True,False,False,Bakıxanov,Bakı
5597148,400000,AZN,4,160.0,7,16,True,True,False,Şah İsmayıl Xətai,Bakı
6463849,380000,AZN,3,160.0,3,17,True,True,True,Şah İsmayıl Xətai,Bakı
5720273,495000,AZN,4,187.0,18,20,False,True,False,Elmlər Akademiyası,Bakı
6365032,355000,AZN,3,135.0,12,18,True,True,False,Nərimanov,Bakı
6361205,224000,AZN,2,65.0,6,20,False,False,False,Şah İsmayıl Xətai,Bakı
6454658,225000,AZN,3,98.0,11,17,True,False,False,Həzi Aslanov,Bakı
6488267,188000,AZN,3,85.0,9,9,True,True,True,Həzi Aslanov,Bakı
6441717,455000,AZN,3,147.0,5,27,True,False,False,8 Noyabr,Bakı
6289931,175000,AZN,3,90.0,9,9,True,False,False,Xətai,Bakı
6264233,135900,AZN,2,72.0,5,9,True,False,False,Yeni Günəşli,Bakı
6480948,330876,AZN,3,127.0,3,12,False,True,False,Şah İsmayıl Xətai,Bakı
6473549,190000,AZN,3,75.0,3,18,True,False,False,Nəsimi,Bakı
6456434,555000,AZN,4,130.0,10,18,True,False,False,Nəriman Nərimanov,Bakı
6493162,130000,AZN,3,68.0,3,9,True,False,False,,Xırdalan
6467855,110900,AZN,2,44.0,11,15,True,False,False,Yeni Günəşli,Bakı
6480585,595000,AZN,4,220.0,11,13,True,True,True,Nəsimi,Bakı
6216837,428782,AZN,3,145.0,14,17,False,True,True,Koroğlu,Bakı
6493160,210000,AZN,2,76.7,15,16,False,False,False,Qara Qarayev,Bakı
6454132,172000,AZN,3,80.0,4,9,True,False,False,Həzi Aslanov,Bakı
6416018,245000,AZN,4,110.0,8,9,True,False,False,8-ci kilometr,Bakı
6382743,99999,AZN,3,76.0,1,5,True,False,False,Hövsan,Bakı
6051201,250000,AZN,3,100.0,7,11,True,False,False,Xalqlar Dostluğu,Bakı
6174312,134900,AZN,2,65.0,8,15,True,False,False,Abşeron,Xırdalan
6493157,143000,AZN,3,48.0,3,5,True,False,False,Həzi Aslanov,Bakı
6240370,137500,AZN,2,68.0,5,10,True,False,False,Massiv D,Bakı
6452196,279000,AZN,2,80.0,5,9,True,False,False,8 Noyabr,Bakı
5919639,540000,AZN,4,186.0,8,16,True,False,False,Elmlər Akademiyası,Bakı
6451784,239000,AZN,2,84.0,6,17,True,False,False,Həzi Aslanov,Bakı
6308119,632000,AZN,3,146.8,3,8,False,True,False,Ağ şəhər,Bakı
6222065,205000,AZN,3,90.0,8,9,True,False,False,Yeni Yasamal,Bakı
6149176,146400,AZN,3,107.0,9,9,True,False,False,Yeni Günəşli,Bakı
6493044,150000,AZN,2,53.0,3,19,True,False,False,Əhmədli,Bakı
6148617,259000,AZN,3,70.0,3,5,True,False,False,Elmlər Akademiyası,Bakı
6243847,250000,AZN,2,59.0,5,16,True,False,False,Nəriman Nərimanov,Bakı
6493155,215000,AZN,3,90.0,6,9,True,False,False,Nəsimi,Bakı
6104587,620000,AZN,4,102.0,2,3,True,True,False,Səbail,Bakı
6493156,272000,AZN,2,57.0,3,4,True,False,False,Sabunçu,Bakı
6481749,250000,AZN,3,85.0,2,9,True,True,False,Xalqlar Dostluğu,Bakı
6412401,189000,AZN,2,60.0,3,5,True,False,False,Əhmədli,Bakı
6478931,128000,AZN,3,70.0,1,9,True,False,False,Massiv D,Bakı
6379036,720000,AZN,5,260.0,13,17,True,False,False,Şah İsmayıl Xətai,Bakı
6223416,224900,AZN,3,125.0,5,11,True,False,False,Abşeron,Xırdalan
6467870,153000,AZN,2,55.0,3,5,True,False,False,Memar Əcəmi,Bakı
6493079,184000,AZN,2,60.0,2,9,True,False,False,Həzi Aslanov,Bakı
6474399,288000,AZN,2,66.0,6,17,True,False,False,Nəriman Nərimanov,Bakı
6434982,375000,AZN,3,136.0,10,17,True,False,False,Nəsimi,Bakı
6467851,183500,AZN,2,60.0,9,18,True,False,False,Memar Əcəmi,Bakı
6409325,204000,AZN,2,82.0,10,18,False,True,False,Əhmədli,Bakı
6451485,155000,AZN,2,55.0,10,18,True,False,False,Həzi Aslanov,Bakı
6398968,118000,AZN,3,52.0,8,12,True,False,False,Abşeron,Xırdalan
6486499,185000,AZN,2,48.0,4,4,True,False,False,Gənclik,Bakı
6493053,175000,AZN,3,60.0,8,9,True,False,False,Həzi Aslanov,Bakı
6213147,578930,AZN,4,210.0,13,17,False,True,True,Koroğlu,Bakı
6420452,508000,AZN,4,205.0,8,16,True,False,False,28 May,Bakı
6079464,142000,AZN,2,50.0,4,5,True,False,False,Memar Əcəmi,Bakı
5925279,190000,AZN,3,70.0,1,3,True,False,False,Nəsimi,Bakı
4851534,410000,AZN,3,148.0,17,27,True,False,False,8 Noyabr,Bakı
5657189,229322,AZN,1,52.9,3,4,False,True,True,Nardaran,Bakı
6435085,157000,AZN,2,45.0,2,5,True,True,False,Elmlər Akademiyası,Bakı
6493153,124500,AZN,2,55.0,13,14,True,False,False,,Xırdalan
6173631,129000,AZN,4,90.0,3,5,True,False,False,,Xırdalan
5311095,355000,AZN,3,120.0,12,20,True,False,False,Nəsimi,Bakı
6410048,245000,AZN,2,65.0,12,17,True,False,False,Nizami,Bakı
6493152,180000,AZN,2,78.0,13,17,True,False,False,İnşaatçılar,Bakı
6436911,229731,AZN,1,39.1,3,28,True,True,True,Nardaran,Bakı
6209573,439000,AZN,3,135.0,12,16,True,False,False,Nəsimi,Bakı
6403414,380000,AZN,3,135.0,2,18,True,False,False,Elmlər Akademiyası,Bakı
6493150,380000,AZN,3,101.0,6,9,True,False,False,Nəriman Nərimanov,Bakı
6468989,460000,AZN,3,132.0,10,16,False,False,False,28 May,Bakı
6319813,595000,AZN,4,165.0,12,18,True,True,False,Şah İsmayıl Xətai,Bakı
5517040,406980,AZN,3,145.3,4,17,False,True,True,Koroğlu,Bakı
6471621,800000,AZN,4,195.0,6,16,True,True,False,28 May,Bakı
6443686,146000,AZN,2,40.0,4,5,True,False,False,Nəriman Nərimanov,Bakı
4387445,656180,AZN,4,187.48,14,16,False,True,True,28 May,Bakı
4387394,381045,AZN,3,108.87,13,16,False,True,True,28 May,Bakı
4387430,472150,AZN,3,134.9,13,16,False,True,True,28 May,Bakı
4984526,388480,AZN,3,121.4,14,18,False,True,True,28 May,Bakı
5730631,521400,AZN,3,173.8,5,17,False,True,True,28 May,Bakı
5880278,708000,AZN,4,236.0,7,16,False,True,True,28 May,Bakı
6440836,105000,AZN,2,68.0,3,7,True,False,False,Masazır,Bakı
6488728,137000,AZN,2,65.0,5,16,True,False,False,,Xırdalan
6490650,132000,AZN,2,65.0,15,16,True,False,False,,Xırdalan
6466029,117000,AZN,3,67.0,5,12,True,False,False,Masazır,Bakı
5811971,360000,AZN,4,134.0,4,16,True,False,False,Qara Qarayev,Bakı
6493147,168000,AZN,2,55.0,4,4,True,False,False,Nərimanov,Bakı
6212855,568404,AZN,4,210.0,9,17,False,True,True,Koroğlu,Bakı
6257074,171000,AZN,2,60.0,3,5,True,False,False,Nəriman Nərimanov,Bakı
6393662,117000,AZN,2,55.0,3,16,False,True,False,Zığ,Bakı
6409867,335000,AZN,2,72.0,14,22,True,True,False,Şah İsmayıl Xətai,Bakı
6493146,370000,AZN,3,115.0,9,12,False,False,False,Nəsimi,Bakı
5989983,395000,AZN,3,160.0,5,18,True,False,False,Nəriman Nərimanov,Bakı
6212874,578930,AZN,4,210.0,10,17,False,True,True,Koroğlu,Bakı
6375388,308000,AZN,3,102.0,15,18,True,False,False,Səbail,Bakı
6404461,320000,AZN,2,109.0,14,27,False,False,False,8 Noyabr,Bakı
6429653,236000,AZN,3,90.0,3,5,True,False,False,Nəriman Nərimanov,Bakı
6493145,218000,AZN,3,90.0,10,16,True,False,False,Xətai,Bakı
6141116,580000,AZN,3,165.0,9,16,True,True,False,28 May,Bakı
6301898,233000,AZN,2,65.0,7,9,True,False,False,Nərimanov,Bakı
6480283,595000,AZN,4,220.0,11,13,True,True,False,Gənclik,Bakı
6400677,287000,AZN,2,106.0,6,17,False,True,False,Qara Qarayev,Bakı
6407700,360000,AZN,3,110.0,14,16,True,False,False,İnşaatçılar,Bakı
6234346,295000,AZN,3,105.0,5,6,True,True,False,Sahil,Bakı
6493143,218000,AZN,3,90.0,10,16,True,False,False,Xətai,Bakı
6398731,365000,AZN,3,130.0,13,17,True,False,False,Elmlər Akademiyası,Bakı
6425529,162000,AZN,2,60.0,16,18,True,True,True,Memar Əcəmi,Bakı
6467966,155000,AZN,2,55.0,5,6,True,False,False,Gənclik,Bakı
5589000,585000,AZN,3,154.0,8,16,False,False,False,Nizami,Bakı
6325857,163000,AZN,3,60.0,3,4,True,False,False,Gənclik,Bakı
6493139,101000,AZN,2,42.0,5,9,True,False,False,Hövsan,Bakı
5724754,205264,AZN,1,47.4,1,13,True,True,True,Nardaran,Bakı
6493141,390000,AZN,2,90.0,8,16,True,False,False,Şah İsmayıl Xətai,Bakı
6123720,226000,AZN,3,70.0,4,9,True,False,False,Gənclik,Bakı
6326582,172000,AZN,2,50.0,4,5,True,False,False,İnşaatçılar,Bakı
6257321,400000,AZN,3,107.0,22,24,True,False,False,Şah İsmayıl Xətai,Bakı
6326117,187000,AZN,2,50.0,5,5,True,False,False,Elmlər Akademiyası,Bakı
6423492,285000,AZN,3,100.0,2,6,True,False,False,Nizami,Bakı
6234031,354984,AZN,3,127.0,4,17,False,True,True,Koroğlu,Bakı
6432068,50000,AZN,2,46.0,7,7,True,False,False,Abşeron,Xırdalan
6468108,217000,AZN,2,60.0,5,9,True,False,False,Gənclik,Bakı
6313255,218000,AZN,2,57.0,14,15,True,False,False,Nərimanov,Bakı
4360693,331040,AZN,3,103.45,11,14,False,True,True,Nərimanov,Bakı
3740516,331040,AZN,2,103.45,10,14,False,True,True,Nərimanov,Bakı
3740353,379254,AZN,3,122.34,6,14,False,True,True,Nərimanov,Bakı
4207198,261361,AZN,2,84.31,7,14,False,True,True,Nərimanov,Bakı
4360738,379254,AZN,4,122.34,7,14,False,True,True,Nəriman Nərimanov,Bakı
3740381,661440,AZN,5,206.65,12,14,False,True,True,Nərimanov,Bakı
3740327,282596,AZN,2,91.16,7,14,False,True,True,Nərimanov,Bakı
3740372,397760,AZN,3,124.3,12,15,False,True,True,Nərimanov,Bakı
6477935,598000,AZN,4,290.0,17,17,True,True,True,İnşaatçılar,Bakı
6493135,118000,AZN,2,56.0,1,7,True,False,False,Hövsan,Bakı
6398909,449000,AZN,4,140.0,14,17,True,True,False,Qara Qarayev,Bakı
6409936,520000,AZN,3,158.0,14,18,True,False,False,Elmlər Akademiyası,Bakı
6466472,167000,AZN,2,60.0,4,5,True,False,False,Nəriman Nərimanov,Bakı
6472784,325000,AZN,3,110.0,11,14,False,False,False,Azadlıq Prospekti,Bakı
6139670,428782,AZN,3,145.3,15,17,False,True,True,Koroğlu,Bakı
6035015,210000,AZN,2,70.0,6,9,True,False,False,Gənclik,Bakı
6443154,288000,AZN,3,110.0,7,20,True,False,False,Həzi Aslanov,Bakı
6493132,280000,AZN,3,125.0,4,14,True,False,False,Bakıxanov,Bakı
6453388,190000,AZN,3,80.0,2,5,True,False,False,Elmlər Akademiyası,Bakı
6311426,175000,AZN,2,60.0,8,9,True,False,False,Həzi Aslanov,Bakı
6306587,300000,AZN,2,101.6,15,17,False,True,False,28 May,Bakı
6493127,210000,AZN,2,58.3,13,17,True,False,False,Yeni Yasamal,Bakı
6429648,184000,AZN,2,65.0,2,9,True,False,False,Həzi Aslanov,Bakı
6177693,245000,AZN,3,80.0,9,16,True,False,False,20 Yanvar,Bakı
6403940,370000,AZN,2,65.0,16,20,True,True,False,Ağ şəhər,Bakı
6355763,78500,AZN,2,45.0,2,5,True,False,False,Abşeron,Xırdalan
6479990,275000,AZN,3,90.0,10,19,True,False,False,Həzi Aslanov,Bakı
6478579,467000,AZN,2,92.0,8,18,True,False,False,Elmlər Akademiyası,Bakı
6165024,155000,AZN,3,75.0,1,9,True,False,False,Həzi Aslanov,Bakı
6422849,600000,AZN,3,157.0,18,20,False,True,False,Ağ şəhər,Bakı
5994687,85500,AZN,3,71.0,5,5,True,True,False,Abşeron,Xırdalan
6493122,418000,AZN,3,107.0,9,27,True,False,False,8 Noyabr,Bakı
6459009,165000,AZN,2,54.0,3,20,True,False,False,Həzi Aslanov,Bakı
6469898,210000,AZN,2,58.0,10,15,True,False,False,İnşaatçılar,Bakı
6487424,235000,AZN,3,70.0,6,9,True,False,False,Gənclik,Bakı
6487324,390000,AZN,2,75.0,2,7,True,True,False,Ağ şəhər,Bakı
6324883,408600,AZN,3,136.2,7,17,False,False,False,Şah İsmayıl Xətai,Bakı
6493121,270000,AZN,2,86.0,9,19,True,False,False,Nəriman Nərimanov,Bakı
6465527,135500,AZN,3,75.0,8,9,True,True,False,Hövsan,Bakı
6476011,165000,AZN,1,45.0,5,10,True,True,True,Gənclik,Bakı
6474419,267000,AZN,3,88.0,4,9,True,False,False,İçəri Şəhər,Bakı
6226680,200000,AZN,2,65.0,19,20,False,True,False,Şah İsmayıl Xətai,Bakı
6212827,568404,AZN,4,210.0,8,17,False,True,True,Koroğlu,Bakı
5321923,207000,AZN,3,75.0,9,9,True,True,True,Elmlər Akademiyası,Bakı
6219782,220000,AZN,2,57.0,3,9,True,True,False,Gənclik,Bakı
6184705,129000,AZN,3,85.0,5,11,True,False,False,Masazır,Bakı
6443390,225000,AZN,3,75.0,3,19,True,False,False,Nəriman Nərimanov,Bakı
6493119,201000,AZN,1,58.0,5,14,True,False,False,Elmlər Akademiyası,Bakı
6387416,166000,AZN,2,64.0,3,5,True,False,False,Elmlər Akademiyası,Bakı
6425709,182000,AZN,3,85.0,3,9,True,False,False,Əhmədli,Bakı
6473991,148000,AZN,2,60.0,2,5,True,False,False,20 Yanvar,Bakı
6493116,170000,AZN,3,81.0,12,16,True,False,False,Abşeron,Xırdalan
6164778,78000,AZN,2,44.0,3,6,True,False,False,Masazır,Bakı
5443920,308448,AZN,2,100.8,6,14,False,True,True,Sea Breeze,Bakı
6472084,289000,AZN,3,160.0,5,15,True,False,False,Yasamal,Bakı
6462450,85500,AZN,2,53.0,4,6,True,False,False,Abşeron,Xırdalan
6478467,297000,AZN,3,115.0,15,17,True,False,False,Neftçilər,Bakı
6481073,234500,AZN,2,75.0,6,9,True,False,False,Yasamal,Bakı
6482148,67500,AZN,2,37.0,2,5,True,False,False,,Xırdalan
6298714,145000,AZN,2,60.0,4,5,False,False,False,Elmlər Akademiyası,Bakı
6405063,530000,AZN,4,170.0,4,14,True,False,False,28 May,Bakı
6483284,197000,AZN,2,58.0,12,18,True,False,False,20 Yanvar,Bakı
6257333,750000,AZN,3,165.0,18,20,True,False,False,Şah İsmayıl Xətai,Bakı
6321457,425000,AZN,3,140.0,13,17,True,False,False,Nəsimi,Bakı
6451497,344640,AZN,3,107.7,9,14,False,True,True,Azadlıq Prospekti,Bakı
6404525,94000,AZN,2,70.0,7,11,True,False,False,Abşeron,Xırdalan
6398944,289000,AZN,3,88.0,12,16,True,True,True,Həzi Aslanov,Bakı
6482353,85000,AZN,2,50.0,1,5,True,False,False,Masazır,Bakı
6404325,755000,AZN,4,185.0,5,20,True,False,False,Elmlər Akademiyası,Bakı
6493111,270000,AZN,3,80.0,3,5,True,False,False,Elmlər Akademiyası,Bakı
6467899,328000,AZN,2,65.0,5,18,True,False,False,Elmlər Akademiyası,Bakı
5448314,999000,AZN,5,185.0,6,7,False,True,False,Ağ şəhər,Bakı
6479126,264000,AZN,5,120.0,4,9,True,False,False,Xalqlar Dostluğu,Bakı
6493112,185000,AZN,2,80.0,4,5,True,False,False,Nəsimi,Bakı
6049090,205000,AZN,1,54.0,1,5,False,True,True,Sea Breeze,Bakı
6416563,165000,AZN,2,58.0,6,6,True,False,False,Nizami,Bakı
6439317,134500,AZN,1,58.2,2,9,False,True,False,Nardaran,Bakı
6493110,168000,AZN,3,86.0,10,12,True,False,False,,Xırdalan
6433348,260000,AZN,2,90.0,16,17,True,True,True,Xətai,Bakı
6478716,395000,AZN,3,90.0,7,16,True,False,False,Nərimanov,Bakı
6040853,215000,AZN,3,90.0,8,18,True,True,False,Həzi Aslanov,Bakı
6307191,140000,AZN,2,35.0,5,5,True,False,False,28 May,Bakı
6493108,210000,AZN,3,80.0,6,12,True,False,False,Elmlər Akademiyası,Bakı
6487070,130000,AZN,3,879.0,2,10,True,True,False,Masazır,Bakı
6208739,165000,AZN,2,60.0,2,2,True,False,False,28 May,Bakı
6485538,555000,AZN,3,110.0,3,7,True,True,False,Ağ şəhər,Bakı
6368530,169000,AZN,3,90.0,4,7,True,False,False,8-ci kilometr,Bakı
6493106,248000,AZN,3,75.0,12,20,True,False,False,20 Yanvar,Bakı
6463756,188000,AZN,2,65.0,15,17,True,False,False,Azadlıq Prospekti,Bakı
6369420,132000,AZN,2,45.0,5,5,True,False,False,28 May,Bakı
5443739,290955,AZN,2,81.5,9,24,False,True,True,Sea Breeze,Bakı
6478503,195000,AZN,3,115.0,12,16,False,False,False,Yeni Günəşli,Bakı
6444787,110000,AZN,2,40.0,3,5,True,False,False,Dərnəgül,Bakı
6493101,575000,AZN,4,164.0,11,17,True,False,False,Gənclik,Bakı
6397720,165000,AZN,2,50.0,6,10,True,False,False,Gənclik,Bakı
6441767,380000,AZN,3,150.0,17,20,True,False,False,Azadlıq Prospekti,Bakı
6210228,180000,AZN,4,120.0,1,6,True,False,False,Masazır,Bakı
6417516,429000,AZN,3,110.0,16,20,True,True,True,Nəriman Nərimanov,Bakı
6408970,480000,AZN,3,167.0,12,22,True,False,False,28 May,Bakı
6486765,212000,AZN,2,98.0,7,16,True,False,False,Nəsimi,Bakı
5449001,860000,AZN,5,325.0,16,17,False,False,False,Nəriman Nərimanov,Bakı
6493098,136000,AZN,2,40.0,5,5,True,False,False,Xalqlar Dostluğu,Bakı
6467466,275000,AZN,3,113.0,8,14,True,False,False,Avtovağzal,Bakı
6344552,175000,AZN,2,60.0,2,4,True,False,False,Nərimanov,Bakı
6114806,640000,AZN,4,128.0,11,20,True,False,False,Şah İsmayıl Xətai,Bakı
6455298,589000,AZN,4,205.0,13,22,True,False,False,Nizami,Bakı
6396568,530000,AZN,4,148.0,4,16,True,False,False,Nəriman Nərimanov,Bakı
6410432,205000,AZN,3,75.0,5,9,True,False,False,Xalqlar Dostluğu,Bakı
6392449,285000,AZN,2,76.0,15,17,False,False,False,Elmlər Akademiyası,Bakı
6493096,369000,AZN,3,125.0,9,15,True,False,False,Nəriman Nərimanov,Bakı
6262374,83000,AZN,2,52.0,2,4,True,False,False,Masazır,Bakı
6481008,219000,AZN,3,96.0,10,17,True,True,True,Həzi Aslanov,Bakı
6493097,289000,AZN,2,70.0,18,20,True,False,False,Nəsimi,Bakı
6409010,377000,AZN,2,63.0,12,20,True,False,False,Ağ şəhər,Bakı
6194816,210000,AZN,2,92.0,7,20,False,False,False,Həzi Aslanov,Bakı
6493094,229500,AZN,3,178.0,7,15,True,False,False,Bakıxanov,Bakı
6470034,153000,AZN,2,70.0,9,9,True,False,False,Azadlıq Prospekti,Bakı
5870393,295200,AZN,2,72.0,9,16,False,True,False,Nizami,Bakı
6493091,380000,AZN,3,160.0,3,17,True,False,False,Şah İsmayıl Xətai,Bakı
6464564,1190000,AZN,4,207.0,6,21,True,True,False,Nəsimi,Bakı
6430892,168000,AZN,2,45.0,2,6,True,True,False,Şıxov,Bakı
6267006,375000,AZN,2,68.0,10,20,True,True,True,Şah İsmayıl Xətai,Bakı
6458235,317000,AZN,3,130.0,11,18,True,True,True,İnşaatçılar,Bakı
6465301,85000,AZN,2,57.0,5,6,True,False,False,Masazır,Bakı
6407502,140000,AZN,1,30.0,2,5,True,False,False,Şah İsmayıl Xətai,Bakı
6329886,690000,AZN,4,191.0,14,15,False,False,False,Nizami,Bakı
6387378,300000,AZN,2,117.0,4,11,True,False,False,28 May,Bakı
6493087,380000,AZN,3,75.0,4,5,True,False,False,İçəri Şəhər,Bakı
6409129,1700000,AZN,6,396.0,7,20,True,False,False,Nizami,Bakı
6140696,153000,AZN,2,55.0,5,5,True,False,False,Bakıxanov,Bakı
5866788,112000,AZN,1,40.0,5,5,True,False,False,Bakıxanov,Bakı
6492997,252000,AZN,2,100.7,13,16,True,False,False,Yasamal,Bakı
6493086,218000,AZN,3,90.0,10,16,True,False,False,Həzi Aslanov,Bakı
6311700,150000,AZN,2,40.0,3,5,True,False,False,Nəriman Nərimanov,Bakı
6436491,450000,AZN,4,200.0,8,17,True,False,False,Azadlıq Prospekti,Bakı
6461805,779000,AZN,4,231.0,9,15,False,False,False,28 May,Bakı
6436474,200000,AZN,3,90.0,9,9,True,False,False,Nəsimi,Bakı
6408929,420000,AZN,4,170.7,11,16,True,False,False,20 Yanvar,Bakı
6493043,310000,AZN,3,92.0,5,17,False,False,False,Gənclik,Bakı
6474297,280000,AZN,2,95.0,13,16,False,False,False,Nəsimi,Bakı
6286487,130000,AZN,3,86.0,3,6,True,False,False,Masazır,Bakı
6421178,150000,AZN,3,106.0,1,3,True,False,False,Həzi Aslanov,Bakı
6384483,120000,AZN,2,50.0,1,9,True,False,False,Həzi Aslanov,Bakı
6493020,290000,AZN,3,69.0,16,18,True,False,False,Bakmil,Bakı
5516616,259080,AZN,1,50.8,3,9,False,True,True,Sea Breeze,Bakı
6416848,284000,AZN,3,137.0,20,22,False,False,False,Bakıxanov,Bakı
6432124,255000,AZN,3,104.0,3,16,True,False,False,İnşaatçılar,Bakı
6486518,136000,AZN,2,51.0,9,17,True,False,False,Yeni Günəşli,Bakı
6493081,265000,AZN,3,85.0,8,9,True,False,False,İnşaatçılar,Bakı
6493078,325000,AZN,3,126.0,7,17,False,False,False,Koroğlu,Bakı
6400768,365000,AZN,4,115.0,3,12,True,False,False,Xalqlar Dostluğu,Bakı
6289892,330000,AZN,2,67.0,11,20,True,True,False,Şah İsmayıl Xətai,Bakı
6150628,239000,AZN,3,124.0,6,16,True,False,False,Həzi Aslanov,Bakı
6493074,469000,AZN,3,132.0,7,14,True,False,False,Nizami,Bakı
6250524,529000,AZN,3,120.0,2,7,True,True,False,Şah İsmayıl Xətai,Bakı
5135811,235000,AZN,3,83.0,13,16,True,False,False,Həzi Aslanov,Bakı
6210421,108000,AZN,2,51.0,3,15,True,False,False,,Xırdalan
6355103,820000,AZN,5,267.0,9,15,False,False,False,Nizami,Bakı
6443391,99000,AZN,2,83.2,9,16,False,False,False,Lökbatan,Bakı
6482263,109000,AZN,2,63.0,15,16,True,False,False,,Xırdalan
6493073,190000,AZN,3,65.0,4,5,True,False,False,Neftçilər,Bakı
6493072,148000,AZN,2,65.0,9,9,True,False,False,Əhmədli,Bakı
6483063,123000,AZN,2,30.0,4,5,True,True,True,Memar Əcəmi,Bakı
6449777,161690,AZN,3,87.4,2,9,False,True,False,Biləcəri,Bakı
6376079,310000,AZN,2,100.0,18,20,True,True,False,Nizami,Bakı
6473067,175000,AZN,3,75.0,8,9,True,False,False,Yeni Günəşli,Bakı
6260582,280000,AZN,3,135.0,12,13,False,False,False,Əhmədli,Bakı
6238702,160000,AZN,2,55.0,2,9,True,False,False,Həzi Aslanov,Bakı
6237124,225000,AZN,2,80.0,12,13,True,False,False,Əhmədli,Bakı
5681033,450000,AZN,4,140.0,7,17,True,False,False,Qara Qarayev,Bakı
6445677,259000,AZN,2,90.0,13,17,False,False,False,Qara Qarayev,Bakı
6425800,125000,AZN,3,66.0,2,5,True,True,False,Biləcəri,Bakı
6461199,165000,AZN,2,61.0,15,17,True,False,False,Yeni Günəşli,Bakı
6307548,345000,AZN,3,125.0,13,17,True,False,False,Qara Qarayev,Bakı
6489342,136000,AZN,2,33.0,3,5,True,False,False,Elmlər Akademiyası,Bakı
6487093,178000,AZN,2,53.0,6,7,True,False,False,Qara Qarayev,Bakı
6484753,129000,AZN,2,56.0,7,14,False,True,False,Qaraçuxur,Bakı
6361666,388000,AZN,3,172.6,13,17,False,False,False,Koroğlu,Bakı
6454703,215000,AZN,3,70.0,2,5,True,True,False,Qara Qarayev,Bakı
5320315,290000,AZN,3,158.0,3,6,True,False,False,Şıxov,Bakı
6192087,165000,AZN,3,70.0,3,17,True,False,False,Yeni Günəşli,Bakı
6452043,235000,AZN,3,70.0,4,5,True,False,False,İnşaatçılar,Bakı
5819019,85000,AZN,3,75.0,9,9,True,True,False,Masazır,Bakı
6429622,250000,AZN,3,80.0,4,5,True,True,False,Qara Qarayev,Bakı
6205093,275000,AZN,3,100.0,16,16,True,False,False,Nəriman Nərimanov,Bakı
6486861,136600,AZN,2,42.0,1,5,True,False,False,Memar Əcəmi,Bakı
6464734,185000,AZN,2,56.0,6,16,True,True,False,Qara Qarayev,Bakı
6468862,215000,AZN,2,71.0,10,17,True,True,False,Qara Qarayev,Bakı
6396917,132000,AZN,2,68.0,7,11,True,True,False,Yeni Günəşli,Bakı
6493058,369999,AZN,3,105.0,9,16,True,False,False,Nəsimi,Bakı
6237861,138500,AZN,2,55.0,7,9,True,False,False,Yeni Günəşli,Bakı
6480974,142000,AZN,2,58.0,3,5,True,False,False,Memar Əcəmi,Bakı
5514453,639520,AZN,2,129.8,5,5,False,True,True,Sea Breeze,Bakı
6488238,117000,AZN,1,35.0,5,5,True,False,False,İnşaatçılar,Bakı
6493056,165000,AZN,1,79.0,4,17,True,False,False,Əhmədli,Bakı
6455579,290000,AZN,4,120.0,1,3,True,True,True,Buzovna,Bakı
6355153,555000,AZN,4,130.0,10,17,True,False,False,Nəriman Nərimanov,Bakı
6403258,175000,AZN,4,100.0,6,9,True,True,False,Köhnə Günəşli,Bakı
6440404,187000,AZN,2,66.0,5,9,True,False,False,Yasamal,Bakı
5761111,128000,AZN,3,61.0,5,5,True,True,False,Biləcəri,Bakı
6438162,138500,AZN,2,60.0,7,10,True,False,False,Yeni Günəşli,Bakı
6110699,199900,AZN,3,114.0,3,9,False,False,False,Binəqədi,Bakı
6475106,72000,AZN,2,40.0,5,7,True,False,False,Yeni Günəşli,Bakı
6493048,235000,AZN,2,59.0,13,17,True,False,False,Azadlıq Prospekti,Bakı
6386893,178000,AZN,3,76.0,2,11,True,False,False,Yeni Günəşli,Bakı
6493046,169000,AZN,3,85.0,9,9,True,False,False,Xətai,Bakı
5717428,344640,AZN,3,107.7,8,14,False,True,True,Azadlıq Prospekti,Bakı
6147822,333870,AZN,3,107.7,5,13,False,True,True,Azadlıq Prospekti,Bakı
6263086,240000,AZN,2,79.0,15,17,True,False,False,Bayıl,Bakı
6148461,341000,AZN,3,110.0,3,13,False,True,True,Azadlıq Prospekti,Bakı
6479168,155000,AZN,2,63.0,9,9,True,False,False,Yasamal,Bakı
6202455,341000,AZN,3,110.0,6,14,False,True,True,Azadlıq Prospekti,Bakı
6409163,375000,AZN,2,105.0,4,16,True,False,False,28 May,Bakı
6369900,159900,AZN,3,86.0,13,16,True,False,False,Abşeron,Xırdalan
6426070,540000,AZN,3,159.0,12,16,True,True,True,8 Noyabr,Bakı
6460614,146000,AZN,3,80.0,9,9,True,False,False,Həzi Aslanov,Bakı
6474539,180000,AZN,2,65.0,6,17,True,False,False,Memar Əcəmi,Bakı
6448959,275000,AZN,3,85.0,2,5,True,False,False,Yasamal,Bakı
6404027,194000,AZN,2,58.0,7,20,True,True,False,20 Yanvar,Bakı
6493031,235000,AZN,3,63.0,3,16,True,True,False,Nəsimi,Bakı
6493039,660000,AZN,5,225.0,7,16,True,False,False,28 May,Bakı
6284568,440000,AZN,3,135.0,3,10,True,False,False,Elmlər Akademiyası,Bakı
6224198,218000,AZN,2,79.0,2,17,True,False,False,Qara Qarayev,Bakı
6440878,97000,AZN,2,60.0,4,5,True,True,False,Həzi Aslanov,Bakı
6414561,378000,AZN,3,93.0,13,19,True,False,False,Şah İsmayıl Xətai,Bakı
6492258,268000,AZN,2,90.0,16,17,True,True,False,Həzi Aslanov,Bakı
6165556,820000,AZN,6,323.0,15,17,False,False,False,Nəriman Nərimanov,Bakı
6493032,350000,AZN,3,125.0,6,7,True,False,False,Badamdar,Bakı
6473861,235000,AZN,3,65.0,4,5,True,False,False,Yasamal,Bakı
6165063,375000,AZN,3,100.0,2,18,True,False,False,28 May,Bakı
6415063,235000,AZN,3,80.0,7,9,True,False,False,Gənclik,Bakı
5987017,460000,AZN,3,91.0,15,20,True,False,False,Şah İsmayıl Xətai,Bakı
6361418,237000,AZN,3,90.0,7,9,True,True,False,Nəsimi,Bakı
6493030,135900,AZN,1,36.0,11,16,False,False,False,Qara Qarayev,Bakı
6390291,495000,AZN,4,185.0,6,12,False,False,False,Elmlər Akademiyası,Bakı
6470048,112500,AZN,2,40.0,5,5,True,False,False,Memar Əcəmi,Bakı
6493029,289000,AZN,2,75.0,10,20,True,False,False,Nəsimi,Bakı
6484103,160000,AZN,2,60.0,8,9,True,True,False,Həzi Aslanov,Bakı
6392298,490000,AZN,3,130.0,7,18,True,True,True,Gənclik,Bakı
6483615,179000,AZN,2,55.0,4,12,True,False,False,Azadlıq Prospekti,Bakı
5820345,177000,AZN,2,60.0,8,18,True,False,False,Azadlıq Prospekti,Bakı
6461875,300000,AZN,2,101.0,3,18,True,True,False,Nəsimi,Bakı
6245810,360000,AZN,3,126.0,19,21,True,False,False,Nizami,Bakı
5713844,218000,AZN,2,110.0,8,17,True,False,False,Memar Əcəmi,Bakı
6466080,235000,AZN,2,68.0,12,16,True,False,False,Azadlıq Prospekti,Bakı
6413183,115600,AZN,2,68.0,6,14,False,True,True,,Sumqayıt
5950438,168000,AZN,2,55.0,7,17,True,False,False,Azadlıq Prospekti,Bakı
5915031,228000,AZN,3,103.0,5,17,True,False,False,Memar Əcəmi,Bakı
5858099,310000,AZN,3,119.0,2,14,True,False,False,Neftçilər,Bakı
6472808,245000,AZN,2,70.0,8,17,True,False,False,Azadlıq Prospekti,Bakı
6300765,280000,AZN,3,100.0,10,19,True,False,False,Azadlıq Prospekti,Bakı
6413169,100130,AZN,2,58.9,6,14,False,True,True,,Sumqayıt
6057121,203500,AZN,2,67.0,4,17,False,False,False,Azadlıq Prospekti,Bakı
5555359,165000,AZN,2,120.0,4,18,False,False,False,8-ci kilometr,Bakı
6424648,364594,AZN,1,64.0,7,28,True,True,True,Nardaran,Bakı
6422398,215000,AZN,4,100.0,4,5,True,False,False,Azadlıq Prospekti,Bakı
6413187,117690,AZN,2,69.2,7,14,False,True,False,,Sumqayıt
6324570,700000,AZN,4,202.0,6,19,True,False,False,Şah İsmayıl Xətai,Bakı
6257444,224000,AZN,2,90.0,5,17,True,False,False,Azadlıq Prospekti,Bakı
6413125,98090,AZN,2,57.7,5,14,False,True,False,,Sumqayıt
5820242,187000,AZN,2,70.0,8,19,True,False,False,Azadlıq Prospekti,Bakı
6320282,299000,AZN,3,136.0,10,17,True,False,False,Nəsimi,Bakı
6432146,370000,AZN,2,61.0,4,12,True,True,False,Nizami,Bakı
6442180,255000,AZN,2,85.0,14,19,True,False,False,8 Noyabr,Bakı
6493024,355000,AZN,3,130.0,16,18,True,False,False,Memar Əcəmi,Bakı
6413095,97070,AZN,2,57.1,4,14,False,True,True,,Sumqayıt
6470385,269000,AZN,3,69.0,10,18,True,True,False,Nəriman Nərimanov,Bakı
5692535,580000,AZN,4,177.0,4,20,True,False,False,28 May,Bakı
6245627,275000,AZN,4,105.0,2,9,True,True,False,Azadlıq Prospekti,Bakı
6213509,234000,AZN,2,82.0,16,17,True,False,False,Azadlıq Prospekti,Bakı
6493022,192000,AZN,3,80.0,6,9,True,False,False,Xətai,Bakı
6493019,255000,AZN,2,49.0,5,20,True,False,False,Nəsimi,Bakı
6413155,99824,AZN,2,58.7,6,14,False,False,False,,Sumqayıt
6257429,260000,AZN,3,95.0,14,19,True,False,False,20 Yanvar,Bakı
6437791,205000,AZN,2,70.0,5,17,True,False,False,Azadlıq Prospekti,Bakı
6426873,190000,AZN,3,80.0,4,5,True,False,False,Qara Qarayev,Bakı
6401607,285000,AZN,3,80.0,14,18,True,True,False,28 May,Bakı
6410076,845000,AZN,4,181.0,8,17,True,True,True,Elmlər Akademiyası,Bakı
6492936,290000,AZN,2,100.0,5,18,True,True,False,Nəsimi,Bakı
6428990,270000,AZN,3,100.0,10,17,True,False,False,Azadlıq Prospekti,Bakı
6390086,385000,AZN,3,137.0,13,16,True,False,False,Şah İsmayıl Xətai,Bakı
5986768,380000,AZN,3,118.0,15,16,True,False,False,Gənclik,Bakı
6190494,200000,AZN,2,65.0,15,17,True,False,False,Azadlıq Prospekti,Bakı
5802201,250000,AZN,2,82.7,16,16,False,True,False,Şah İsmayıl Xətai,Bakı
6202352,252000,AZN,3,85.0,14,16,True,False,False,Azadlıq Prospekti,Bakı
6082899,322000,AZN,3,100.0,12,18,True,True,True,Elmlər Akademiyası,Bakı
6321026,230000,AZN,2,64.0,8,16,True,False,False,Azadlıq Prospekti,Bakı
6328083,164000,AZN,3,67.0,10,15,True,False,False,Yeni Yasamal,Bakı
6409909,213000,AZN,3,90.0,5,9,True,False,False,Nəsimi,Bakı
6360367,235000,AZN,2,63.0,12,16,True,False,False,Azadlıq Prospekti,Bakı
6241776,230000,AZN,2,72.0,6,17,True,False,False,Azadlıq Prospekti,Bakı
6464314,208000,AZN,2,64.0,12,24,True,True,False,Şah İsmayıl Xətai,Bakı
6445134,130000,AZN,2,60.0,2,9,False,True,True,Köhnə Günəşli,Bakı
6045786,248000,AZN,2,82.0,5,18,True,False,False,Azadlıq Prospekti,Bakı
6491079,100000,AZN,2,50.0,5,9,True,False,False,Həzi Aslanov,Bakı
6379628,275000,AZN,3,100.0,3,19,True,False,False,Azadlıq Prospekti,Bakı
6493017,425000,AZN,3,130.0,12,14,True,False,False,Qara Qarayev,Bakı
5404076,355000,AZN,3,110.0,14,15,True,True,True,Nizami,Bakı
5994399,193500,AZN,2,65.0,14,18,True,False,False,Azadlıq Prospekti,Bakı
6144722,235000,AZN,3,82.0,3,16,True,False,False,Azadlıq Prospekti,Bakı
6406846,82000,AZN,3,90.0,6,6,True,False,False,,Xırdalan
6489645,210000,AZN,3,73.0,17,20,True,True,False,Nəsimi,Bakı
6447610,185000,AZN,2,35.0,2,5,True,False,False,28 May,Bakı
6463148,146000,AZN,4,81.7,5,5,True,True,True,Buzovna,Bakı
6367799,418000,AZN,3,137.0,10,16,True,False,False,Şah İsmayıl Xətai,Bakı
6414489,160000,AZN,3,65.0,9,9,True,False,False,Neftçilər,Bakı
6395302,214000,AZN,3,68.0,5,17,True,False,False,Azadlıq Prospekti,Bakı
6481111,255000,AZN,2,78.0,10,22,True,True,True,Nəsimi,Bakı
6217073,235000,AZN,2,85.0,16,17,True,False,False,Azadlıq Prospekti,Bakı
6414716,429000,AZN,3,106.0,13,20,True,True,True,Nəriman Nərimanov,Bakı
6448375,244000,AZN,2,65.0,11,17,True,False,False,Nizami,Bakı
5818931,287000,AZN,3,100.0,5,17,True,False,False,Azadlıq Prospekti,Bakı
6284632,214000,AZN,2,70.0,10,14,True,False,False,Azadlıq Prospekti,Bakı
6346730,338000,AZN,4,178.2,10,17,False,False,False,Xətai,Bakı
6251331,316000,AZN,3,145.0,16,18,True,False,False,Əhmədli,Bakı
6263590,480000,AZN,3,141.0,10,17,True,False,False,8 Noyabr,Bakı
6493008,222000,AZN,3,70.0,2,5,True,False,False,İnşaatçılar,Bakı
6456732,285000,AZN,3,120.0,13,16,True,False,False,Neftçilər,Bakı
6237804,139000,AZN,3,65.0,17,17,False,False,False,Azadlıq Prospekti,Bakı
6325673,230000,AZN,3,85.0,6,14,True,False,False,Bakıxanov,Bakı
6493009,300000,AZN,2,90.0,16,17,True,False,False,Nəriman Nərimanov,Bakı
6478210,248000,AZN,2,55.0,11,16,True,False,False,Şah İsmayıl Xətai,Bakı
5900325,205000,AZN,2,60.0,13,17,True,False,False,Azadlıq Prospekti,Bakı
6414868,157000,AZN,3,80.0,1,5,True,False,False,8-ci kilometr,Bakı
6151934,259000,AZN,3,90.0,10,16,True,False,False,Neftçilər,Bakı
6481801,267000,AZN,3,95.0,7,16,True,False,False,Neftçilər,Bakı
6493007,189000,AZN,3,85.0,3,5,True,False,False,Bakıxanov,Bakı
6318995,476339,AZN,4,134.1,3,11,False,True,True,Nardaran,Bakı
6487019,148000,AZN,3,50.0,3,5,True,False,False,Həzi Aslanov,Bakı
6155593,245000,AZN,3,78.0,9,14,True,False,False,Azadlıq Prospekti,Bakı
6469603,460000,AZN,3,165.0,10,18,True,False,False,8 Noyabr,Bakı
6463504,340000,AZN,3,120.0,5,14,True,False,False,28 May,Bakı
6000068,400000,AZN,3,162.0,7,11,True,False,False,Nərimanov,Bakı
6230988,189000,AZN,3,74.0,4,17,True,True,True,Nəsimi,Bakı
6299982,355000,AZN,3,110.0,14,15,True,True,False,Nizami,Bakı
5979143,355000,AZN,4,165.0,17,18,False,False,False,Nəsimi,Bakı
6493004,129500,AZN,2,38.0,2,5,True,False,False,Memar Əcəmi,Bakı
6486777,376000,AZN,3,146.0,11,16,True,True,False,Nəsimi,Bakı
6348436,275000,AZN,2,92.0,3,16,True,True,False,Nərimanov,Bakı
6426845,190000,AZN,4,85.0,2,5,True,False,False,Azadlıq Prospekti,Bakı
6493002,68000,AZN,2,37.7,3,5,True,False,False,,Xırdalan
6354769,990000,AZN,3,190.0,16,22,True,False,False,28 May,Bakı
6493001,115000,AZN,2,45.0,1,4,True,False,False,Həzi Aslanov,Bakı
6493000,194000,AZN,2,55.0,13,15,True,False,False,Neftçilər,Bakı
6188450,195000,AZN,2,70.0,6,9,True,False,False,Azadlıq Prospekti,Bakı
6188453,195000,AZN,2,70.0,6,9,True,False,False,Gənclik,Bakı
6484358,116900,AZN,1,32.0,5,9,True,False,False,Nəriman Nərimanov,Bakı
6245847,155000,AZN,1,55.0,2,17,True,False,False,Dərnəgül,Bakı
6466628,248000,AZN,3,65.0,3,5,True,False,False,Gənclik,Bakı
6491623,158000,AZN,2,55.0,2,5,True,False,False,Memar Əcəmi,Bakı
6465804,370000,AZN,4,147.0,16,18,True,False,False,8-ci mikrorayon,Bakı
6469720,395000,AZN,3,105.0,18,19,True,False,False,Bakmil,Bakı
6472354,369000,AZN,4,161.0,8,20,True,False,False,Nəriman Nərimanov,Bakı
6209056,287500,AZN,3,101.0,10,12,False,False,False,Qara Qarayev,Bakı
6474500,256000,AZN,3,90.0,2,10,True,False,False,Gənclik,Bakı
6382780,245000,AZN,2,95.0,3,20,True,False,False,Həzi Aslanov,Bakı
6059886,450000,AZN,4,184.0,14,16,False,True,True,Nəriman Nərimanov,Bakı
6488756,385000,AZN,3,140.0,7,13,True,False,False,Gənclik,Bakı
6490456,268000,AZN,3,80.0,6,9,True,False,False,Nərimanov,Bakı
6492990,146000,AZN,3,55.0,1,9,True,False,False,Həzi Aslanov,Bakı
6492988,431000,AZN,2,90.0,4,8,False,False,False,Ağ şəhər,Bakı
6087504,450000,AZN,4,135.5,14,18,True,False,False,Qara Qarayev,Bakı
6284165,105000,AZN,2,58.0,5,5,True,False,False,Əmircan,Bakı
6478118,185000,AZN,2,44.0,4,16,True,False,False,Nəriman Nərimanov,Bakı
5888681,495000,AZN,3,175.0,9,10,True,False,False,Nizami,Bakı
6491228,124500,AZN,1,34.0,4,5,True,True,False,Memar Əcəmi,Bakı
6451646,430000,AZN,3,150.0,7,17,True,False,False,İnşaatçılar,Bakı
6461679,248000,AZN,3,107.0,8,12,True,False,False,Xətai,Bakı
6453631,120000,AZN,2,40.0,4,5,True,False,False,Qara Qarayev,Bakı
6178030,207000,AZN,4,97.0,9,9,True,False,False,Əhmədli,Bakı
6090336,165000,AZN,3,60.0,5,9,True,True,False,Neftçilər,Bakı
6390777,325000,AZN,3,147.0,10,17,False,True,True,8-ci mikrorayon,Bakı
6492983,155000,AZN,3,82.0,1,5,True,False,False,Badamdar,Bakı
6409589,85000,AZN,2,54.0,10,12,True,False,False,,Xırdalan
6489958,535000,AZN,3,175.0,8,17,True,True,False,Gənclik,Bakı
3949190,2000000,AZN,4,210.0,8,30,True,False,False,Nəsimi,Bakı
5828904,570000,AZN,4,178.0,20,27,False,False,False,8 Noyabr,Bakı
6451146,254000,AZN,4,110.0,4,9,True,False,False,İnşaatçılar,Bakı
6489166,366460,AZN,4,146.0,12,12,False,False,False,Yeni Yasamal,Bakı
6079859,405000,AZN,3,115.0,11,17,True,True,False,Nəsimi,Bakı
6183494,180000,AZN,3,75.0,3,9,True,False,False,Həzi Aslanov,Bakı
6407714,183000,AZN,3,140.5,14,14,False,True,False,Sabunçu,Bakı
6239268,455000,AZN,4,165.0,8,16,True,True,False,20 Yanvar,Bakı
6492979,150000,AZN,3,75.0,5,9,True,False,False,Yeni Günəşli,Bakı
6492978,290000,AZN,3,98.0,6,16,True,False,False,Həzi Aslanov,Bakı
6444300,510000,AZN,4,170.0,8,15,True,True,False,Nəsimi,Bakı
6370173,335000,AZN,3,96.0,18,19,True,False,False,Qara Qarayev,Bakı
6040303,380000,AZN,4,172.0,4,17,True,False,False,Nəsimi,Bakı
6492977,162900,AZN,2,60.0,14,17,True,False,False,İnşaatçılar,Bakı
6443849,344500,AZN,3,116.0,3,7,True,False,False,Memar Əcəmi,Bakı
6304579,740000,AZN,5,245.0,19,22,True,False,False,Nizami,Bakı
6386805,113000,AZN,1,40.0,1,5,True,False,False,Neftçilər,Bakı
6445207,183000,AZN,2,70.0,13,18,True,True,False,Həzi Aslanov,Bakı
6406612,145000,AZN,3,70.0,2,5,True,False,False,Azadlıq Prospekti,Bakı
6386679,175000,AZN,2,56.0,9,16,True,False,False,Neftçilər,Bakı
6455865,127000,AZN,2,50.0,5,5,True,True,False,Badamdar,Bakı
6470373,158500,AZN,3,90.0,9,11,True,True,False,Masazır,Bakı
6492941,200000,AZN,3,70.0,1,5,True,False,False,Sahil,Bakı
6318276,875000,AZN,4,175.0,17,18,False,True,False,Nizami,Bakı
6075666,232000,AZN,4,140.0,13,13,True,False,False,Həzi Aslanov,Bakı
6317273,451200,AZN,2,94.0,17,18,False,True,False,Nizami,Bakı
6406285,303000,AZN,3,86.3,9,16,True,True,True,Qara Qarayev,Bakı
6345571,247000,AZN,2,68.0,17,18,True,False,False,Şah İsmayıl Xətai,Bakı
6308258,419895,AZN,2,90.3,1,10,True,True,False,Nərimanov,Bakı
6435033,180000,AZN,3,80.0,2,5,True,False,False,7-ci mikrorayon,Bakı
6473691,325000,AZN,3,130.0,6,15,False,False,False,Gənclik,Bakı
6283509,1200000,AZN,4,240.0,18,22,True,True,False,Elmlər Akademiyası,Bakı
6300234,92000,AZN,1,22.0,2,2,True,False,False,28 May,Bakı
6284691,135000,AZN,3,59.0,5,5,True,False,False,7-ci mikrorayon,Bakı
5560882,450000,AZN,4,200.0,8,8,True,False,False,Nəsimi,Bakı
6492969,289000,AZN,2,70.0,10,18,True,False,False,Nərimanov,Bakı
6476625,185000,AZN,3,70.0,5,7,True,True,False,Həzi Aslanov,Bakı
6492971,310000,AZN,3,135.0,2,5,True,False,False,Qara Qarayev,Bakı
6474307,645000,AZN,6,400.0,5,6,False,False,False,Nəsimi,Bakı
6486957,465000,AZN,3,140.0,4,16,True,True,True,Şah İsmayıl Xətai,Bakı
6259483,169500,AZN,3,57.0,3,5,True,False,False,7-ci mikrorayon,Bakı
6319815,172000,AZN,2,73.0,14,18,True,False,False,Əhmədli,Bakı
6473575,330000,AZN,3,130.0,12,16,False,False,False,Nəriman Nərimanov,Bakı
6145691,265000,AZN,3,110.0,19,19,True,False,False,Şah İsmayıl Xətai,Bakı
6474739,225000,AZN,3,84.0,3,19,True,False,False,Nəriman Nərimanov,Bakı
6443936,115000,AZN,2,50.0,2,10,True,False,False,,Xırdalan
5634889,365000,AZN,4,130.0,4,17,True,False,False,Nərimanov,Bakı
6268628,119000,AZN,5,128.0,12,19,True,False,False,Bakıxanov,Bakı
6429308,286000,AZN,3,81.0,5,16,True,False,False,Elmlər Akademiyası,Bakı
6488575,126000,AZN,2,60.0,7,16,True,False,False,,Xırdalan
6383069,369500,AZN,3,86.6,2,6,True,True,True,Sea Breeze,Bakı
5504945,459306,AZN,2,94.8,4,7,True,True,True,Sea Breeze,Bakı
6467876,102000,AZN,2,46.0,4,11,True,False,False,,Xırdalan
6473792,83000,AZN,2,45.0,2,11,True,False,False,Abşeron,Xırdalan
5056392,300000,AZN,1,75.0,4,4,True,True,True,Sea Breeze,Bakı
6369636,112000,AZN,1,37.0,5,5,True,False,False,Memar Əcəmi,Bakı
6489963,81000,AZN,2,45.0,10,11,True,False,False,,Xırdalan
6478798,183232,AZN,3,111.5,12,16,False,True,False,Azadlıq Prospekti,Bakı
6470959,216000,AZN,3,100.0,9,18,True,True,False,Əhmədli,Bakı
6454440,450000,AZN,3,90.0,10,10,True,True,True,Sahil,Bakı
6444349,254000,AZN,3,104.0,9,16,True,True,True,,Sumqayıt
6492962,340000,AZN,3,140.0,4,13,True,False,False,Badamdar,Bakı
5826492,216000,AZN,2,55.0,9,14,True,True,False,Nəsimi,Bakı
4472383,72640,AZN,1,45.4,4,14,False,True,True,,Sumqayıt
6492491,325000,AZN,2,130.0,4,19,True,False,False,28 May,Bakı
6488075,104000,AZN,1,25.0,3,6,True,False,False,Elmlər Akademiyası,Bakı
6408122,110000,AZN,3,84.0,4,6,True,False,False,Masazır,Bakı
6461033,96000,AZN,3,65.0,4,5,True,True,False,Masazır,Bakı
6334086,108000,AZN,2,62.0,9,9,True,False,False,Hövsan,Bakı
6294662,259000,AZN,3,90.0,9,17,,False,False,Neftçilər,Bakı
6492508,160000,AZN,2,53.0,1,5,True,False,False,Nəriman Nərimanov,Bakı
6483438,245000,AZN,3,85.0,1,6,True,True,False,Həzi Aslanov,Bakı
6492530,252000,AZN,2,80.0,4,16,True,False,False,Elmlər Akademiyası,Bakı
5994002,80500,AZN,2,57.0,5,6,True,False,False,Masazır,Bakı
6120923,140000,AZN,2,70.0,7,10,True,False,False,Yeni Günəşli,Bakı
6458630,120000,AZN,2,35.0,1,5,True,True,True,Memar Əcəmi,Bakı
6286803,445000,AZN,3,140.0,10,17,True,False,False,Nəsimi,Bakı
6467381,410000,AZN,3,135.0,8,16,True,False,False,Elmlər Akademiyası,Bakı
6404756,220000,AZN,3,126.3,17,18,True,True,True,Nizami,Bakı
6484180,355000,AZN,5,150.0,3,4,True,True,True,Səbail,Bakı
6492958,270000,AZN,2,75.0,5,16,False,False,False,Nəriman Nərimanov,Bakı
6491706,138000,AZN,3,67.0,7,9,True,True,False,Massiv D,Bakı
5557514,481200,AZN,4,147.0,8,16,True,True,False,Azadlıq Prospekti,Bakı
6325914,110000,AZN,2,74.0,3,3,False,False,False,Buzovna,Bakı
6488958,320000,AZN,4,110.0,3,9,True,False,False,Nərimanov,Bakı
6371505,179000,AZN,2,50.0,6,20,True,True,False,20 Yanvar,Bakı
6492952,179585,AZN,2,52.0,14,14,True,False,False,Yasamal,Bakı
6484720,140000,AZN,1,33.0,2,5,True,False,False,Nərimanov,Bakı
6432019,205000,AZN,2,55.0,3,17,True,False,False,Nəsimi,Bakı
5827932,233400,AZN,2,77.8,20,20,True,True,True,20 Yanvar,Bakı
6465534,262150,AZN,3,74.9,2,20,True,True,True,20 Yanvar,Bakı
6422485,400000,AZN,3,167.0,7,12,True,False,False,Nəsimi,Bakı
6412250,198000,AZN,2,46.0,5,17,True,True,True,Koroğlu,Bakı
5504127,416500,AZN,2,98.0,4,5,False,True,True,Sea Breeze,Bakı
6488632,450000,AZN,4,202.0,7,12,True,False,False,Gənclik,Bakı
6074617,749000,AZN,4,210.0,14,17,True,False,False,28 May,Bakı
6164169,720000,AZN,4,240.0,6,22,True,False,False,28 May,Bakı
6243561,750000,AZN,3,148.0,7,15,True,False,False,Nizami,Bakı
6262521,166000,AZN,2,69.2,8,15,True,True,False,Yeni Günəşli,Bakı
6442333,155000,AZN,2,45.0,13,17,True,True,True,Avtovağzal,Bakı
6492950,258738,AZN,2,89.3,7,16,False,False,False,Yeni Yasamal,Bakı
5766897,490000,AZN,3,133.0,4,18,False,False,False,28 May,Bakı
6383988,125000,AZN,3,59.0,14,15,True,False,False,,Xırdalan
6391494,140000,AZN,1,57.0,2,9,False,True,True,Sea Breeze,Bakı
6207711,305000,AZN,2,70.0,4,18,True,False,False,Şah İsmayıl Xətai,Bakı
6383317,149500,AZN,2,58.5,10,15,True,True,False,Yeni Günəşli,Bakı
6485458,310000,AZN,2,85.0,15,18,True,True,False,Gənclik,Bakı
6456560,147000,AZN,2,50.0,2,5,True,False,False,20 Yanvar,Bakı
6413535,450000,AZN,2,102.0,2,7,True,False,False,Sea Breeze,Bakı
5010781,279000,AZN,1,47.0,3,6,True,True,True,Sea Breeze,Bakı
6287810,48000,AZN,1,36.0,2,5,False,True,False,Masazır,Bakı
6433070,155000,AZN,1,42.0,7,14,False,False,False,Sea Breeze,Bakı
6316024,310000,AZN,4,98.0,16,18,True,True,False,20 Yanvar,Bakı
6339832,225000,AZN,3,90.0,6,9,True,False,False,Memar Əcəmi,Bakı
6486558,152000,AZN,2,50.0,2,5,True,False,False,Memar Əcəmi,Bakı
5826462,195000,AZN,2,55.0,6,13,True,True,False,Nəsimi,Bakı
5437280,305000,AZN,4,150.0,8,22,True,False,False,Yasamal,Bakı
6049365,414000,AZN,2,102.0,4,5,False,True,True,Sea Breeze,Bakı
6433460,170000,AZN,1,43.0,11,14,True,False,False,Sea Breeze,Bakı
5857180,275000,AZN,3,120.0,3,9,True,True,True,Elmlər Akademiyası,Bakı
6469128,460000,AZN,3,145.0,4,16,True,True,False,Gənclik,Bakı
6412501,765000,AZN,3,139.0,4,4,True,True,True,Sea Breeze,Bakı
6492946,355000,AZN,2,76.0,18,24,True,False,False,Şah İsmayıl Xətai,Bakı
6412505,409000,AZN,2,78.0,2,8,True,True,True,Sea Breeze,Bakı
6105413,172000,AZN,4,97.0,6,9,True,False,False,Həzi Aslanov,Bakı
6442463,850000,AZN,3,165.0,13,20,True,True,False,Ağ şəhər,Bakı
6412495,299000,AZN,1,57.0,4,4,True,True,True,Sea Breeze,Bakı
4738728,156123,AZN,3,83.0,2,9,True,True,False,Lökbatan,Bakı
6181711,245000,AZN,2,95.0,3,21,True,False,False,Həzi Aslanov,Bakı
6428807,370000,AZN,3,108.0,12,15,True,False,False,28 May,Bakı
6246330,480000,AZN,3,147.0,11,17,True,False,False,Elmlər Akademiyası,Bakı
6492943,140000,AZN,2,48.0,7,9,True,False,False,Binəqədi,Bakı
6141479,265000,AZN,3,120.0,17,20,True,False,False,Yasamal,Bakı
4158518,556450,AZN,4,179.5,3,16,False,True,True,8 Noyabr,Bakı
4090254,414062,AZN,3,129.8,6,16,False,True,True,8 Noyabr,Bakı
6484011,253000,AZN,4,127.0,1,10,True,True,False,Həzi Aslanov,Bakı
6486914,148000,AZN,3,48.0,3,5,True,True,True,Həzi Aslanov,Bakı
4223527,414700,AZN,3,130.0,6,16,False,True,True,8 Noyabr,Bakı
3916315,292011,AZN,3,89.3,7,16,False,True,True,8 Noyabr,Bakı
6229752,380000,AZN,4,165.0,10,11,True,False,False,Nəriman Nərimanov,Bakı
3916248,298701,AZN,3,89.7,9,16,False,True,True,8 Noyabr,Bakı
4114907,449800,AZN,3,130.0,15,16,False,True,True,8 Noyabr,Bakı
4170452,168165,AZN,2,50.5,9,16,False,True,True,8 Noyabr,Bakı
4114924,271590,AZN,3,82.3,8,16,False,True,True,8 Noyabr,Bakı
4090316,572605,AZN,4,179.5,6,16,False,True,True,8 Noyabr,Bakı
6288278,211000,AZN,5,110.0,1,9,True,True,False,Xalqlar Dostluğu,Bakı
5936841,233000,AZN,2,98.0,9,9,False,True,True,Nardaran,Bakı
5869316,232000,AZN,2,76.0,2,7,False,True,True,Nardaran,Bakı
6222157,234000,AZN,3,100.0,5,17,True,False,False,Avtovağzal,Bakı
6160228,545000,AZN,5,240.0,8,9,True,False,False,Nərimanov,Bakı
4223502,417956,AZN,3,129.8,7,16,False,True,True,8 Noyabr,Bakı
4057824,163620,AZN,2,50.5,6,16,False,True,True,8 Noyabr,Bakı
6479800,228000,AZN,3,85.0,2,9,True,False,False,Memar Əcəmi,Bakı
4530269,536928,AZN,3,150.4,4,7,False,True,True,Nardaran,Bakı
4127590,296010,AZN,3,89.7,8,16,False,True,True,8 Noyabr,Bakı
4076305,169680,AZN,2,50.5,10,16,False,True,True,8 Noyabr,Bakı
4170473,276528,AZN,3,82.3,10,16,False,True,True,8 Noyabr,Bakı
4158487,165135,AZN,2,50.5,7,16,False,True,True,8 Noyabr,Bakı
6377757,365000,AZN,3,126.0,11,14,True,True,False,Nəsimi,Bakı
6492934,145500,AZN,2,55.0,5,9,True,False,False,Əhmədli,Bakı
4672911,165500,AZN,1,48.0,3,7,False,True,True,Nardaran,Bakı
6163744,195000,AZN,2,58.0,17,18,True,False,False,İnşaatçılar,Bakı
6295052,272000,AZN,1,54.0,3,5,True,True,True,Sea Breeze,Bakı
6490468,90000,AZN,1,34.0,2,4,True,False,False,Elmlər Akademiyası,Bakı
4212393,174000,AZN,1,58.0,2,7,False,True,True,Nardaran,Bakı
6243776,398000,AZN,3,127.0,10,14,True,False,False,Qara Qarayev,Bakı
6463362,220000,AZN,4,90.0,4,5,True,False,False,8-ci mikrorayon,Bakı
6348395,162000,AZN,3,70.0,5,5,True,False,False,Binəqədi,Bakı
6492931,130000,AZN,2,34.0,5,5,True,False,False,Memar Əcəmi,Bakı
6465686,209000,AZN,2,60.0,5,12,True,False,False,Memar Əcəmi,Bakı
6461867,320000,AZN,3,130.0,16,17,True,False,False,20 Yanvar,Bakı
6492926,104000,AZN,2,65.0,4,10,False,False,False,Saray,Bakı
6492928,129000,AZN,2,56.0,1,9,True,False,False,Əhmədli,Bakı
5314655,540000,AZN,3,132.2,9,16,True,True,False,28 May,Bakı
6474902,259000,AZN,2,58.0,4,17,True,False,False,Gənclik,Bakı
5919335,143000,AZN,2,67.0,9,12,False,False,False,Həzi Aslanov,Bakı
6486897,139000,AZN,2,65.0,9,9,True,False,False,Həzi Aslanov,Bakı
6486107,175000,AZN,2,70.0,4,5,True,False,False,Nərimanov,Bakı
6441037,468000,AZN,3,118.0,2,16,True,False,False,Nəsimi,Bakı
6488979,170000,AZN,2,55.0,4,5,True,False,False,Nəriman Nərimanov,Bakı
6326598,350000,AZN,3,117.0,5,17,True,False,False,Qara Qarayev,Bakı
6486152,235000,AZN,3,80.0,6,9,True,False,False,Nərimanov,Bakı
6463447,310000,AZN,2,85.0,15,20,True,False,False,Nərimanov,Bakı
6469533,199000,AZN,2,51.0,3,5,True,False,False,Nərimanov,Bakı
6466738,245000,AZN,2,55.0,10,14,True,False,False,28 May,Bakı
6486968,145000,AZN,3,90.0,9,9,True,False,False,Köhnə Günəşli,Bakı
6489856,250000,AZN,3,90.0,7,14,True,False,False,Abşeron,Sumqayıt
6370744,345000,AZN,5,120.0,6,9,True,False,False,Azadlıq Prospekti,Bakı
6323481,555000,AZN,3,107.7,3,7,True,True,True,Ağ şəhər,Bakı
6309603,200000,AZN,3,75.0,5,5,True,False,False,Nəriman Nərimanov,Bakı
5965117,295000,AZN,3,98.0,3,17,True,False,False,Qara Qarayev,Bakı
6468926,295000,AZN,2,84.3,8,16,True,False,False,Nəriman Nərimanov,Bakı
6244250,215000,AZN,3,64.0,15,17,True,False,False,Qara Qarayev,Bakı
6424169,118500,AZN,1,42.0,1,5,True,True,True,Binəqədi,Bakı
6436398,268000,AZN,2,75.0,8,19,True,True,False,20 Yanvar,Bakı
6077989,215000,AZN,3,75.0,4,10,True,False,False,Qara Qarayev,Bakı
6454272,297000,AZN,3,105.0,5,9,True,False,False,Elmlər Akademiyası,Bakı
6492924,310000,AZN,3,120.0,12,18,True,False,False,Səbail,Bakı
4435565,279000,AZN,1,57.0,2,4,True,True,True,Nardaran,Bakı
6455355,197000,AZN,2,70.0,8,9,True,False,False,Azadlıq Prospekti,Bakı
6492923,880000,AZN,4,187.0,6,7,True,False,False,Ağ şəhər,Bakı
6455296,145000,AZN,1,70.0,2,5,True,False,False,Azadlıq Prospekti,Bakı
5066956,705500,AZN,3,138.0,7,8,True,True,True,Sea Breeze,Bakı
6213961,350000,AZN,3,155.0,10,19,True,False,False,20 Yanvar,Bakı
6463801,165000,AZN,3,60.0,3,4,True,False,False,Biləcəri,Bakı
6486065,164000,AZN,2,65.0,8,9,True,True,False,Xalqlar Dostluğu,Bakı
6448616,360000,AZN,3,107.0,11,18,False,False,False,Bakmil,Bakı
6470283,115000,AZN,2,60.0,5,16,True,False,False,Binəqədi,Bakı
4513499,548505,AZN,1,71.7,7,7,True,True,True,Nardaran,Bakı
6444738,288000,AZN,3,110.0,7,19,True,False,False,Həzi Aslanov,Bakı
6417838,167000,AZN,3,80.0,1,9,True,False,False,Əhmədli,Bakı
6486220,157000,AZN,2,55.0,4,14,True,False,False,Xalqlar Dostluğu,Bakı
6480173,228000,AZN,2,60.0,15,18,True,False,False,Azadlıq Prospekti,Bakı
6328173,385000,AZN,3,122.0,14,17,True,False,False,Elmlər Akademiyası,Bakı
6487131,102000,AZN,2,52.3,3,14,False,True,False,Zığ,Bakı
6475283,218000,AZN,3,96.0,10,17,True,False,False,Həzi Aslanov,Bakı
6458189,134000,AZN,2,50.0,13,13,True,False,False,İnşaatçılar,Bakı
6454174,259000,AZN,3,121.0,6,19,True,False,False,İnşaatçılar,Bakı
6475894,365000,AZN,4,153.0,8,19,True,True,True,Nəriman Nərimanov,Bakı
6397841,175000,AZN,4,85.0,9,9,True,False,False,Əhmədli,Bakı
6197945,350000,AZN,3,95.0,4,5,True,False,False,Elmlər Akademiyası,Bakı
6423857,208000,AZN,3,105.0,16,17,True,False,False,Yeni Yasamal,Bakı
6458654,379000,AZN,3,100.0,13,16,True,False,False,Nəriman Nərimanov,Bakı
6464217,644000,AZN,4,127.0,10,20,True,True,True,Şah İsmayıl Xətai,Bakı
6468135,137000,AZN,3,74.0,14,16,True,True,True,Yasamal,Bakı
6444730,430000,AZN,3,161.0,3,20,True,False,False,Nəriman Nərimanov,Bakı
6492177,348000,AZN,4,146.0,8,19,True,False,False,Həzi Aslanov,Bakı
6407160,230000,AZN,3,80.0,2,5,True,False,False,Elmlər Akademiyası,Bakı
6488738,239000,AZN,2,69.0,12,13,True,False,False,Elmlər Akademiyası,Bakı
6255305,375000,AZN,3,136.0,10,17,True,True,True,8 Noyabr,Bakı
4738960,314250,AZN,1,75.0,3,16,False,True,True,Nizami,Bakı
6252246,955500,AZN,3,195.0,16,16,False,True,True,Nizami,Bakı
6288837,95000,AZN,1,30.0,1,6,True,True,False,Bayıl,Bakı
6029528,353460,AZN,2,86.0,3,16,False,True,True,Nizami,Bakı
6395524,758500,AZN,4,185.0,15,21,False,True,True,Ağ şəhər,Bakı
6336460,430000,AZN,3,160.0,4,18,True,False,False,Elmlər Akademiyası,Bakı
4738972,505440,AZN,2,117.0,10,16,False,True,True,Nizami,Bakı
6492919,550000,AZN,3,80.0,3,6,True,False,False,İçəri Şəhər,Bakı
6029578,487890,AZN,2,117.0,4,16,False,True,True,Nizami,Bakı
6302113,558000,AZN,3,110.0,5,17,True,False,False,28 May,Bakı
6041364,1013460,AZN,5,254.0,4,16,False,True,True,Nizami,Bakı
6357151,555000,AZN,4,130.0,10,15,True,False,False,Nəriman Nərimanov,Bakı
6354515,580000,AZN,3,170.0,4,20,False,True,True,Şah İsmayıl Xətai,Bakı
6322741,325000,AZN,3,79.0,9,14,True,False,False,Gənclik,Bakı
6041162,1023700,AZN,4,290.0,3,16,False,True,True,Nizami,Bakı
6375755,335000,AZN,2,86.0,5,17,True,False,False,Nəsimi,Bakı
6250444,1125650,AZN,5,235.0,15,16,False,True,True,Nizami,Bakı
6474269,240000,AZN,2,70.0,12,17,False,False,False,Nəsimi,Bakı
6331278,265000,AZN,3,100.0,15,19,True,False,False,8 Noyabr,Bakı
6478230,450000,AZN,3,136.0,11,16,True,False,False,Gənclik,Bakı
6041094,768570,AZN,4,187.0,4,16,False,True,True,Nizami,Bakı
6492916,125000,AZN,2,40.0,3,5,True,False,False,20 Yanvar,Bakı
6250487,615450,AZN,3,165.0,3,16,False,True,True,Nizami,Bakı
6474248,230000,AZN,2,70.0,13,18,False,False,False,Nəsimi,Bakı
5146201,632940,AZN,3,154.0,4,16,False,True,True,Nizami,Bakı
6330489,365000,AZN,3,115.0,14,14,True,False,False,Nəsimi,Bakı
6419157,144000,AZN,3,65.0,7,9,True,False,False,Hövsan,Bakı
6468125,268000,AZN,2,66.0,5,16,True,False,False,Gənclik,Bakı
6492911,349000,AZN,3,125.0,17,19,True,False,False,Xalqlar Dostluğu,Bakı
5798925,574000,AZN,3,117.0,6,7,False,True,True,Ağ şəhər,Bakı
6470178,135000,AZN,2,45.0,4,9,True,True,True,Əhmədli,Bakı
6492909,257000,AZN,3,125.0,8,12,True,False,False,Memar Əcəmi,Bakı
6029618,491400,AZN,2,117.0,5,16,False,True,True,Nizami,Bakı
6484743,395000,AZN,3,140.0,5,16,True,False,False,Nəriman Nərimanov,Bakı
6090824,135983,AZN,1,42.1,6,14,False,False,False,Nardaran,Bakı
6489610,458000,AZN,3,118.0,8,17,True,False,False,Gənclik,Bakı
5646958,790000,AZN,4,225.0,10,19,False,True,True,Nərimanov,Bakı
6241737,158000,AZN,2,50.0,5,5,False,False,False,Yasamal,Bakı
4744384,648740,AZN,3,163.0,6,16,False,True,True,Nizami,Bakı
6479812,4020000,AZN,12,772.0,14,20,True,True,True,Şah İsmayıl Xətai,Bakı
4744383,665040,AZN,3,163.0,10,16,False,True,True,Nizami,Bakı
6474065,180000,AZN,5,120.0,3,5,True,False,False,Avtovağzal,Bakı
6476843,365000,AZN,3,136.0,14,17,True,False,False,Nəsimi,Bakı
5909581,230000,AZN,3,100.0,7,9,True,False,False,Neftçilər,Bakı
4893906,513630,AZN,2,117.0,13,16,False,True,True,Nizami,Bakı
6488282,210000,AZN,2,55.0,3,5,True,False,False,Elmlər Akademiyası,Bakı
6091346,245000,AZN,2,71.6,6,14,False,False,False,Nardaran,Bakı
6396685,157000,AZN,2,55.0,4,14,True,False,False,Xalqlar Dostluğu,Bakı
6492906,275000,AZN,5,130.0,6,9,True,False,False,8-ci mikrorayon,Bakı
6308554,199000,AZN,3,85.0,2,9,True,True,False,Bakıxanov,Bakı
4738969,908600,AZN,4,220.0,10,16,False,True,True,Nizami,Bakı
4738965,968820,AZN,4,241.0,3,16,False,True,True,Nizami,Bakı
6091390,168245,AZN,1,43.7,6,14,False,False,False,Nardaran,Bakı
6458634,469000,AZN,3,142.0,7,24,True,True,True,8 Noyabr,Bakı
6489333,490000,AZN,4,165.0,9,11,True,False,False,Elmlər Akademiyası,Bakı
6492905,150000,AZN,3,100.0,1,5,True,False,False,Abşeron,Xırdalan
6446030,199000,AZN,2,45.0,3,5,True,False,False,Nəsimi,Bakı
6304183,220000,AZN,2,70.0,3,14,False,False,False,Qara Qarayev,Bakı
6155181,190000,AZN,3,65.0,4,5,True,False,False,Qara Qarayev,Bakı
6492903,218000,AZN,3,90.0,10,16,True,False,False,Xətai,Bakı
6487631,139000,AZN,1,40.0,4,4,True,False,False,Qara Qarayev,Bakı
6442812,250000,AZN,2,65.0,7,16,True,True,False,Nəsimi,Bakı
6091316,134315,AZN,1,41.2,10,14,False,True,True,Nardaran,Bakı
6461138,290000,AZN,3,100.0,13,17,True,False,False,Qara Qarayev,Bakı
6371777,119500,AZN,2,52.0,5,6,True,False,False,Abşeron,Xırdalan
4948468,314900,AZN,4,127.0,12,15,False,False,False,Qara Qarayev,Bakı
6481863,185000,AZN,2,45.0,4,16,True,False,False,Gənclik,Bakı
6298584,103000,AZN,3,70.0,5,9,True,False,False,Masazır,Bakı
6490926,1250000,AZN,4,205.0,4,20,False,True,False,Xətai,Bakı
6372142,184000,AZN,5,105.0,6,9,True,False,False,Həzi Aslanov,Bakı
5946115,199000,AZN,2,45.0,3,5,True,True,True,Nərimanov,Bakı
6417657,135000,AZN,3,105.0,17,17,False,False,False,Əhmədli,Bakı
6063404,174900,AZN,2,92.0,21,22,False,False,False,Yasamal,Bakı
6026791,259000,AZN,2,105.0,7,14,True,True,False,8-ci kilometr,Bakı
6417797,113000,AZN,1,45.0,3,5,True,False,False,Əhmədli,Bakı
6326152,125800,AZN,3,86.0,13,14,True,False,False,,Sumqayıt
6400585,230000,AZN,4,110.0,2,9,True,False,False,Əhmədli,Bakı
6447758,165000,AZN,3,86.0,12,16,False,True,False,Abşeron,Bakı
5883564,126000,AZN,2,40.0,4,5,True,False,False,Bakıxanov,Bakı
6414117,162000,AZN,2,60.0,3,9,True,False,False,Əhmədli,Bakı
6284402,210000,AZN,3,60.0,10,17,True,True,True,Nəsimi,Bakı
6490276,189000,AZN,3,80.0,2,5,True,False,False,20 Yanvar,Bakı
6482458,190000,AZN,3,70.0,2,5,True,False,False,Memar Əcəmi,Bakı
6226210,315000,AZN,3,130.0,7,23,True,True,False,Elmlər Akademiyası,Bakı
6451707,560000,AZN,5,240.0,2,14,True,False,False,Nizami,Bakı
6208362,320000,AZN,4,180.0,10,11,True,False,False,20 Yanvar,Bakı
6064294,310000,AZN,4,110.0,16,18,True,True,True,7-ci mikrorayon,Bakı
6299077,189000,AZN,3,85.0,6,9,True,False,False,Əhmədli,Bakı
6383921,95000,AZN,2,60.0,1,6,True,False,False,Masazır,Bakı
6273855,355000,AZN,3,113.0,4,14,True,True,True,Azadlıq Prospekti,Bakı
6491117,520000,AZN,3,175.0,14,22,False,False,False,Nizami,Bakı
6445609,275000,AZN,2,70.0,14,18,True,True,False,Yasamal,Bakı
6143452,640000,AZN,3,120.0,12,17,True,False,False,Elmlər Akademiyası,Bakı
5501175,286671,AZN,2,80.3,1,8,False,True,True,Sea Breeze,Bakı
6374569,86000,AZN,3,60.0,1,6,True,False,False,Masazır,Bakı
6492898,290000,AZN,3,138.0,10,18,True,False,False,Nəriman Nərimanov,Bakı
5988281,280000,AZN,2,112.0,12,17,True,True,True,Nəsimi,Bakı
6492895,218000,AZN,2,79.0,2,17,True,False,False,Qara Qarayev,Bakı
6457642,159000,AZN,2,65.0,8,12,True,False,False,İnşaatçılar,Bakı
6244171,190000,AZN,3,65.0,4,5,True,False,False,Neftçilər,Bakı
6491559,79500,AZN,2,44.0,2,6,True,False,False,Masazır,Bakı
5997450,199500,AZN,3,55.0,4,5,True,False,False,Nərimanov,Bakı
6405600,274000,AZN,3,120.6,4,18,True,False,False,Həzi Aslanov,Bakı
6325228,220000,AZN,2,105.0,6,22,True,False,False,Yasamal,Bakı
6394202,187000,AZN,2,60.0,4,9,True,False,False,Əhmədli,Bakı
6402204,167000,AZN,3,60.0,8,12,True,True,False,İnşaatçılar,Bakı
6405771,530000,AZN,4,170.0,4,14,True,False,False,28 May,Bakı
6489194,86500,AZN,2,75.0,5,6,True,False,False,Masazır,Bakı
6476139,118000,AZN,2,40.0,8,9,True,False,False,Xalqlar Dostluğu,Bakı
6277385,525000,AZN,4,178.0,12,17,True,False,False,Nizami,Bakı
6291402,178000,AZN,2,60.0,10,15,True,False,False,Qara Qarayev,Bakı
6409329,95000,AZN,2,68.0,2,13,True,False,False,Masazır,Bakı
6324245,390000,AZN,3,138.0,5,16,True,False,False,Nəsimi,Bakı
6360377,240000,AZN,3,80.0,6,9,True,False,False,Qara Qarayev,Bakı
5999298,69000,AZN,1,72.4,2,10,False,True,True,Abşeron,Xırdalan
6492890,300000,AZN,3,125.0,6,20,True,False,False,İnşaatçılar,Bakı
6346343,228000,AZN,3,105.0,7,12,True,False,False,Həzi Aslanov,Bakı
6453556,79000,AZN,1,35.3,4,16,False,False,False,Sea Breeze,Bakı
6316898,249000,AZN,3,131.0,6,16,True,True,True,Yeni Yasamal,Bakı
6371364,233000,AZN,2,67.0,5,14,True,False,False,Nərimanov,Bakı
6222651,365000,AZN,3,116.0,14,14,True,True,True,Nəsimi,Bakı
6290252,356000,AZN,3,120.0,4,14,True,False,False,Şah İsmayıl Xətai,Bakı
6492882,180000,AZN,2,49.0,1,5,True,False,False,Sahil,Bakı
6483929,178000,AZN,2,60.0,3,5,True,True,True,Elmlər Akademiyası,Bakı
6448433,87000,AZN,2,45.0,5,16,True,False,False,Həzi Aslanov,Bakı
6202351,195000,AZN,5,125.0,9,9,True,False,False,Xətai,Bakı
6238695,325000,AZN,3,79.0,8,12,True,True,True,Nəsimi,Bakı
6490726,225000,AZN,3,75.0,3,5,True,False,False,Nəriman Nərimanov,Bakı
6492887,303000,AZN,3,110.0,4,10,False,False,False,Nəriman Nərimanov,Bakı
6177519,210000,AZN,2,68.0,9,18,True,False,False,8 Noyabr,Bakı
6415574,235000,AZN,3,90.0,3,5,True,False,False,Qara Qarayev,Bakı
6481174,230000,AZN,3,85.0,4,5,True,False,False,Nəsimi,Bakı
6458560,395000,AZN,3,95.0,12,16,True,False,False,Nəriman Nərimanov,Bakı
6459557,140000,AZN,3,80.0,2,5,True,False,False,Zığ,Bakı
6184232,126000,AZN,1,30.0,3,5,True,False,False,Memar Əcəmi,Bakı
6492886,190000,AZN,2,65.0,5,5,True,False,False,Gənclik,Bakı
6481372,162000,AZN,2,50.0,2,5,True,False,False,Memar Əcəmi,Bakı
6485279,920000,AZN,4,300.0,6,16,False,False,False,28 May,Bakı
6468256,195000,AZN,2,77.0,2,10,True,False,False,20 Yanvar,Bakı
6460659,169900,AZN,2,51.0,17,19,True,False,False,Xətai,Bakı
6491383,145000,AZN,2,50.0,3,5,True,False,False,Memar Əcəmi,Bakı
6489567,135000,AZN,3,55.0,2,5,True,False,False,Memar Əcəmi,Bakı
6465107,127000,AZN,2,40.0,3,5,True,False,False,Həzi Aslanov,Bakı
6413363,242010,AZN,3,79.0,12,15,True,False,False,Həzi Aslanov,Bakı
6478116,200000,AZN,2,60.0,4,5,True,False,False,Nərimanov,Bakı
6464114,155000,AZN,3,94.0,4,12,True,False,False,,Xırdalan
6206645,168000,AZN,3,90.0,9,9,True,False,False,Əhmədli,Bakı
5674326,65000,AZN,3,57.0,6,6,True,False,False,Masazır,Bakı
6389768,213000,AZN,2,65.0,6,9,True,False,False,Azadlıq Prospekti,Bakı
5552128,414766,AZN,2,110.9,4,7,False,True,True,Sea Breeze,Bakı
6127070,165000,AZN,2,58.5,12,13,True,False,False,Əhmədli,Bakı
6246015,40000,AZN,1,40.0,5,5,False,False,False,Masazır,Bakı
4215261,360000,AZN,2,102.0,12,18,True,False,False,Şah İsmayıl Xətai,Bakı
6442722,318000,AZN,3,113.0,10,17,False,False,False,28 May,Bakı
6065364,84500,AZN,2,50.0,7,11,True,False,False,Abşeron,Xırdalan
6016703,375000,AZN,3,120.0,8,20,False,False,False,Nizami,Bakı
5957171,380000,AZN,3,120.0,6,12,False,False,False,Nərimanov,Bakı
5462626,106000,AZN,3,122.0,5,8,False,False,False,Masazır,Bakı
6448235,333000,AZN,2,67.1,12,20,False,False,False,Şah İsmayıl Xətai,Bakı
6427347,320000,AZN,4,141.0,15,18,True,False,False,Əhmədli,Bakı
6217660,75000,AZN,2,50.0,11,11,True,False,False,,Xırdalan
6467273,175000,AZN,2,57.0,3,5,True,True,True,Elmlər Akademiyası,Bakı
6452541,297000,AZN,4,120.0,5,9,True,False,False,Elmlər Akademiyası,Bakı
6429268,155000,AZN,2,44.0,6,12,True,False,False,Həzi Aslanov,Bakı
5797083,380000,AZN,3,120.0,15,17,True,False,False,Nəsimi,Bakı
6481391,72000,AZN,2,44.0,2,6,True,False,False,Masazır,Bakı
6483032,570000,AZN,3,140.0,9,17,True,False,False,28 May,Bakı
6132632,155000,AZN,2,65.0,10,10,True,False,False,Əhmədli,Bakı
6492879,400000,AZN,4,150.0,9,16,True,False,False,8 Noyabr,Bakı
6431979,257499,AZN,1,56.1,2,7,False,True,True,Nardaran,Bakı
6402985,265000,AZN,3,127.0,18,18,True,False,False,Nərimanov,Bakı
6465646,445000,AZN,4,165.0,5,16,True,False,False,Nəriman Nərimanov,Bakı
6473969,169500,AZN,2,65.0,6,9,True,False,False,Əhmədli,Bakı
6139051,148000,AZN,2,77.0,5,16,False,False,False,Xətai,Bakı
6261203,387000,AZN,3,100.0,14,19,True,True,False,Nəsimi,Bakı
6477349,145000,AZN,1,63.0,3,15,False,True,False,Azadlıq Prospekti,Bakı
6485627,239000,AZN,3,85.0,2,4,True,False,False,28 May,Bakı
6467906,174000,AZN,2,60.0,1,9,True,False,False,Xalqlar Dostluğu,Bakı
6100231,148000,AZN,3,75.0,9,9,True,False,False,Həzi Aslanov,Bakı
6129360,210000,AZN,3,85.0,1,5,,True,False,Bayıl,Bakı
6457751,227000,AZN,3,90.0,7,9,True,False,False,Xalqlar Dostluğu,Bakı
6474855,420000,AZN,3,162.0,7,10,True,True,False,Nəsimi,Bakı
6455965,179000,AZN,3,60.0,2,9,True,False,False,Xalqlar Dostluğu,Bakı
6161736,123000,AZN,3,70.0,8,10,True,False,False,Masazır,Bakı
6321321,610000,AZN,4,211.0,10,18,True,False,False,Şah İsmayıl Xətai,Bakı
6229269,143000,AZN,3,75.0,9,9,True,False,False,Suraxanı,Bakı
5052465,345000,AZN,3,100.5,10,16,True,False,False,Şah İsmayıl Xətai,Bakı
5754834,168000,AZN,2,56.0,8,16,True,False,False,Həzi Aslanov,Bakı
6443448,255000,AZN,3,80.0,3,4,True,True,True,Yasamal,Bakı
6490348,162000,AZN,2,55.0,2,5,True,False,False,Xalqlar Dostluğu,Bakı
3466697,909500,AZN,5,267.5,7,15,False,True,True,Nizami,Bakı
6478604,160000,AZN,3,90.0,8,9,True,False,False,Yeni Günəşli,Bakı
6321554,435000,AZN,3,125.0,16,16,True,False,False,Şah İsmayıl Xətai,Bakı
6492638,142000,AZN,2,50.0,1,5,True,True,True,Memar Əcəmi,Bakı
6035652,495000,AZN,3,155.0,17,18,True,True,False,Elmlər Akademiyası,Bakı
6062179,339000,AZN,3,123.0,16,17,True,False,False,Əhmədli,Bakı
5044313,456000,AZN,2,114.0,2,15,True,True,True,Nizami,Bakı
6441925,67000,AZN,2,54.0,6,6,True,False,False,Masazır,Bakı
6483038,248000,AZN,3,110.0,8,12,True,False,False,Xətai,Bakı
6484923,212000,AZN,2,75.0,18,20,True,False,False,Nəriman Nərimanov,Bakı
5598659,470000,AZN,3,150.0,14,18,True,False,False,Şah İsmayıl Xətai,Bakı
6446687,497000,AZN,3,150.0,7,20,True,True,False,Gənclik,Bakı
5047008,783360,AZN,4,230.4,5,15,False,True,True,Nizami,Bakı
5047084,909500,AZN,5,267.5,7,15,False,True,True,Nəsimi,Bakı
5466118,970000,AZN,4,200.0,5,17,True,False,False,Nizami,Bakı
6428341,232000,AZN,4,140.0,13,13,True,False,False,Həzi Aslanov,Bakı
6405777,105000,AZN,2,35.0,2,5,False,True,False,Bakıxanov,Bakı
6018860,274000,AZN,3,122.0,4,17,True,False,False,Həzi Aslanov,Bakı
6447210,368000,AZN,3,135.0,12,18,True,True,True,Nəriman Nərimanov,Bakı
6492873,170000,AZN,2,60.0,12,17,True,False,False,İnşaatçılar,Bakı
6446269,1190000,AZN,4,215.0,7,17,True,False,False,28 May,Bakı
6431312,285000,AZN,3,110.0,7,20,True,False,False,Həzi Aslanov,Bakı
5788625,518000,AZN,3,133.0,4,17,False,False,False,28 May,Bakı
6441033,175000,AZN,2,58.0,12,19,True,False,False,Xətai,Bakı
6338526,454000,AZN,3,65.0,5,7,True,False,False,Ağ şəhər,Bakı
5786668,416000,AZN,2,104.0,3,15,True,True,True,Nizami,Bakı
6492864,355000,AZN,5,130.0,3,9,True,False,False,Nəsimi,Bakı
6458821,228000,AZN,2,60.0,9,9,True,False,False,Şah İsmayıl Xətai,Bakı
6492872,450000,AZN,3,96.0,3,7,True,False,False,Ağ şəhər,Bakı
6146040,255000,AZN,4,110.0,2,9,True,False,False,Xalqlar Dostluğu,Bakı
6472459,114000,AZN,3,80.0,4,6,True,True,True,Masazır,Bakı
5786592,348000,AZN,2,87.0,2,15,True,True,True,Nizami,Bakı
5555449,449616,AZN,2,82.7,4,4,True,True,True,Sea Breeze,Bakı
6485383,89000,AZN,2,62.0,1,5,True,False,False,Masazır,Bakı
6155306,235000,AZN,3,90.0,3,9,True,False,False,Əhmədli,Bakı
5667799,305000,AZN,2,70.0,4,17,True,False,False,Elmlər Akademiyası,Bakı
6253967,114000,AZN,3,55.0,1,5,True,False,False,7-ci mikrorayon,Bakı
6482967,395000,AZN,3,140.0,5,18,True,False,False,Nəriman Nərimanov,Bakı
6470240,225000,AZN,2,60.0,15,16,False,True,False,28 May,Bakı
6488049,650000,AZN,4,195.0,5,16,False,False,False,Nizami,Bakı
6488666,370000,AZN,3,85.0,2,5,True,False,False,28 May,Bakı
6489055,430000,AZN,3,144.0,14,17,True,True,True,Nəriman Nərimanov,Bakı
6247851,57500,AZN,1,29.0,8,18,True,True,False,Abşeron,Xırdalan
5853079,1450000,AZN,5,420.0,18,18,False,False,False,Nəsimi,Bakı
6035474,550000,AZN,4,120.0,3,4,True,False,False,Sahil,Bakı
6487105,359000,AZN,3,100.0,12,14,True,False,False,İnşaatçılar,Bakı
5047211,592960,AZN,3,174.4,2,15,False,True,True,Nizami,Bakı
6487806,284500,AZN,3,91.0,12,17,True,False,False,Bayıl,Bakı
6482492,580000,AZN,3,157.0,16,21,False,False,False,Ağ şəhər,Bakı
6363449,56000,AZN,1,51.0,4,7,False,False,False,Masazır,Bakı
6491839,749000,AZN,4,150.0,2,8,True,False,False,Ağ şəhər,Bakı
6244546,185000,AZN,4,135.5,8,8,True,False,False,Abşeron,Xırdalan
6362766,189000,AZN,2,60.0,6,9,True,False,False,Həzi Aslanov,Bakı
6471567,156000,AZN,3,75.0,1,5,True,False,False,Memar Əcəmi,Bakı
6303020,310000,AZN,3,135.0,2,5,True,True,True,Qara Qarayev,Bakı
6492868,232000,AZN,3,104.0,17,20,False,False,False,Xətai,Bakı
6457833,305000,AZN,3,110.0,7,18,True,True,False,Azadlıq Prospekti,Bakı
6382259,383775,AZN,2,90.3,11,11,False,True,True,Nardaran,Bakı
4078471,606060,AZN,4,163.8,15,16,False,True,True,Nizami,Bakı
6296786,1650000,AZN,4,220.0,8,20,False,False,False,Ağ şəhər,Bakı
6457646,259000,AZN,3,110.0,5,17,True,False,False,Yeni Yasamal,Bakı
6178052,520000,AZN,4,200.5,6,18,True,False,False,28 May,Bakı
6125983,280000,AZN,2,65.5,4,18,True,False,False,Nəsimi,Bakı
5431278,1800000,AZN,4,260.5,7,15,True,False,False,Sahil,Bakı
6492813,155000,AZN,2,92.0,13,20,False,False,False,Yeni Yasamal,Bakı
6461521,178000,AZN,2,65.0,7,9,True,False,False,Yeni Yasamal,Bakı
6470189,323000,AZN,2,100.0,4,6,True,False,False,Nardaran,Bakı
6453942,190000,AZN,2,95.0,2,17,True,False,False,Yeni Yasamal,Bakı
6470174,258000,AZN,3,110.0,8,16,True,False,False,Həzi Aslanov,Bakı
6387728,408000,AZN,2,110.0,6,16,True,True,False,Nəsimi,Bakı
6200632,274000,AZN,3,106.9,10,17,False,False,False,Koroğlu,Bakı
6486790,103320,AZN,2,73.8,6,12,False,True,False,Lökbatan,Bakı
6481860,133500,AZN,2,42.0,13,13,True,False,False,Yeni Yasamal,Bakı
6185881,222000,AZN,3,70.0,2,5,True,True,False,İnşaatçılar,Bakı
6492863,195000,AZN,2,65.0,2,15,True,False,False,Qara Qarayev,Bakı
6463842,195000,AZN,2,67.0,9,9,True,False,False,Yasamal,Bakı
6206924,621000,AZN,3,139.0,3,8,False,False,False,Ağ şəhər,Bakı
6452537,365000,AZN,4,160.0,16,17,True,True,True,İnşaatçılar,Bakı
6457552,270000,AZN,1,46.0,2,6,True,True,True,Nardaran,Bakı
6207211,150000,AZN,3,65.0,11,17,True,True,False,Əhmədli,Bakı
6363589,155000,AZN,3,82.0,1,5,True,False,False,Badamdar,Bakı
6473124,115000,AZN,1,44.0,4,9,False,True,True,Sea Breeze,Bakı
6343990,148000,AZN,3,62.0,2,9,True,False,False,Yeni Günəşli,Bakı
6322340,127500,AZN,2,50.0,3,10,True,True,False,,Sumqayıt
6473127,170000,AZN,2,65.0,2,9,False,True,True,Sea Breeze,Bakı
6477198,180000,AZN,2,80.0,12,14,True,False,False,Əhmədli,Bakı
6483838,97500,AZN,2,70.0,3,11,True,True,False,Abşeron,Xırdalan
6473129,120000,AZN,1,44.0,6,9,False,True,True,Sea Breeze,Bakı
6473131,91000,AZN,1,38.0,8,14,False,True,True,Sea Breeze,Bakı
6483844,109500,AZN,2,45.0,11,16,True,True,True,Abşeron,Xırdalan
6464934,145000,AZN,2,50.0,6,6,True,False,False,Bayıl,Bakı
5863380,395148,AZN,2,89.4,8,9,True,True,True,Nardaran,Bakı
6412893,94900,AZN,2,45.0,5,13,True,True,True,Abşeron,Xırdalan
5863392,454580,AZN,3,95.5,4,9,True,True,True,Nardaran,Bakı
6369474,345000,AZN,3,120.0,9,14,True,False,False,İnşaatçılar,Bakı
6481059,435000,AZN,4,162.0,2,7,True,False,False,Nizami,Bakı
6092747,75000,AZN,2,40.0,4,6,True,True,False,Masazır,Bakı
5860670,330000,AZN,3,135.0,21,22,True,False,False,Nizami,Bakı
6483910,213000,AZN,2,75.0,18,20,True,False,False,Nəriman Nərimanov,Bakı
6428368,220000,AZN,3,85.0,5,16,True,False,False,9-cu mikrorayon,Bakı
6478621,160000,AZN,2,84.5,6,10,False,False,False,Biləcəri,Bakı
6481046,79500,AZN,2,44.0,4,6,True,True,True,Masazır,Bakı
6492860,220000,AZN,3,85.0,7,9,True,False,False,Memar Əcəmi,Bakı
6432852,220000,AZN,4,87.0,17,18,True,False,False,9-cu mikrorayon,Bakı
6483990,130500,AZN,2,40.0,4,5,True,False,False,Memar Əcəmi,Bakı
6218270,245000,AZN,2,65.0,10,20,True,True,False,8 Noyabr,Bakı
6483821,168000,AZN,2,55.0,2,5,True,False,False,Memar Əcəmi,Bakı
6434796,186000,AZN,3,69.0,4,17,True,True,False,Biləcəri,Bakı
6461419,269000,AZN,2,62.0,8,12,True,True,False,28 May,Bakı
6409017,285000,AZN,3,91.0,5,15,True,False,False,Həzi Aslanov,Bakı
6248502,79500,AZN,2,44.0,4,6,True,True,True,Masazır,Bakı
6492854,135000,AZN,3,54.0,10,12,True,False,False,Qaraçuxur,Bakı
6445498,340000,AZN,4,153.0,17,20,True,True,False,Həzi Aslanov,Bakı
6230653,159000,AZN,2,55.0,4,5,True,False,False,Memar Əcəmi,Bakı
6346834,385000,AZN,3,116.0,10,14,True,True,True,28 May,Bakı
6168618,75000,AZN,2,44.0,4,6,True,True,False,Masazır,Bakı
4472923,118400,AZN,2,74.0,7,14,False,True,True,,Sumqayıt
6492852,129000,AZN,3,62.0,6,14,True,False,False,,Xırdalan
6492853,157000,AZN,3,112.0,4,18,True,True,True,Abşeron,Xırdalan
5887331,52000,AZN,1,35.0,4,6,False,True,False,Masazır,Bakı
5647358,395000,AZN,3,140.0,5,18,True,True,True,Nəriman Nərimanov,Bakı
6486308,228000,AZN,4,104.0,5,9,True,False,False,İnşaatçılar,Bakı
6440187,140000,AZN,4,90.0,1,9,True,False,False,,Sumqayıt
6434780,470000,AZN,3,134.5,10,14,True,True,False,Nərimanov,Bakı
6180070,92000,AZN,2,47.0,3,13,True,False,False,,Sumqayıt
6457169,205000,AZN,3,95.0,16,16,True,False,False,Həzi Aslanov,Bakı
6451638,155000,AZN,2,50.0,6,12,True,False,False,Həzi Aslanov,Bakı
6337725,149000,AZN,2,45.0,3,5,True,False,False,Neftçilər,Bakı
6418152,147000,AZN,2,65.0,1,9,True,False,False,Həzi Aslanov,Bakı
5510236,210000,AZN,2,55.0,3,5,True,True,False,Nizami,Bakı
6478050,289000,AZN,3,96.0,15,21,True,False,False,Həzi Aslanov,Bakı
6375775,305000,AZN,2,68.0,4,17,True,False,False,Elmlər Akademiyası,Bakı
6424047,210000,AZN,3,74.0,16,17,True,False,False,Həzi Aslanov,Bakı
4329059,450000,AZN,5,200.0,3,6,True,False,False,28 May,Bakı
6483650,162000,AZN,2,50.0,2,9,True,False,False,Azadlıq Prospekti,Bakı
6487088,228000,AZN,3,85.0,6,14,True,False,False,Bakıxanov,Bakı
6432851,340000,AZN,3,133.0,2,4,True,False,False,Həzi Aslanov,Bakı
6478350,160000,AZN,2,75.0,2,20,True,False,False,Əhmədli,Bakı
6059267,142500,AZN,2,72.3,8,10,False,True,False,Biləcəri,Bakı
6457291,209000,AZN,3,82.0,9,9,True,False,False,Əhmədli,Bakı
6492851,345000,AZN,3,120.0,12,16,True,False,False,İnşaatçılar,Bakı
6483651,275000,AZN,3,132.0,7,18,False,False,False,Badamdar,Bakı
6489892,135000,AZN,2,55.0,2,17,True,False,False,İnşaatçılar,Bakı
6419420,350000,AZN,2,91.0,8,17,True,False,False,28 May,Bakı
6380722,113000,AZN,1,25.0,2,2,True,False,False,Sahil,Bakı
6490082,150000,AZN,2,65.0,2,5,True,False,False,20 Yanvar,Bakı
6465298,325000,AZN,2,95.0,2,17,True,False,False,28 May,Bakı
6492265,105000,AZN,3,70.0,7,11,True,False,False,,Xırdalan
6489975,330000,AZN,4,120.0,2,9,True,False,False,Elmlər Akademiyası,Bakı
6490438,210000,AZN,2,60.0,10,15,True,False,False,İnşaatçılar,Bakı
6478981,430000,AZN,3,144.0,14,17,True,True,True,Nərimanov,Bakı
6489320,150000,AZN,2,55.0,2,5,True,False,False,20 Yanvar,Bakı
6489347,188000,AZN,2,51.0,12,19,True,False,False,20 Yanvar,Bakı
6413037,610000,AZN,5,215.0,5,19,True,False,False,Şah İsmayıl Xətai,Bakı
6475718,219000,AZN,3,95.0,8,17,True,False,False,Həzi Aslanov,Bakı
6465112,167000,AZN,2,65.0,4,9,True,False,False,Xətai,Bakı
6050578,242000,AZN,3,80.0,12,15,True,False,False,Həzi Aslanov,Bakı
6191366,590000,AZN,4,215.0,12,18,True,True,True,Azadlıq Prospekti,Bakı
5976817,200000,AZN,2,80.0,6,15,True,False,False,Həzi Aslanov,Bakı
6475714,175000,AZN,2,56.0,14,17,True,False,False,Həzi Aslanov,Bakı
6478597,79500,AZN,2,50.0,11,11,True,False,False,,Xırdalan
6471549,167000,AZN,2,60.0,4,9,True,False,False,Əhmədli,Bakı
6466652,184000,AZN,2,65.0,2,9,True,False,False,Həzi Aslanov,Bakı
6394227,142500,AZN,2,60.0,5,9,True,False,False,Əhmədli,Bakı
6492844,265000,AZN,3,70.0,3,5,True,False,False,Yasamal,Bakı
6483307,372000,AZN,3,116.0,11,14,False,True,True,Azadlıq Prospekti,Bakı
6115366,650000,AZN,4,220.0,9,10,True,False,False,Nizami,Bakı
6416218,640000,AZN,5,200.3,6,18,False,False,False,Nizami,Bakı
5931583,790000,AZN,5,295.0,19,20,False,False,False,28 May,Bakı
6443836,232000,AZN,3,98.1,7,14,False,False,False,Bakıxanov,Bakı
6449768,137000,AZN,2,42.0,5,5,True,False,False,Nəriman Nərimanov,Bakı
6396753,181000,AZN,3,80.0,6,9,True,False,False,Həzi Aslanov,Bakı
6492843,124000,AZN,2,55.0,5,5,True,False,False,Memar Əcəmi,Bakı
6396306,218000,AZN,2,60.0,2,18,True,False,False,28 May,Bakı
6425378,229000,AZN,3,98.0,10,15,True,True,False,Həzi Aslanov,Bakı
6468251,100000,AZN,2,45.0,5,5,True,True,False,Biləcəri,Bakı
6327571,125000,AZN,3,70.0,3,5,True,False,False,,Sumqayıt
6314490,133500,AZN,2,63.0,11,15,True,False,False,,Xırdalan
6427993,256000,AZN,2,96.0,13,18,True,False,False,İnşaatçılar,Bakı
6383180,469000,AZN,4,131.0,8,17,True,False,False,İnşaatçılar,Bakı
6394743,19000,AZN,1,20.0,2,5,True,False,False,,Sumqayıt
6051420,330000,AZN,3,108.0,12,15,,False,False,Nəsimi,Bakı
6492840,160000,AZN,2,62.0,5,9,True,False,False,Həzi Aslanov,Bakı
6492838,238000,AZN,4,100.0,1,5,True,False,False,Bakıxanov,Bakı
6421113,153500,AZN,2,60.0,9,9,True,False,False,Azadlıq Prospekti,Bakı
6387796,280000,AZN,3,115.0,19,20,True,True,False,8 Noyabr,Bakı
6492837,125000,AZN,2,68.0,4,4,True,False,False,Qaraçuxur,Bakı
6336682,325000,AZN,3,100.0,5,5,True,True,True,Şah İsmayıl Xətai,Bakı
6275991,210000,AZN,4,100.0,8,9,True,True,False,Əhmədli,Bakı
6492835,300000,AZN,4,156.0,15,17,True,False,False,,Sumqayıt
6492834,118000,AZN,4,85.0,1,5,True,False,False,,Sumqayıt
6475970,96500,AZN,2,55.5,1,4,True,False,False,,Xırdalan
6475511,92500,AZN,2,44.0,4,14,True,False,False,,Xırdalan
6461388,195000,AZN,3,75.0,5,5,True,True,False,İnşaatçılar,Bakı
6409623,455000,AZN,4,156.0,4,12,True,False,False,Bakıxanov,Bakı
6275087,165000,AZN,3,80.0,8,9,True,True,False,Əhmədli,Bakı
6449947,177000,AZN,4,114.0,4,9,True,True,False,Hövsan,Bakı
6419736,332134,AZN,2,107.4,3,18,False,True,True,Badamdar,Bakı
5613267,165000,AZN,2,77.0,12,15,True,True,False,İnşaatçılar,Bakı
6484542,93000,AZN,2,77.0,1,6,True,True,True,Masazır,Bakı
6467295,435000,AZN,4,190.0,12,18,True,True,True,Nəsimi,Bakı
6492830,205000,AZN,3,83.0,2,12,True,False,False,Yasamal,Bakı
6483891,165000,AZN,3,69.0,3,17,True,False,False,Yeni Günəşli,Bakı
6161888,453000,AZN,3,165.0,17,17,False,False,False,Elmlər Akademiyası,Bakı
6245444,714000,AZN,3,207.0,16,21,False,False,False,Elmlər Akademiyası,Bakı
6020217,495000,AZN,3,93.0,3,4,True,True,True,Sea Breeze,Bakı
6476576,154000,AZN,2,52.0,4,5,True,False,False,Memar Əcəmi,Bakı
6476374,184000,AZN,3,85.0,3,5,True,True,True,Bakıxanov,Bakı
6484081,780000,AZN,4,217.0,7,17,True,True,True,Gənclik,Bakı
6438502,182000,AZN,2,65.0,1,9,True,False,False,Xalqlar Dostluğu,Bakı
6362464,335000,AZN,2,100.0,11,19,True,False,False,Nərimanov,Bakı
6463324,168000,AZN,2,60.0,3,9,True,False,False,Həzi Aslanov,Bakı
6340250,495000,AZN,3,130.0,7,16,True,False,False,Gənclik,Bakı
6258748,175000,AZN,2,60.0,2,4,True,False,False,Nərimanov,Bakı
6312320,430000,AZN,3,162.0,16,17,True,False,False,Nərimanov,Bakı
6301481,465000,AZN,4,141.0,16,17,True,False,False,Nəsimi,Bakı
6360382,590000,AZN,4,210.0,13,18,True,False,False,Nəsimi,Bakı
6321076,288000,AZN,2,70.0,18,21,True,False,False,Nəsimi,Bakı
6249580,560000,AZN,4,175.0,4,21,True,False,False,Nəsimi,Bakı
6362781,213900,AZN,4,136.0,11,19,True,False,False,Bakıxanov,Bakı
6247122,95000,AZN,2,55.0,7,9,True,False,False,,Sumqayıt
6492825,81000,AZN,2,45.0,9,11,True,False,False,,Xırdalan
6422602,650000,AZN,3,400.0,18,18,True,True,True,Nəriman Nərimanov,Bakı
5846169,148000,AZN,2,60.0,7,9,True,True,False,Əhmədli,Bakı
6340459,220000,AZN,3,80.0,2,5,True,False,False,Qara Qarayev,Bakı
5388275,195000,AZN,3,69.5,3,9,True,False,False,Əhmədli,Bakı
6466426,80000,AZN,4,88.0,9,9,True,False,False,,Sumqayıt
5153327,410000,AZN,3,135.0,9,16,True,False,False,Şah İsmayıl Xətai,Bakı
5153320,309000,AZN,2,96.0,9,16,True,False,False,Şah İsmayıl Xətai,Bakı
5358990,340000,AZN,3,106.0,14,18,True,False,False,Qara Qarayev,Bakı
6425632,340000,AZN,3,133.0,2,4,True,True,False,Həzi Aslanov,Bakı
6174030,200320,AZN,1,64.0,7,12,False,False,False,Qara Qarayev,Bakı
6492822,175000,AZN,3,75.0,8,9,True,False,False,Qara Qarayev,Bakı
5478597,310000,AZN,3,106.6,3,17,True,False,False,Qara Qarayev,Bakı
6312934,138500,AZN,3,61.0,13,14,False,True,False,Bakıxanov,Bakı
6447338,228000,AZN,2,71.0,9,17,True,False,False,Qara Qarayev,Bakı
6492819,267000,AZN,3,95.0,7,16,True,False,False,Neftçilər,Bakı
6489426,207000,AZN,2,60.6,5,5,True,False,False,Elmlər Akademiyası,Bakı
6422696,152000,AZN,2,55.0,4,5,True,False,False,Memar Əcəmi,Bakı
6209044,205000,AZN,2,70.0,14,17,True,False,False,Qara Qarayev,Bakı
6221233,205000,AZN,2,64.0,9,16,True,False,False,Qara Qarayev,Bakı
6429713,236300,AZN,2,51.0,8,9,True,True,False,İnşaatçılar,Bakı
6487437,103000,AZN,2,52.3,3,16,False,False,False,Zığ,Bakı
6302608,355000,AZN,3,120.0,15,17,True,True,False,Gənclik,Bakı
6429178,289000,AZN,3,131.0,4,13,True,True,False,Yeni Günəşli,Bakı
6434719,145000,AZN,2,55.0,1,5,True,False,False,Memar Əcəmi,Bakı
6216842,310000,AZN,4,140.0,4,16,False,False,False,Səbail,Bakı
6409731,155000,AZN,2,52.0,1,5,True,False,False,Memar Əcəmi,Bakı
6391484,305000,AZN,3,123.0,2,16,True,False,False,Şah İsmayıl Xətai,Bakı
6491671,175000,AZN,2,72.0,15,20,True,False,False,Əhmədli,Bakı
6451395,228000,AZN,3,90.0,9,9,True,True,False,Bakıxanov,Bakı
6492815,230000,AZN,2,80.0,15,17,True,False,False,Memar Əcəmi,Bakı
6442433,186000,AZN,2,63.0,8,17,True,False,False,Nəsimi,Bakı
6480790,192000,AZN,3,80.0,5,9,True,True,False,Həzi Aslanov,Bakı
6297300,475000,AZN,3,130.0,16,22,True,False,False,Elmlər Akademiyası,Bakı
6434729,205000,AZN,2,62.0,10,13,True,False,False,Memar Əcəmi,Bakı
6487214,105000,AZN,1,35.0,4,4,True,False,False,Elmlər Akademiyası,Bakı
6131452,290000,AZN,3,81.0,19,20,True,True,False,Elmlər Akademiyası,Bakı
6488914,550000,AZN,3,170.0,8,16,True,True,False,Səbail,Bakı
6392469,550000,AZN,4,225.0,4,16,True,True,False,Nəsimi,Bakı
6475319,123000,AZN,3,75.0,8,10,True,True,False,Masazır,Bakı
6216169,395000,AZN,2,98.0,7,15,True,True,False,Gənclik,Bakı
6372928,208000,AZN,2,80.0,10,12,True,False,False,Yeni Yasamal,Bakı
6070839,91000,AZN,2,78.0,11,18,False,False,False,Lökbatan,Bakı
6211088,157000,AZN,2,52.0,3,9,True,True,True,Nərimanov,Bakı
6400928,128000,AZN,3,50.0,3,10,True,True,False,,Sumqayıt
5963351,95000,AZN,2,79.0,10,18,False,False,False,Lökbatan,Bakı
6492803,188000,AZN,3,70.0,3,5,True,False,False,Qara Qarayev,Bakı
5784508,365000,AZN,3,135.0,15,16,True,True,False,Nəsimi,Bakı
5893233,1000000,AZN,7,450.0,2,2,True,True,False,Sahil,Bakı
6489782,285000,AZN,3,136.0,16,18,True,True,False,Yeni Yasamal,Bakı
6464304,137000,AZN,2,60.0,2,5,True,False,False,Memar Əcəmi,Bakı
6474155,123000,AZN,2,60.0,2,9,True,False,False,Əhmədli,Bakı
6489778,178000,AZN,2,63.0,3,16,True,True,True,Həzi Aslanov,Bakı
6325622,399999,AZN,2,70.0,2,7,True,False,False,Nardaran,Bakı
6406618,105000,AZN,1,60.9,1,3,True,False,False,Bakıxanov,Bakı
6429468,270000,AZN,3,83.0,12,14,True,True,True,Yasamal,Bakı
6434895,415000,AZN,4,156.0,15,17,True,True,True,Binəqədi,Bakı
6419656,410000,AZN,3,152.0,4,20,True,True,True,Badamdar,Bakı
6464234,116000,AZN,1,45.0,6,9,True,False,False,Köhnə Günəşli,Bakı
6413827,223000,AZN,3,85.0,4,9,True,False,False,Xalqlar Dostluğu,Bakı
6257384,175000,AZN,2,65.0,4,9,True,False,False,Əhmədli,Bakı
6480078,380000,AZN,4,160.0,10,16,True,False,False,8-ci mikrorayon,Bakı
6478024,163000,AZN,2,53.0,4,5,True,False,False,Nərimanov,Bakı
6397946,179000,AZN,2,60.0,16,20,True,True,False,Həzi Aslanov,Bakı
6456512,265000,AZN,3,100.0,15,19,True,False,False,8 Noyabr,Bakı
6492796,300000,AZN,3,103.3,14,16,True,False,False,Qara Qarayev,Bakı
6454101,255000,AZN,2,110.0,17,17,True,True,True,Nəsimi,Bakı
6486753,270000,AZN,3,71.3,10,19,True,True,False,Xətai,Bakı
6489214,355000,AZN,2,76.0,19,24,True,False,False,Şah İsmayıl Xətai,Bakı
5923698,136000,AZN,3,65.0,2,5,True,True,False,Avtovağzal,Bakı
6125500,145000,AZN,3,75.0,6,10,True,True,False,Məmmədli,Bakı
6240187,380000,AZN,3,106.0,2,3,True,False,False,Səbail,Bakı
6491640,116000,AZN,1,36.0,7,9,True,False,False,Massiv D,Bakı
6492795,460000,AZN,3,114.0,11,22,True,True,True,Elmlər Akademiyası,Bakı
6409676,79500,AZN,2,87.0,13,16,False,True,True,Masazır,Bakı
5785456,435000,AZN,3,132.0,5,16,True,False,False,Şah İsmayıl Xətai,Bakı
6409342,158000,AZN,3,64.0,3,4,True,True,False,Azadlıq Prospekti,Bakı
6227556,415000,AZN,3,127.0,14,18,True,False,False,Nəriman Nərimanov,Bakı
6360595,115500,AZN,2,55.0,13,15,True,True,True,,Xırdalan
6475954,232000,AZN,3,104.0,17,21,False,False,False,Xətai,Bakı
6448042,297000,AZN,3,135.0,8,11,True,False,False,İnşaatçılar,Bakı
6399700,137000,AZN,4,95.0,1,5,True,False,False,,Sumqayıt
6399300,86000,AZN,2,55.0,5,5,True,False,False,,Sumqayıt
6122321,178500,AZN,3,95.0,3,4,True,False,False,,Sumqayıt
6230470,175000,AZN,4,108.0,2,4,True,False,False,,Sumqayıt
6492791,365000,AZN,3,130.0,13,17,True,False,False,Elmlər Akademiyası,Bakı
6319178,159000,AZN,4,95.0,4,5,True,False,False,,Sumqayıt
6492790,158000,AZN,2,58.0,2,5,True,False,False,Memar Əcəmi,Bakı
6403833,95000,AZN,3,70.0,1,5,True,False,False,,Sumqayıt
6492788,450000,AZN,2,65.0,12,21,True,False,False,28 May,Bakı
6309061,97000,AZN,2,52.0,4,5,True,False,False,,Sumqayıt
6401938,305000,AZN,3,116.0,7,9,True,True,False,,Sumqayıt
6492786,189999,AZN,3,70.0,9,9,True,False,False,Memar Əcəmi,Bakı
6267480,225000,AZN,4,115.0,3,4,True,False,False,,Sumqayıt
6492782,175000,AZN,3,75.0,8,9,True,False,False,Koroğlu,Bakı
6325602,158000,AZN,4,105.0,2,9,True,False,False,Hövsan,Bakı
6492781,75000,AZN,2,50.0,3,5,True,False,False,Masazır,Bakı
6390762,155000,AZN,4,94.0,6,8,True,True,False,,Sumqayıt
6492780,610000,AZN,4,129.0,2,9,True,False,False,Nizami,Bakı
6492779,555000,AZN,4,127.0,10,17,True,False,False,Nəriman Nərimanov,Bakı
6399447,146000,AZN,2,55.0,3,5,True,True,False,Memar Əcəmi,Bakı
6435329,178000,AZN,3,65.0,4,5,True,True,False,Memar Əcəmi,Bakı
6306498,146000,AZN,2,55.0,3,5,True,True,False,Memar Əcəmi,Bakı
6390533,127000,AZN,3,70.0,4,5,True,False,False,,Sumqayıt
6488493,550000,AZN,4,123.0,7,7,True,False,False,Ağ şəhər,Bakı
6492774,95000,AZN,2,59.5,12,17,True,False,False,,Sumqayıt
6375171,256000,AZN,2,72.1,6,10,True,True,True,7-ci mikrorayon,Bakı
6492766,315000,AZN,4,156.0,11,15,True,False,False,,Sumqayıt
6464358,137000,AZN,3,75.0,8,9,True,True,False,Hövsan,Bakı
6237241,127500,AZN,3,71.0,1,7,True,True,False,Hövsan,Bakı
6492760,177000,AZN,4,97.0,1,9,True,False,False,Yeni Günəşli,Bakı
6447851,159000,AZN,2,40.0,12,13,True,True,True,Bayıl,Bakı
6492751,450000,AZN,3,175.0,7,10,True,False,False,Elmlər Akademiyası,Bakı
6226151,118000,AZN,2,60.0,3,7,True,True,False,Masazır,Bakı
6492745,307000,AZN,2,75.0,13,17,True,False,False,Koroğlu,Bakı
6415503,264000,AZN,3,125.0,4,16,True,False,False,Badamdar,Bakı
6492740,170000,AZN,3,80.0,3,9,True,False,False,Yeni Günəşli,Bakı
6492739,175000,AZN,3,90.0,5,5,True,False,False,Bakıxanov,Bakı
6286399,224000,AZN,3,114.0,8,12,False,True,True,Həzi Aslanov,Bakı
6492737,400000,AZN,3,106.0,11,15,True,False,False,Nəriman Nərimanov,Bakı
6492734,137000,AZN,2,55.0,5,5,True,False,False,7-ci mikrorayon,Bakı
6492733,260000,AZN,2,58.0,4,16,True,False,False,Nəriman Nərimanov,Bakı
6370147,700000,AZN,6,302.0,7,8,True,False,False,Şah İsmayıl Xətai,Bakı
6434241,130000,AZN,1,30.0,2,5,True,False,False,Memar Əcəmi,Bakı
6492731,269000,AZN,3,119.0,9,18,False,False,False,Gənclik,Bakı
6335255,75000,AZN,1,35.3,4,14,False,False,False,Sea Breeze,Bakı
6148675,270000,AZN,3,101.0,11,19,True,False,False,Nəriman Nərimanov,Bakı
6048711,73200,AZN,2,40.3,5,5,True,False,False,,Sumqayıt
5566735,429000,AZN,4,173.0,3,16,False,True,True,Koroğlu,Bakı
6451464,145000,AZN,3,86.0,17,17,True,True,False,Əhmədli,Bakı
6350712,166000,AZN,3,110.0,11,11,True,True,False,Əhmədli,Bakı
6195304,80000,AZN,3,62.0,3,7,True,False,False,Mehdiabad,Bakı
6152403,160000,AZN,1,50.5,5,19,False,True,False,8 Noyabr,Bakı
6241777,145000,AZN,2,56.0,2,4,True,True,False,Xətai,Bakı
6467177,230000,AZN,3,86.0,2,9,True,True,False,Nəsimi,Bakı
6174967,210000,AZN,2,80.0,10,16,False,False,False,Qara Qarayev,Bakı
6364510,127000,AZN,2,60.0,9,9,True,False,False,Xətai,Bakı
6489575,120000,AZN,1,50.0,1,9,True,False,False,Əhmədli,Bakı
6474077,165000,AZN,2,77.0,5,16,True,False,False,İnşaatçılar,Bakı
6453574,185000,AZN,3,70.0,5,9,True,False,False,Qaraçuxur,Bakı
6382748,72000,AZN,2,44.0,2,6,True,False,False,Masazır,Bakı
5996772,62000,AZN,2,40.0,6,6,True,False,False,Masazır,Bakı
6466083,81000,AZN,2,60.0,5,6,True,True,False,Masazır,Bakı
6165279,93000,AZN,3,70.0,4,6,True,False,False,Masazır,Bakı
6483021,540000,AZN,4,145.0,8,11,True,True,False,Nərimanov,Bakı
6489120,96000,AZN,3,78.0,4,7,True,True,False,Abşeron,Xırdalan
6287191,127000,AZN,2,41.0,2,17,True,False,False,Qara Qarayev,Bakı
6491147,190000,AZN,3,75.0,7,9,True,True,False,Neftçilər,Bakı
6491088,149000,AZN,2,45.0,4,9,True,False,False,Nəsimi,Bakı
6385436,628000,AZN,3,157.0,14,17,True,True,False,Gənclik,Bakı
6079689,153000,AZN,3,75.0,1,5,True,False,False,Həzi Aslanov,Bakı
6012527,169900,AZN,3,82.0,7,19,True,False,False,Bakıxanov,Bakı
6489630,85500,AZN,2,56.0,5,14,True,True,False,Saray,Bakı
6078103,250000,AZN,4,120.0,4,5,True,False,False,Bakıxanov,Bakı
6470137,120000,AZN,4,90.0,13,13,True,True,False,Saray,Bakı
6464300,180000,AZN,1,50.0,7,17,True,True,False,Elmlər Akademiyası,Bakı
6456311,149000,AZN,2,60.0,2,9,True,True,False,Bakıxanov,Bakı
6308704,440000,AZN,4,160.0,2,10,True,True,False,Elmlər Akademiyası,Bakı
6464728,170000,AZN,2,45.0,3,5,True,True,False,Elmlər Akademiyası,Bakı
6490796,148000,AZN,2,87.0,13,17,True,False,False,,Xırdalan
6443756,168000,AZN,3,83.0,11,15,True,False,False,,Xırdalan
6390436,249000,AZN,2,80.0,5,13,True,True,False,Koroğlu,Bakı
6480996,233000,AZN,2,60.0,5,14,True,False,False,28 May,Bakı
6460455,265000,AZN,2,85.0,3,17,True,True,False,28 May,Bakı
6482957,185000,AZN,1,44.0,4,17,True,True,False,Gənclik,Bakı
6482954,435000,AZN,3,150.0,10,16,True,False,False,28 May,Bakı
6483052,310000,AZN,3,94.0,5,16,True,False,False,28 May,Bakı
6492439,190000,AZN,2,90.0,3,16,True,True,False,İnşaatçılar,Bakı
6490529,240000,AZN,3,102.0,17,18,True,False,False,Səbail,Bakı
3248479,145000,AZN,2,62.0,3,16,,False,False,Xalqlar Dostluğu,Bakı
6456577,178000,AZN,3,75.0,6,9,True,False,False,Əhmədli,Bakı
6445053,128000,AZN,2,40.0,2,5,True,False,False,Həzi Aslanov,Bakı
6473065,114900,AZN,2,40.0,10,15,True,False,False,Həzi Aslanov,Bakı
6442262,185000,AZN,3,110.0,10,15,False,True,False,Avtovağzal,Bakı
6412525,140000,AZN,2,65.0,5,16,True,True,True,Abşeron,Xırdalan
6492414,262000,AZN,3,118.0,14,18,True,True,False,İnşaatçılar,Bakı
6470078,355000,AZN,3,95.0,16,17,True,True,False,Nizami,Bakı
6463693,508000,AZN,4,195.0,8,16,True,True,False,28 May,Bakı
6220083,580000,AZN,4,240.0,4,19,True,True,False,Nizami,Bakı
6332334,555000,AZN,4,135.0,10,15,True,True,False,Nəriman Nərimanov,Bakı
6280421,520000,AZN,4,198.0,13,17,True,True,False,Nəsimi,Bakı
6432698,420000,AZN,4,130.0,3,19,True,True,False,Nəriman Nərimanov,Bakı
6489959,529000,AZN,4,200.0,16,17,True,False,False,Nəsimi,Bakı
6478405,289000,AZN,4,120.0,5,9,True,False,False,Nəsimi,Bakı
5553804,319000,AZN,3,130.0,8,17,True,True,False,İnşaatçılar,Bakı
6473118,102000,AZN,2,40.0,7,15,True,True,False,Abşeron,Xırdalan
6269767,200000,AZN,3,70.0,6,6,True,False,False,28 May,Bakı
6367666,95000,AZN,3,75.4,14,19,True,True,False,İnşaatçılar,Bakı
6313896,149000,AZN,2,58.0,6,10,True,False,False,,Sumqayıt
6463372,135000,AZN,3,72.0,19,19,True,False,False,Nizami,Bakı
6426404,198500,AZN,4,90.0,10,10,True,True,False,Lökbatan,Bakı
6492102,470000,AZN,4,170.0,15,16,True,False,False,Şah İsmayıl Xətai,Bakı
5991406,295000,AZN,2,108.0,7,16,True,False,False,Nəriman Nərimanov,Bakı
6492681,535000,AZN,3,120.0,10,17,True,True,True,28 May,Bakı
6471275,135000,AZN,2,60.0,6,12,True,False,False,,Sumqayıt
6442135,157000,AZN,2,55.0,3,9,True,False,False,Nərimanov,Bakı
6412222,285000,AZN,2,70.0,4,19,True,False,False,Nəriman Nərimanov,Bakı
6451669,233000,AZN,2,67.0,5,7,True,False,False,Nizami,Bakı
6473005,185000,AZN,2,60.0,16,17,True,False,False,Neftçilər,Bakı
6409614,2000000,AZN,2,114.0,6,25,True,False,False,Sahil,Bakı
6489199,253000,AZN,3,110.0,10,16,False,False,False,Memar Əcəmi,Bakı
6283897,165000,AZN,3,80.0,1,9,True,True,True,Köhnə Günəşli,Bakı
6393985,158000,AZN,2,70.0,16,18,True,False,False,Xətai,Bakı
6461318,160000,AZN,2,82.0,6,12,False,True,False,20 Yanvar,Bakı
6405900,1100000,AZN,4,144.0,2,7,True,True,True,Ağ şəhər,Bakı
6051479,169000,AZN,2,44.0,5,5,True,False,False,Nərimanov,Bakı
6422614,348000,AZN,3,156.0,12,17,False,False,False,Bayıl,Bakı
6277179,115000,AZN,2,100.0,5,16,False,True,True,Lökbatan,Bakı
6395591,224000,AZN,1,64.0,7,20,False,False,False,Şah İsmayıl Xətai,Bakı
6239437,365000,AZN,3,112.0,14,15,True,False,False,Nəsimi,Bakı
6241643,325000,AZN,3,105.0,9,11,True,False,False,Dərnəgül,Bakı
6246177,120000,AZN,2,55.0,11,11,True,False,False,Zığ,Bakı
6444937,269000,AZN,2,117.0,3,17,False,False,False,Nəsimi,Bakı
6431053,460000,AZN,3,92.0,15,21,True,True,False,Şah İsmayıl Xətai,Bakı
6487367,179000,AZN,2,60.0,16,20,True,False,False,Əhmədli,Bakı
6412426,215000,AZN,2,84.6,14,16,True,False,False,Memar Əcəmi,Bakı
6434683,277000,AZN,3,101.0,4,19,True,False,False,Dərnəgül,Bakı
6395728,143000,AZN,2,86.0,7,14,True,True,False,Saray,Bakı
6380393,100000,AZN,1,39.0,6,16,False,True,True,Sea Breeze,Bakı
6380408,97000,AZN,1,38.0,8,16,False,True,True,Sea Breeze,Bakı
6160194,188000,AZN,2,88.0,2,9,True,True,False,Yeni Yasamal,Bakı
6404404,77000,AZN,2,52.0,5,5,True,False,False,Abşeron,Xırdalan
6472983,145000,AZN,2,65.0,3,9,True,False,False,Əhmədli,Bakı
6422476,188000,AZN,3,80.0,9,14,True,True,True,Qaraçuxur,Bakı
6177036,739000,AZN,5,214.0,4,17,True,True,False,Nəriman Nərimanov,Bakı
5776084,285000,AZN,1,58.0,4,4,True,True,True,Nardaran,Bakı
6464155,330000,AZN,2,65.0,2,5,True,True,True,Sea Breeze,Bakı
6399031,242000,AZN,3,88.0,6,19,True,True,False,Həzi Aslanov,Bakı
6131600,309000,AZN,2,70.0,3,19,True,False,False,Şah İsmayıl Xətai,Bakı
5551674,85000,AZN,2,61.0,5,17,True,True,False,,Xırdalan
6488334,165000,AZN,1,84.0,6,12,True,False,False,20 Yanvar,Bakı
6450828,307000,AZN,3,162.0,11,23,True,False,False,20 Yanvar,Bakı
6447764,88500,AZN,2,57.0,3,6,True,True,True,Masazır,Bakı
6447745,88500,AZN,2,54.0,2,6,True,True,True,Masazır,Bakı
6491708,285000,AZN,3,104.0,27,27,True,False,False,8 Noyabr,Bakı
6183050,428000,AZN,3,105.0,14,17,True,True,True,Koroğlu,Bakı
6456394,144000,AZN,3,67.0,7,9,True,True,True,Hövsan,Bakı
6182693,628000,AZN,4,217.0,12,19,True,True,False,28 May,Bakı
6442344,98000,AZN,2,80.8,13,17,False,True,True,Binəqədi,Bakı
6438875,145000,AZN,3,94.0,11,16,True,True,True,Binəqədi,Bakı
6489677,450000,AZN,3,146.0,7,17,True,True,True,Neftçilər,Bakı
6489691,425000,AZN,3,127.0,12,14,True,True,True,Qara Qarayev,Bakı
6489678,420000,AZN,3,139.0,10,16,True,True,True,Neftçilər,Bakı
6445297,115000,AZN,3,74.0,2,3,True,True,False,Binəqədi,Bakı
6386940,277219,AZN,2,70.9,3,12,False,True,True,Nardaran,Bakı
6492726,165000,AZN,4,115.0,9,9,True,False,False,Hövsan,Bakı
6475892,133000,AZN,2,60.0,1,5,True,True,False,Memar Əcəmi,Bakı
6479607,359000,AZN,2,65.0,3,7,True,False,False,Ağ şəhər,Bakı
6492725,146000,AZN,3,80.0,4,7,True,False,False,Hövsan,Bakı
5157654,214000,AZN,2,70.0,4,14,False,False,False,28 May,Bakı
6455890,237000,AZN,2,74.0,15,17,True,False,False,Gənclik,Bakı
6482068,180000,AZN,3,80.0,6,9,True,False,False,Həzi Aslanov,Bakı
5528832,319000,AZN,3,140.0,15,16,False,False,False,Gənclik,Bakı
6357622,185000,AZN,2,60.0,4,9,True,False,False,Nərimanov,Bakı
6422618,163000,AZN,1,50.0,6,9,False,True,True,Sea Breeze,Bakı
6492721,124000,AZN,3,60.0,8,16,True,False,False,,Xırdalan
6482132,350000,AZN,3,142.0,3,16,True,False,False,Nərimanov,Bakı
6461205,129000,AZN,3,62.0,6,14,True,True,True,,Xırdalan
6483708,219000,AZN,3,96.0,10,17,True,True,False,Həzi Aslanov,Bakı
5263470,816000,AZN,3,135.0,4,5,True,True,True,Sea Breeze,Bakı
6492718,159000,AZN,2,45.0,2,3,True,False,False,Nərimanov,Bakı
6398979,184000,AZN,2,68.0,3,19,True,True,False,Həzi Aslanov,Bakı
6473069,263500,AZN,1,43.0,6,6,True,True,True,Sea Breeze,Bakı
6473100,350000,AZN,2,74.0,2,5,True,True,True,Sea Breeze,Bakı
6473095,360000,AZN,2,76.0,3,6,True,True,True,Sea Breeze,Bakı
6492717,155000,AZN,2,47.0,3,9,True,False,False,Əhmədli,Bakı
6492716,105000,AZN,2,50.0,2,5,True,False,False,,Sumqayıt
6421821,195000,AZN,2,60.0,5,14,False,False,False,Nərimanov,Bakı
6485671,159000,AZN,2,65.0,9,9,True,False,False,Əhmədli,Bakı
6397776,135000,AZN,2,35.0,2,5,True,False,False,Elmlər Akademiyası,Bakı
5407427,320000,AZN,3,140.0,17,17,True,True,True,Nərimanov,Bakı
5801502,825000,AZN,4,200.0,16,17,True,True,False,Elmlər Akademiyası,Bakı
6492710,379000,AZN,4,121.0,10,16,True,False,False,Yasamal,Bakı
6294829,620000,AZN,4,210.0,4,19,True,True,False,Şah İsmayıl Xətai,Bakı
6480751,117000,AZN,2,60.0,11,16,False,True,True,İnşaatçılar,Bakı
6432276,574000,AZN,3,137.0,5,7,False,False,False,Ağ şəhər,Bakı
5622285,907000,AZN,5,212.0,5,7,False,False,False,Ağ şəhər,Bakı
6104218,549000,AZN,3,130.0,2,7,True,False,False,Ağ şəhər,Bakı
6492704,158900,AZN,3,101.0,4,16,True,False,False,Abşeron,Xırdalan
6464085,420000,AZN,3,95.0,4,5,True,False,False,Sahil,Bakı
6470094,235000,AZN,3,90.0,6,9,True,False,False,Azadlıq Prospekti,Bakı
6492702,151900,AZN,2,87.0,17,18,True,False,False,Abşeron,Xırdalan
6401889,127000,AZN,2,40.0,18,18,True,True,False,Yeni Günəşli,Bakı
6492698,135000,AZN,2,60.0,4,7,True,False,False,,Sumqayıt
6237871,999000,AZN,4,188.0,4,7,False,False,False,Ağ şəhər,Bakı
6492697,199500,AZN,1,60.6,8,15,True,False,False,Qara Qarayev,Bakı
6320613,145000,AZN,2,55.0,2,5,True,False,False,Memar Əcəmi,Bakı
6492696,249000,AZN,3,70.0,5,5,True,False,False,Qara Qarayev,Bakı
6439015,244000,AZN,3,109.0,11,11,False,False,False,20 Yanvar,Bakı
6303687,129000,AZN,3,55.0,5,5,True,False,False,20 Yanvar,Bakı
6419221,143000,AZN,2,55.0,2,5,True,False,False,Memar Əcəmi,Bakı
6492695,100000,AZN,2,52.0,4,6,True,False,False,Mehdiabad,Bakı
6399463,128000,AZN,2,55.0,1,5,True,False,False,Memar Əcəmi,Bakı
6492694,178000,AZN,3,70.0,1,9,True,False,False,Yasamal,Bakı
6419251,144500,AZN,2,55.0,3,5,True,False,False,Memar Əcəmi,Bakı
6485024,103000,AZN,2,52.3,3,16,False,False,False,Zığ,Bakı
6339910,278000,AZN,2,75.0,17,17,True,False,False,İçəri Şəhər,Bakı
6492685,350000,AZN,4,180.0,3,18,True,False,False,Memar Əcəmi,Bakı
6314571,365660,AZN,3,114.9,3,16,False,True,True,Nardaran,Bakı
6441532,86500,AZN,2,41.0,7,9,True,False,False,Masazır,Bakı
6091147,258000,AZN,3,90.0,3,8,True,True,True,,Sumqayıt
6470823,68000,AZN,2,37.0,2,5,True,True,False,Abşeron,Xırdalan
5628053,140000,AZN,2,90.0,8,11,False,True,False,Zığ,Bakı
5497955,155000,AZN,3,114.0,5,11,False,True,False,Zığ,Bakı
6192774,105000,AZN,2,52.0,5,11,True,True,False,Suraxanı,Bakı
6330330,221995,AZN,1,53.3,7,7,False,True,True,Nardaran,Bakı
6184055,439000,AZN,3,120.0,12,21,True,False,False,Şah İsmayıl Xətai,Bakı
6456260,2000000,AZN,3,266.0,7,8,True,True,True,Sea Breeze,Bakı
6456270,350000,AZN,2,76.0,2,5,True,True,True,Sea Breeze,Bakı
6456274,350000,AZN,2,69.0,1,5,True,True,True,Sea Breeze,Bakı
6456290,207000,AZN,2,64.0,3,6,False,True,True,Sea Breeze,Bakı
6458453,397000,AZN,2,96.0,4,19,True,False,False,28 May,Bakı
6428590,240000,AZN,3,100.0,3,17,False,False,False,Azadlıq Prospekti,Bakı
6393075,565000,AZN,4,170.0,3,16,True,True,True,Nəsimi,Bakı
6455958,245000,AZN,2,83.0,8,14,False,True,False,Qara Qarayev,Bakı
6448486,67000,AZN,3,41.0,2,2,True,True,False,Mərdəkan,Bakı
6373307,770000,AZN,4,210.0,15,15,True,True,True,Şah İsmayıl Xətai,Bakı
6267077,205000,AZN,3,96.0,7,16,True,False,False,Həzi Aslanov,Bakı
6486059,130000,AZN,2,50.0,5,5,True,True,False,Neftçilər,Bakı
6420226,175000,AZN,2,54.0,13,15,True,False,False,Əhmədli,Bakı
6466461,180000,AZN,2,55.0,2,5,True,False,False,Nəsimi,Bakı
6412278,330000,AZN,3,105.0,12,16,True,True,True,Neftçilər,Bakı
6475720,230000,AZN,2,95.0,8,9,False,True,True,Nardaran,Bakı
6186818,615000,AZN,4,207.0,15,17,False,True,True,Nəsimi,Bakı
6467037,395000,AZN,3,120.0,12,14,True,True,True,Memar Əcəmi,Bakı
6486622,175000,AZN,3,87.0,4,10,True,False,False,Masazır,Bakı
6220848,174420,AZN,1,36.0,1,28,True,True,True,Nardaran,Bakı
6486100,166000,AZN,3,78.0,21,21,True,False,False,İnşaatçılar,Bakı
6456378,248000,AZN,3,138.0,11,14,False,True,False,Nəsimi,Bakı
6483659,290000,AZN,3,90.0,3,18,True,True,True,Şah İsmayıl Xətai,Bakı
6424624,205000,AZN,3,72.0,3,5,True,False,False,Memar Əcəmi,Bakı
6399911,490000,AZN,3,108.0,16,18,True,True,True,Nizami,Bakı
6492679,285000,AZN,3,135.0,16,18,True,False,False,İnşaatçılar,Bakı
6466174,289000,AZN,3,152.0,5,15,True,False,False,İnşaatçılar,Bakı
6440530,116900,AZN,1,38.0,5,5,True,False,False,Elmlər Akademiyası,Bakı
6489200,165000,AZN,2,65.0,6,9,True,False,False,İnşaatçılar,Bakı
6296775,679791,AZN,3,160.7,2,28,True,True,True,Nardaran,Bakı
6193083,550000,AZN,6,160.0,2,5,True,True,True,Nəriman Nərimanov,Bakı
6492674,162171,AZN,3,87.7,7,16,False,False,False,Binəqədi,Bakı
6492672,124500,AZN,1,33.0,4,5,True,False,False,Memar Əcəmi,Bakı
6444592,340000,AZN,3,125.0,6,17,True,False,False,Həzi Aslanov,Bakı
6377982,282000,AZN,3,119.0,14,17,True,True,False,Nəsimi,Bakı
6492671,130000,AZN,1,35.0,4,5,True,False,False,Qara Qarayev,Bakı
6396697,148000,AZN,3,80.0,9,9,True,False,False,Yeni Günəşli,Bakı
6222148,353658,AZN,1,48.4,7,13,True,True,True,Nardaran,Bakı
6492670,129000,AZN,3,83.5,7,11,True,False,False,Masazır,Bakı
6492668,142000,AZN,1,45.0,3,9,True,False,False,Azadlıq Prospekti,Bakı
6467945,215000,AZN,3,70.0,2,9,True,True,False,Azadlıq Prospekti,Bakı
5856897,135000,AZN,3,68.0,2,4,True,True,False,,Xırdalan
6492667,145000,AZN,2,52.0,5,5,True,False,False,Memar Əcəmi,Bakı
6444925,258999,AZN,3,86.0,9,17,True,True,False,Neftçilər,Bakı
6441275,329000,AZN,3,120.0,13,17,True,True,False,Qara Qarayev,Bakı
6448004,83000,AZN,2,51.2,6,14,False,True,False,,Sumqayıt
6368548,320000,AZN,3,135.0,8,8,True,False,False,Memar Əcəmi,Bakı
6409631,123000,AZN,1,33.0,2,5,True,False,False,Memar Əcəmi,Bakı
6492664,74500,AZN,1,57.0,11,11,False,True,False,Məmmədli,Bakı
6463816,128500,AZN,1,33.0,3,5,True,False,False,Memar Əcəmi,Bakı
6492655,45000,AZN,1,15.0,3,3,True,False,False,Nizami,Bakı
6463807,159500,AZN,2,55.0,4,5,True,False,False,Memar Əcəmi,Bakı
6195338,350000,AZN,3,125.0,6,7,True,True,False,Badamdar,Bakı
6409700,134000,AZN,1,36.0,4,5,True,False,False,Memar Əcəmi,Bakı
6274041,194000,AZN,2,48.0,10,17,True,True,False,Qara Qarayev,Bakı
6492662,158900,AZN,3,100.0,4,16,True,False,False,,Xırdalan
6405765,277000,AZN,3,122.5,12,13,False,True,True,Qara Qarayev,Bakı
6027878,384846,AZN,2,53.9,5,5,False,True,True,,Qusar
6492660,130000,AZN,3,68.3,3,9,True,False,False,Abşeron,Xırdalan
6409431,145000,AZN,3,75.0,9,9,True,False,False,Yeni Günəşli,Bakı
6469981,128000,AZN,1,40.0,10,12,True,True,False,Yasamal,Bakı
6477323,186000,AZN,2,80.0,3,17,True,False,False,Əhmədli,Bakı
6411390,198000,AZN,3,70.0,3,3,True,True,True,Bakıxanov,Bakı
6444384,134000,AZN,2,40.0,5,5,True,True,False,Yasamal,Bakı
6436820,435000,AZN,3,115.0,2,15,True,False,False,28 May,Bakı
6422017,164000,AZN,3,67.0,10,15,,True,False,İnşaatçılar,Bakı
6492653,207000,AZN,3,95.0,2,16,True,False,False,,Xırdalan
6489504,125000,AZN,2,50.0,1,5,True,True,False,7-ci mikrorayon,Bakı
6233570,224900,AZN,3,125.0,5,11,True,False,False,,Xırdalan
6027981,239292,AZN,2,61.2,12,27,False,True,True,Nardaran,Bakı
6492652,152000,AZN,2,87.0,17,18,True,False,False,,Xırdalan
6440600,728475,AZN,3,132.4,15,18,False,True,True,Elmlər Akademiyası,Bakı
6490242,140000,AZN,2,35.0,5,5,True,False,False,Nizami,Bakı
6456157,256000,AZN,4,120.0,9,9,True,True,False,Azadlıq Prospekti,Bakı
6492649,220000,AZN,3,74.0,5,18,False,False,False,Yasamal,Bakı
6396282,560000,AZN,5,200.0,7,8,True,False,False,Nizami,Bakı
6312922,389000,AZN,2,98.0,1,7,True,True,True,Sea Breeze,Bakı
6492646,140000,AZN,2,65.0,8,9,True,False,False,Köhnə Günəşli,Bakı
6479380,226000,AZN,5,112.0,2,9,False,False,False,Əhmədli,Bakı
6382379,275000,AZN,3,68.0,8,9,True,True,False,Memar Əcəmi,Bakı
6488524,98000,AZN,4,90.0,6,6,True,False,False,Masazır,Bakı
6492642,159000,AZN,2,60.0,7,9,True,False,False,Əhmədli,Bakı
6480057,370000,AZN,3,80.0,2,5,True,True,True,28 May,Bakı
6450957,179000,AZN,3,70.0,1,9,True,False,False,Xalqlar Dostluğu,Bakı
6492641,259000,AZN,4,102.0,6,9,True,False,False,Koroğlu,Bakı
5971930,287491,AZN,2,72.3,14,14,False,True,True,Nardaran,Bakı
6327322,120000,AZN,2,55.0,8,11,True,False,False,Zığ,Bakı
6270604,635000,AZN,3,162.0,4,20,False,True,True,Ağ şəhər,Bakı
6332297,127500,AZN,2,43.0,3,9,True,False,False,Memar Əcəmi,Bakı
6460675,130000,AZN,3,91.0,2,13,True,True,False,Saray,Bakı
6442087,218000,AZN,3,90.0,6,15,True,False,False,Avtovağzal,Bakı
6425588,182000,AZN,2,70.0,5,15,True,False,False,Avtovağzal,Bakı
6467285,458000,AZN,3,120.0,8,18,True,False,False,Gənclik,Bakı
6472687,215000,AZN,2,73.0,15,17,True,False,False,Avtovağzal,Bakı
6343489,159000,AZN,2,45.0,4,5,True,False,False,Memar Əcəmi,Bakı
6035060,185000,AZN,2,73.0,2,14,True,False,False,Avtovağzal,Bakı
4074035,371000,AZN,3,160.0,8,14,True,True,False,9-cu mikrorayon,Bakı
6480654,153000,AZN,3,90.0,3,9,False,False,False,Avtovağzal,Bakı
6406956,168000,AZN,3,75.0,1,5,True,True,True,7-ci mikrorayon,Bakı
6483544,325000,AZN,3,77.0,8,10,True,True,True,Nəsimi,Bakı
6492634,268000,AZN,3,100.0,2,6,True,False,False,,Xırdalan
6486530,110000,AZN,3,70.0,2,5,True,False,False,Binə,Bakı
6265960,265000,AZN,4,120.0,8,9,True,True,False,Azadlıq Prospekti,Bakı
6492630,259000,AZN,3,103.0,6,19,True,False,False,Yeni Yasamal,Bakı
6456405,186000,AZN,2,52.0,13,18,True,False,False,Memar Əcəmi,Bakı
5688999,86900,AZN,3,73.0,1,4,False,False,False,Dədə Qorqud,Bakı
6492628,58000,AZN,1,31.8,4,5,True,False,False,,Sumqayıt
6492627,105000,AZN,3,60.0,1,4,True,False,False,,Sumqayıt
6163070,145000,AZN,3,85.0,2,5,True,True,True,Biləcəri,Bakı
6492625,225000,AZN,3,80.0,5,9,True,False,False,Nərimanov,Bakı
6439772,275000,AZN,3,135.0,10,16,True,False,False,20 Yanvar,Bakı
6372149,360000,AZN,3,140.0,8,16,True,False,False,İnşaatçılar,Bakı
6374844,308000,AZN,3,130.0,4,17,True,False,False,Nəsimi,Bakı
6014047,235000,AZN,3,110.0,7,16,True,False,False,Memar Əcəmi,Bakı
6386181,266000,AZN,2,110.0,12,17,True,False,False,İnşaatçılar,Bakı
6491918,318000,AZN,3,130.0,11,18,True,False,False,20 Yanvar,Bakı
6328400,187000,AZN,3,98.0,4,6,True,True,False,Köhnə Günəşli,Bakı
6491769,375000,AZN,3,110.0,12,15,True,False,False,Elmlər Akademiyası,Bakı
6491416,700000,AZN,7,800.0,17,17,False,False,False,Elmlər Akademiyası,Bakı
6226997,650000,AZN,4,168.0,9,16,True,True,False,Şah İsmayıl Xətai,Bakı
6492621,309000,AZN,3,115.0,6,12,True,False,False,Dərnəgül,Bakı
6132671,282000,AZN,4,103.7,9,16,True,True,False,Həzi Aslanov,Bakı
6435660,490000,AZN,5,223.0,4,7,False,True,False,Şıxov,Bakı
6492617,96000,AZN,2,55.5,4,4,True,False,False,Qaraçuxur,Bakı
5676019,472464,AZN,1,57.9,6,13,False,True,True,Nardaran,Bakı
6460071,210000,AZN,2,101.0,6,16,True,True,False,Yasamal,Bakı
6279469,245000,AZN,2,47.0,5,5,True,True,True,28 May,Bakı
6276570,130000,AZN,3,72.0,4,5,True,True,False,,Sumqayıt
6433425,165000,AZN,3,70.5,3,5,True,False,False,Badamdar,Bakı
6492609,148000,AZN,3,60.0,3,5,True,False,False,Həzi Aslanov,Bakı
6492608,109000,AZN,2,51.0,2,12,True,False,False,Masazır,Bakı
6489293,162000,AZN,2,43.0,3,5,True,True,True,Neftçilər,Bakı
6492606,300000,AZN,3,124.0,6,20,True,False,False,İnşaatçılar,Bakı
6447819,383000,AZN,4,175.0,6,16,True,False,False,Memar Əcəmi,Bakı
5659944,230233,AZN,1,57.6,5,7,False,True,True,Nardaran,Bakı
6461146,468000,AZN,4,156.0,18,19,True,True,True,8 Noyabr,Bakı
6431634,710000,AZN,5,140.0,2,3,True,True,False,Sahil,Bakı
6131057,117000,AZN,3,92.0,4,14,False,False,False,Masazır,Bakı
6492603,215000,AZN,3,112.0,11,19,True,False,False,Bakıxanov,Bakı
6049625,580000,AZN,3,165.0,17,20,False,False,False,Şah İsmayıl Xətai,Bakı
6461156,375000,AZN,3,107.0,18,19,True,True,False,20 Yanvar,Bakı
5662936,285447,AZN,1,57.9,6,9,False,True,True,Nardaran,Bakı
5920885,48000,AZN,1,56.0,6,6,False,False,False,Masazır,Bakı
6488260,98000,AZN,4,90.0,6,6,True,False,False,Masazır,Bakı
5636918,83000,AZN,2,54.0,2,6,True,False,False,Masazır,Bakı
5819303,85000,AZN,3,75.0,9,9,True,False,False,Masazır,Bakı
6452798,69000,AZN,5,100.0,5,5,True,False,False,Masazır,Bakı
6291426,143500,AZN,2,61.0,4,14,False,True,False,Bakıxanov,Bakı
6467910,87000,AZN,2,44.0,8,10,True,False,False,Masazır,Bakı
6486610,128000,AZN,2,35.0,2,5,True,False,False,Memar Əcəmi,Bakı
6436011,380000,AZN,1,67.1,6,20,True,True,True,Ağ şəhər,Bakı
6492599,95000,AZN,2,42.0,9,9,True,False,False,,Xırdalan
6492598,265000,AZN,2,70.0,7,16,True,False,False,Şah İsmayıl Xətai,Bakı
6247023,135000,AZN,2,73.0,3,17,False,True,True,Avtovağzal,Bakı
5444297,358658,AZN,3,84.4,13,13,True,True,True,Sea Breeze,Bakı
6371808,950000,AZN,6,233.0,21,22,True,True,False,28 May,Bakı
6492596,590000,AZN,4,243.0,17,21,True,False,False,Nəsimi,Bakı
6484741,530000,AZN,4,200.0,11,20,True,False,False,28 May,Bakı
6491004,399000,AZN,3,160.0,15,16,False,False,False,Nərimanov,Bakı
6454995,277000,AZN,3,90.0,12,13,True,False,False,8 Noyabr,Bakı
6466776,122000,AZN,3,92.7,4,7,True,True,True,,Xırdalan
6492592,520000,AZN,3,175.0,14,22,False,False,False,Nizami,Bakı
6430271,205000,AZN,3,100.0,9,16,True,False,False,Xətai,Bakı
6492590,75000,AZN,2,50.0,3,5,True,False,False,Masazır,Bakı
6492589,445000,AZN,3,80.0,2,5,True,False,False,Nəriman Nərimanov,Bakı
6436932,116000,AZN,2,80.0,15,17,False,False,False,,Xırdalan
6407985,265000,AZN,3,90.0,12,17,True,True,False,Badamdar,Bakı
6472111,400000,AZN,3,165.0,7,12,True,False,False,Nəsimi,Bakı
6492585,159000,AZN,2,50.0,14,14,True,False,False,Xalqlar Dostluğu,Bakı
6019654,105000,AZN,3,83.0,4,6,True,True,False,Masazır,Bakı
6492574,260000,AZN,3,100.0,13,13,True,False,False,Nəsimi,Bakı
6155738,85000,AZN,4,100.0,6,6,True,True,False,Masazır,Bakı
6476744,114000,AZN,3,80.0,4,6,True,True,False,Masazır,Bakı
6386886,139000,AZN,2,52.0,3,5,True,False,False,Xalqlar Dostluğu,Bakı
6492582,115000,AZN,2,55.0,2,5,True,False,False,Mərdəkan,Bakı
5591807,250614,AZN,2,81.9,4,14,False,True,True,Sea Breeze,Bakı
6492576,69500,AZN,2,42.0,3,6,True,False,False,Masazır,Bakı
6365668,675000,AZN,4,130.0,4,8,True,True,False,Sahil,Bakı
6433835,248880,AZN,1,61.0,5,7,False,True,True,Nardaran,Bakı
6471693,750000,AZN,3,95.0,3,7,True,False,False,Ağ şəhər,Bakı
6489562,470000,AZN,3,163.3,1,12,True,True,False,Gənclik,Bakı
6127444,182000,AZN,2,65.0,3,5,True,False,False,Nəriman Nərimanov,Bakı
6492569,199000,AZN,2,90.0,12,13,True,False,False,Nərimanov,Bakı
6106312,350000,AZN,4,175.0,17,18,False,False,False,Nəriman Nərimanov,Bakı
6132561,290000,AZN,3,70.0,9,10,True,False,False,28 May,Bakı
6407301,180000,AZN,3,70.0,3,5,True,False,False,Nəriman Nərimanov,Bakı
6377284,93900,AZN,2,70.0,6,11,True,False,False,,Xırdalan
5443704,231336,AZN,1,56.7,12,24,False,True,True,Sea Breeze,Bakı
6486533,557000,AZN,3,157.0,5,20,False,True,False,Ağ şəhər,Bakı
6492566,172000,AZN,2,60.0,4,5,True,False,False,Elmlər Akademiyası,Bakı
6459085,48000,AZN,2,50.0,1,5,True,False,False,Abşeron,Xırdalan
6380141,198000,AZN,5,115.0,4,9,True,True,False,,Sumqayıt
6212029,180000,AZN,2,50.0,7,16,True,True,False,8-ci mikrorayon,Bakı
6492565,80000,AZN,1,34.7,1,9,True,False,False,Köhnə Günəşli,Bakı
6113213,225000,AZN,2,78.0,14,17,True,True,False,20 Yanvar,Bakı
6477653,400000,AZN,4,155.0,10,14,True,True,False,Gənclik,Bakı
6480610,174000,AZN,2,54.0,4,5,True,True,False,Elmlər Akademiyası,Bakı
5965433,178000,AZN,3,80.0,7,16,True,False,False,Həzi Aslanov,Bakı
6429216,360000,AZN,4,160.0,15,16,True,True,False,20 Yanvar,Bakı
6451306,153500,AZN,2,70.0,9,9,True,False,False,Azadlıq Prospekti,Bakı
6492562,85000,AZN,2,50.0,2,6,True,False,False,Masazır,Bakı
6231449,229000,AZN,4,80.0,3,14,True,True,True,Həzi Aslanov,Bakı
6444298,249000,AZN,2,53.0,9,16,True,True,False,Nəriman Nərimanov,Bakı
6362548,299000,AZN,3,135.0,2,17,True,True,True,9-cu mikrorayon,Bakı
6255346,220000,AZN,2,84.0,5,6,False,False,False,Şıxov,Bakı
6329182,557000,AZN,4,157.0,5,20,False,True,True,Ağ şəhər,Bakı
6492559,289000,AZN,3,137.0,5,14,True,False,False,Yeni Yasamal,Bakı
5988506,495000,AZN,3,113.0,7,17,True,True,True,Nizami,Bakı
6138241,225000,AZN,4,100.0,8,9,True,True,False,Neftçilər,Bakı
6492557,555000,AZN,5,230.0,3,12,True,False,False,8-ci mikrorayon,Bakı
6492556,230000,AZN,2,95.8,12,14,True,False,False,20 Yanvar,Bakı
6453149,51500,AZN,1,45.0,17,18,False,False,False,,Xırdalan
6248609,219900,AZN,2,56.7,11,15,False,True,True,Nəsimi,Bakı
6424889,195000,AZN,2,71.0,5,22,True,False,False,İnşaatçılar,Bakı
6492555,300000,AZN,3,105.0,5,16,True,False,False,Qara Qarayev,Bakı
6338504,210000,AZN,3,75.0,3,5,True,False,False,Yasamal,Bakı
6477674,226000,AZN,3,80.0,3,9,True,True,True,Həzi Aslanov,Bakı
6431773,595000,AZN,4,172.5,15,17,True,True,False,Şah İsmayıl Xətai,Bakı
6325143,295000,AZN,3,110.0,5,12,True,False,False,Memar Əcəmi,Bakı
6492553,189000,AZN,2,64.0,14,19,True,False,False,Əhmədli,Bakı
6492551,85000,AZN,2,50.0,2,6,True,False,False,Masazır,Bakı
6335106,69500,AZN,3,54.0,6,7,True,False,False,,Xırdalan
6382065,420000,AZN,4,144.0,4,16,True,True,True,İnşaatçılar,Bakı
6048046,256000,AZN,2,90.0,11,17,True,True,True,Nərimanov,Bakı
6468976,290000,AZN,3,150.0,16,17,True,False,False,İnşaatçılar,Bakı
6467021,541260,AZN,2,76.7,22,28,True,True,True,Nardaran,Bakı
6461339,230000,AZN,2,96.0,11,14,True,True,True,20 Yanvar,Bakı
6386938,250000,AZN,3,80.0,4,5,True,False,False,Qara Qarayev,Bakı
6451865,135000,AZN,2,73.0,3,16,False,True,False,Biləcəri,Bakı
6155845,2750000,AZN,5,285.0,11,16,True,False,False,Nəriman Nərimanov,Bakı
6492547,495000,AZN,3,166.0,15,18,True,False,False,Nizami,Bakı
6447649,146000,AZN,3,75.0,4,7,True,False,False,Hövsan,Bakı
6479025,380000,AZN,2,94.5,12,16,True,False,False,Nəsimi,Bakı
6486290,140000,AZN,2,40.0,4,5,True,False,False,Xalqlar Dostluğu,Bakı
5950360,400000,AZN,4,177.5,2,19,False,True,True,Şah İsmayıl Xətai,Bakı
6408114,87000,AZN,1,35.0,9,9,True,False,False,Hövsan,Bakı
5516595,326315,AZN,2,69.8,2,9,False,True,True,Sea Breeze,Bakı
6480708,355000,AZN,3,140.0,10,20,True,False,False,Azadlıq Prospekti,Bakı
6261732,325000,AZN,3,140.0,6,17,False,False,False,Azadlıq Prospekti,Bakı
6234596,157000,AZN,2,73.0,2,19,True,True,False,Əhmədli,Bakı
6447321,188000,AZN,2,55.0,12,19,True,False,False,İnşaatçılar,Bakı
6449046,255000,AZN,3,122.0,5,15,True,False,False,Biləcəri,Bakı
6481587,184000,AZN,2,73.0,11,15,True,False,False,Biləcəri,Bakı
6492542,167500,AZN,2,53.0,3,16,True,False,False,Əhmədli,Bakı
6481888,344000,AZN,3,107.0,11,18,False,False,False,Nəriman Nərimanov,Bakı
6454237,261000,AZN,3,132.0,9,21,True,False,False,İnşaatçılar,Bakı
6420030,184900,AZN,5,125.0,2,5,True,False,False,Abşeron,Xırdalan
6469470,270000,AZN,2,101.0,9,16,True,False,False,İnşaatçılar,Bakı
6429051,112500,AZN,2,58.0,12,13,True,False,False,Abşeron,Xırdalan
6351252,295000,AZN,3,118.0,18,19,True,False,False,Badamdar,Bakı
5777989,135900,AZN,2,65.0,3,13,True,False,False,,Xırdalan
6489202,258000,AZN,3,100.0,3,9,True,False,False,İnşaatçılar,Bakı
6460594,130000,AZN,1,40.0,3,9,True,False,False,Yasamal,Bakı
6492532,180000,AZN,2,90.0,14,14,True,False,False,Azadlıq Prospekti,Bakı
6480578,185000,AZN,2,45.0,5,5,True,True,False,İçəri Şəhər,Bakı
6447976,139000,AZN,1,57.8,5,9,False,True,False,Nardaran,Bakı
5443083,411645,AZN,2,86.5,5,5,False,True,True,Sea Breeze,Bakı
6478256,265000,AZN,5,130.0,5,5,True,False,False,Nəsimi,Bakı
6458177,320000,AZN,3,90.0,6,20,True,True,True,Badamdar,Bakı
5885089,359000,AZN,3,140.0,8,16,True,True,True,İnşaatçılar,Bakı
6384695,170000,AZN,2,55.0,18,19,True,False,False,Xətai,Bakı
6429030,205000,AZN,4,110.0,5,5,True,False,False,Nərimanov,Bakı
6295837,79500,AZN,2,53.0,3,5,False,False,False,Badamdar,Bakı
6415663,420000,AZN,3,162.0,7,10,True,False,False,8 Noyabr,Bakı
6454678,177000,AZN,2,60.0,6,18,True,False,False,Azadlıq Prospekti,Bakı
6308144,239000,AZN,2,94.0,10,16,True,True,True,20 Yanvar,Bakı
6491786,385000,AZN,4,120.0,10,17,True,False,False,Gənclik,Bakı
6449034,239000,AZN,2,72.0,6,17,True,False,False,Şah İsmayıl Xətai,Bakı
6483510,120000,AZN,2,55.0,5,8,True,True,False,Ceyranbatan,Xırdalan
6472169,200000,AZN,2,65.0,9,9,True,False,False,Gənclik,Bakı
6482656,389000,AZN,3,130.0,10,17,True,False,False,Şah İsmayıl Xətai,Bakı
5979436,440000,AZN,3,135.0,12,17,True,False,False,Nəsimi,Bakı
6492527,260000,AZN,3,100.0,9,13,True,False,False,Nəsimi,Bakı
6480287,210000,AZN,2,66.0,14,16,True,False,False,Həzi Aslanov,Bakı
6481470,508000,AZN,4,195.0,8,16,True,False,False,28 May,Bakı
5643815,135000,AZN,3,92.0,16,17,True,True,False,,Xırdalan
5796528,330000,AZN,5,250.0,12,13,True,False,False,,Sumqayıt
6316390,660000,AZN,4,165.0,7,19,True,False,False,28 May,Bakı
6057977,133000,AZN,2,76.0,9,12,True,False,False,,Sumqayıt
6400886,227000,AZN,3,112.0,5,14,True,False,False,Abşeron,Sumqayıt
6484840,330000,AZN,3,143.7,3,17,False,True,True,Nəriman Nərimanov,Bakı
6407552,135000,AZN,2,72.0,5,10,False,False,False,,Sumqayıt
5442812,274091,AZN,2,70.1,8,14,False,True,True,Sea Breeze,Bakı
6483069,178000,AZN,2,99.0,8,15,True,False,False,,Xırdalan
6483500,295000,AZN,3,110.0,18,19,True,True,False,Badamdar,Bakı
6445421,92000,AZN,2,47.0,4,4,True,False,False,,Xırdalan
6282876,105000,AZN,2,60.0,2,9,True,True,False,Abşeron,Sumqayıt
6492520,165000,AZN,3,80.0,8,9,True,False,False,Əhmədli,Bakı
6435673,160000,AZN,2,67.0,13,14,True,True,False,,Sumqayıt
6492518,250000,AZN,2,62.0,5,17,True,False,False,Koroğlu,Bakı
5254804,89500,AZN,2,60.9,6,17,True,True,True,,Xırdalan
6492516,250000,AZN,3,70.0,6,20,True,False,False,20 Yanvar,Bakı
6492515,335000,AZN,3,135.0,13,16,True,False,False,20 Yanvar,Bakı
4472685,116480,AZN,2,72.8,4,14,False,True,True,,Sumqayıt
3153010,365000,AZN,3,148.0,13,16,True,False,False,Nizami,Bakı
6463917,380000,AZN,3,103.0,1,7,True,True,False,,Sumqayıt
6177412,163625,AZN,1,55.0,1,9,False,True,True,Nardaran,Bakı
6492512,160000,AZN,4,75.0,4,5,True,False,False,Biləcəri,Bakı
6467315,178000,AZN,2,50.0,4,20,True,False,False,20 Yanvar,Bakı
6475431,345000,AZN,3,115.0,3,16,True,False,False,İnşaatçılar,Bakı
5113658,400000,AZN,3,140.0,4,16,True,False,False,Nərimanov,Bakı
6310503,280000,AZN,2,100.0,12,17,True,False,False,İnşaatçılar,Bakı
6492507,200000,AZN,2,61.0,14,15,True,False,False,Dərnəgül,Bakı
6428491,230000,AZN,3,65.0,18,19,True,False,False,Şah İsmayıl Xətai,Bakı
6140302,187000,AZN,3,70.0,6,9,True,False,False,Yasamal,Bakı
6492506,300000,AZN,3,125.0,16,18,True,False,False,Memar Əcəmi,Bakı
6345041,195000,AZN,2,100.0,4,11,True,False,False,Neftçilər,Bakı
6161785,255000,AZN,2,77.0,4,16,True,False,False,Qara Qarayev,Bakı
6196224,305000,AZN,2,94.0,8,16,True,False,False,Gənclik,Bakı
6390556,295000,AZN,3,130.0,4,5,True,False,False,Bayıl,Bakı
6489095,240000,AZN,3,88.0,4,19,True,False,False,Xətai,Bakı
6450354,190000,AZN,3,70.0,2,5,True,False,False,Elmlər Akademiyası,Bakı
5461855,355000,AZN,4,156.0,3,20,True,False,False,Həzi Aslanov,Bakı
6459860,225000,AZN,3,100.0,7,9,True,False,False,Neftçilər,Bakı
6485263,215000,AZN,3,60.0,4,7,True,False,False,Nizami,Bakı
6080357,596700,AZN,3,135.0,1,7,True,True,True,Nardaran,Bakı
6467210,1073875,AZN,4,177.5,3,10,False,False,False,Ağ şəhər,Bakı
6206635,91000,AZN,3,72.0,3,5,True,True,False,Masazır,Bakı
6491675,575000,AZN,3,127.0,5,12,True,False,False,28 May,Bakı
6479929,245000,AZN,3,110.0,6,16,True,False,False,Yeni Yasamal,Bakı
4971229,109900,AZN,3,65.0,3,4,True,False,False,,Xırdalan
6431771,50000,AZN,2,46.0,7,7,True,False,False,,Xırdalan
6169497,134900,AZN,2,65.0,8,15,True,False,False,,Xırdalan
6464541,88000,AZN,2,43.0,2,8,True,True,False,Masazır,Bakı
6476776,170000,AZN,2,50.0,2,4,True,False,False,Nəriman Nərimanov,Bakı
6450829,590000,AZN,4,185.0,7,17,True,True,True,Nəriman Nərimanov,Bakı
6065167,204900,AZN,4,141.0,10,12,True,False,False,,Xırdalan
6492498,138000,AZN,2,70.0,17,17,True,False,False,Əhmədli,Bakı
6492497,375000,AZN,3,110.0,12,15,True,False,False,Elmlər Akademiyası,Bakı
5600109,262642,AZN,1,58.3,6,7,False,True,True,Sea Breeze,Bakı
6466966,750000,AZN,4,148.6,2,8,True,True,True,Ağ şəhər,Bakı
6492494,817000,AZN,4,215.0,13,18,False,False,False,Elmlər Akademiyası,Bakı
6492492,124900,AZN,3,60.0,9,9,True,False,False,Yeni Günəşli,Bakı
6491152,429999,AZN,3,150.0,4,18,True,False,False,Elmlər Akademiyası,Bakı
6273204,237000,AZN,2,68.0,14,17,True,False,False,Qara Qarayev,Bakı
6453281,395000,AZN,3,130.0,5,14,True,False,False,Qara Qarayev,Bakı
6436651,230000,AZN,2,95.8,10,14,False,False,False,20 Yanvar,Bakı
5219153,355000,AZN,4,156.0,3,20,True,True,False,Həzi Aslanov,Bakı
5848592,477000,AZN,3,147.0,11,17,True,False,False,Elmlər Akademiyası,Bakı
6460368,168000,AZN,2,62.0,4,16,True,False,False,Yeni Günəşli,Bakı
6489478,138000,AZN,3,75.0,5,5,True,True,True,Abşeron,Xırdalan
6492488,154900,AZN,3,95.0,2,5,True,False,False,,Xırdalan
6270628,157000,AZN,3,80.0,4,9,True,False,False,Massiv D,Bakı
6267288,194000,AZN,2,47.0,12,16,True,False,False,Qara Qarayev,Bakı
6243168,198000,AZN,3,117.0,5,12,True,True,True,,Xırdalan
6486418,218000,AZN,2,50.0,10,15,True,False,False,Qara Qarayev,Bakı
6459171,129500,AZN,2,35.0,4,5,True,False,False,Qara Qarayev,Bakı
6348591,113900,AZN,2,51.0,11,14,False,True,True,Neftçilər,Bakı
6451986,165000,AZN,2,71.4,8,12,True,True,True,Əmircan,Bakı
6223043,189000,AZN,2,65.0,10,12,True,True,False,Yeni Yasamal,Bakı
6453598,395000,AZN,3,105.0,18,18,True,True,True,Nəriman Nərimanov,Bakı
6483403,295000,AZN,2,90.0,12,15,True,False,False,28 May,Bakı
6462326,310000,AZN,3,100.0,3,7,True,False,False,Şah İsmayıl Xətai,Bakı
6406649,113000,AZN,1,40.0,1,5,True,False,False,Neftçilər,Bakı
6405529,620000,AZN,2,101.0,4,20,True,False,False,İçəri Şəhər,Bakı
6157885,720000,AZN,4,219.0,5,5,False,False,False,Nardaran,Bakı
6460701,110000,AZN,2,40.0,2,5,True,False,False,Qara Qarayev,Bakı
6241713,365000,AZN,2,76.0,3,7,True,False,False,Nardaran,Bakı
6241660,357000,AZN,2,74.0,2,5,True,False,False,Nardaran,Bakı
6267801,175000,AZN,1,42.0,3,5,True,True,False,Elmlər Akademiyası,Bakı
6321567,175000,AZN,3,75.0,2,5,True,False,False,Neftçilər,Bakı
6429855,238000,AZN,3,85.0,8,9,True,False,False,Xalqlar Dostluğu,Bakı
6466888,180670,AZN,2,89.0,4,16,False,False,False,Günəşli,Bakı
5806503,187000,AZN,2,90.0,1,5,True,False,False,Qara Qarayev,Bakı
6479379,300000,AZN,3,127.0,12,18,False,False,False,Qara Qarayev,Bakı
6267690,225000,AZN,3,85.0,8,9,True,True,False,Həzi Aslanov,Bakı
6492482,123000,AZN,2,52.0,19,19,True,False,False,Xalqlar Dostluğu,Bakı
6267696,237000,AZN,3,82.0,8,9,True,True,False,Həzi Aslanov,Bakı
4502351,663935,AZN,2,107.0,6,7,True,True,True,Nardaran,Bakı
6475227,220000,AZN,3,85.0,5,9,True,True,False,Memar Əcəmi,Bakı
6244950,205000,AZN,2,69.0,10,18,False,False,False,Qara Qarayev,Bakı
6242835,165000,AZN,3,75.0,1,5,True,False,False,Qara Qarayev,Bakı
6492475,65000,AZN,1,29.0,5,18,True,False,False,,Xırdalan
6299411,237000,AZN,3,86.0,11,17,False,False,False,Qara Qarayev,Bakı
6431543,184000,AZN,2,90.0,8,9,True,False,False,Bayıl,Bakı
6134229,240000,AZN,4,100.0,5,5,True,False,False,Qara Qarayev,Bakı
6492477,335000,AZN,4,105.0,4,5,True,False,False,28 May,Bakı
6445029,340000,AZN,2,101.0,4,20,True,True,False,Şah İsmayıl Xətai,Bakı
5920236,240000,AZN,3,90.0,5,19,True,False,False,Həzi Aslanov,Bakı
6492476,155000,AZN,3,115.0,10,11,True,False,False,,Sumqayıt
3656636,160000,AZN,2,50.0,5,5,True,False,False,Qara Qarayev,Bakı
6492474,178000,AZN,2,60.0,3,10,True,False,False,Xalqlar Dostluğu,Bakı
6492066,160000,AZN,2,62.0,19,20,True,False,False,Əhmədli,Bakı
6492470,325000,AZN,3,90.0,3,9,True,False,False,Nəriman Nərimanov,Bakı
6408515,116000,AZN,2,60.0,11,11,True,False,False,İnşaatçılar,Bakı
6492469,139000,AZN,2,66.0,7,15,True,False,False,,Xırdalan
6466634,250000,AZN,4,120.0,9,9,True,False,False,20 Yanvar,Bakı
6255201,369000,AZN,3,118.0,15,15,False,True,True,28 May,Bakı
6381572,270000,AZN,3,80.0,2,5,True,True,False,Nizami,Bakı
6453555,160000,AZN,2,74.6,2,20,True,True,False,Əhmədli,Bakı
6491946,450000,AZN,3,140.0,11,16,True,True,False,Nəsimi,Bakı
6313555,349000,AZN,3,124.0,6,16,True,False,False,Nəriman Nərimanov,Bakı
6460474,355000,AZN,4,190.0,5,18,True,False,False,Nəsimi,Bakı
4754991,199000,AZN,3,70.0,5,5,True,False,False,Qara Qarayev,Bakı
6439071,275000,AZN,4,100.0,5,9,True,False,False,Azadlıq Prospekti,Bakı
6237189,280000,AZN,3,70.0,9,16,True,False,False,İnşaatçılar,Bakı
6476641,220000,AZN,2,78.0,12,13,True,True,True,Neftçilər,Bakı
5215575,173000,AZN,2,53.0,13,16,True,False,False,Neftçilər,Bakı
6485576,249000,AZN,3,82.0,6,16,True,False,False,Həzi Aslanov,Bakı
6492461,194000,AZN,2,55.0,13,15,True,False,False,Neftçilər,Bakı
6384669,118000,AZN,2,56.0,8,12,True,False,False,Abşeron,Xırdalan
6481435,350000,AZN,3,115.0,4,17,True,True,False,Qara Qarayev,Bakı
6301930,228000,AZN,4,120.0,2,9,True,False,False,Xətai,Bakı
6329340,237000,AZN,2,65.0,5,17,True,False,False,Koroğlu,Bakı
6476760,135000,AZN,3,78.0,9,12,True,False,False,Hövsan,Bakı
6478880,189000,AZN,2,54.0,12,14,True,True,False,Neftçilər,Bakı
6463266,250000,AZN,3,85.0,3,19,True,False,False,Xətai,Bakı
6473458,175000,AZN,2,55.0,14,17,True,False,False,Həzi Aslanov,Bakı
6157965,205000,AZN,3,85.0,8,9,True,False,False,Xalqlar Dostluğu,Bakı
6443803,550000,AZN,4,240.0,14,16,True,False,False,Badamdar,Bakı
4405124,450000,AZN,4,212.0,12,15,True,False,False,Nərimanov,Bakı
6442990,210000,AZN,3,75.0,7,9,True,False,False,Əhmədli,Bakı
6469258,188000,AZN,2,52.0,5,5,True,False,False,Elmlər Akademiyası,Bakı
6166567,370000,AZN,3,132.0,4,16,False,False,False,28 May,Bakı
6463973,275000,AZN,3,99.0,1,3,False,False,False,Biləcəri,Bakı
6398945,118000,AZN,2,52.0,8,12,True,False,False,Abşeron,Xırdalan
5511571,530000,AZN,3,168.0,4,16,True,False,False,Nərimanov,Bakı
6492457,460000,AZN,3,92.0,15,20,True,False,False,Şah İsmayıl Xətai,Bakı
6418297,171000,AZN,2,54.0,18,19,True,True,False,Həzi Aslanov,Bakı
6425364,270000,AZN,3,102.0,7,11,False,True,False,Nəriman Nərimanov,Bakı
6122713,255000,AZN,2,60.0,16,17,True,False,False,Şah İsmayıl Xətai,Bakı
6492455,240000,AZN,3,127.0,11,12,True,False,False,İnşaatçılar,Bakı
5824672,397000,AZN,4,140.7,16,20,False,True,False,20 Yanvar,Bakı
5662110,400000,AZN,4,190.0,8,10,True,False,False,Nizami,Bakı
6492452,138000,AZN,2,40.0,4,9,True,False,False,Həzi Aslanov,Bakı
6492454,140000,AZN,2,50.0,4,5,True,False,False,Azadlıq Prospekti,Bakı
6265373,841500,AZN,4,225.0,14,16,False,True,False,Bayıl,Bakı
6448543,240000,AZN,2,60.0,2,9,True,False,False,Binəqədi,Bakı
6433869,780000,AZN,3,170.0,11,16,False,True,False,İçəri Şəhər,Bakı
5755823,410000,AZN,3,168.0,10,17,True,False,False,Nizami,Bakı
6432890,300000,AZN,2,85.0,16,19,True,False,False,Şah İsmayıl Xətai,Bakı
6344590,1185000,AZN,4,165.0,5,7,True,False,False,Ağ şəhər,Bakı
5962259,330000,AZN,2,91.0,8,17,True,False,False,28 May,Bakı
4703104,365000,AZN,3,140.0,15,17,True,False,False,Şah İsmayıl Xətai,Bakı
6492450,156000,AZN,2,54.4,4,14,True,False,False,Əhmədli,Bakı
6482294,174000,AZN,2,54.0,4,5,True,False,False,Elmlər Akademiyası,Bakı
5959571,510000,AZN,4,205.0,8,15,True,False,False,Nəsimi,Bakı
6184823,435000,AZN,3,160.0,4,18,True,False,False,Elmlər Akademiyası,Bakı
4373829,390000,AZN,3,130.0,15,17,True,False,False,Nəsimi,Bakı
6136843,560000,AZN,3,200.0,6,16,True,False,False,Nəsimi,Bakı
4264034,190000,AZN,5,125.0,5,5,True,False,False,,Xırdalan
6447970,830000,AZN,4,222.0,8,16,False,False,False,Nizami,Bakı
6483841,430000,AZN,3,136.0,14,17,False,False,False,Gənclik,Bakı
6343752,95000,AZN,3,64.0,3,5,True,False,False,Masazır,Bakı
6472770,94000,AZN,3,61.7,3,14,True,False,False,Masazır,Bakı
6462870,127000,AZN,2,55.7,5,5,True,False,False,Badamdar,Bakı
6438956,238000,AZN,4,110.0,6,9,True,False,False,İnşaatçılar,Bakı
6457853,227000,AZN,2,45.0,7,12,True,False,False,Nizami,Bakı
6486182,240000,AZN,3,120.0,5,12,True,True,True,,Xırdalan
6398518,279000,AZN,3,129.0,3,19,False,False,False,20 Yanvar,Bakı
6492442,365000,AZN,3,122.0,16,18,True,False,False,Memar Əcəmi,Bakı
6492441,285000,AZN,3,91.0,5,15,True,False,False,Həzi Aslanov,Bakı
6446916,260000,AZN,2,90.0,15,17,True,True,True,Əhmədli,Bakı
6473034,365000,AZN,4,105.0,4,19,True,True,False,Qara Qarayev,Bakı
6384578,325000,AZN,3,97.0,4,16,False,False,False,Nəsimi,Bakı
6284587,175000,AZN,3,70.0,9,9,True,True,False,Əhmədli,Bakı
6492434,235000,AZN,2,58.0,3,6,True,False,False,Nizami,Bakı
6151483,417000,AZN,3,127.0,4,16,False,False,False,Nəsimi,Bakı
6492433,109000,AZN,2,74.0,4,14,False,False,False,,Sumqayıt
6249416,239000,AZN,2,73.7,6,8,False,False,False,Sea Breeze,Bakı
5966794,285000,AZN,5,120.0,6,6,True,True,True,Həzi Aslanov,Bakı
6468080,365000,AZN,3,112.0,14,14,True,False,False,Nəsimi,Bakı
5501305,513528,AZN,3,140.5,4,8,False,True,True,Sea Breeze,Bakı
6179765,425000,AZN,3,129.0,12,16,False,False,False,Nərimanov,Bakı
6179689,365000,AZN,3,104.0,2,19,True,False,False,Nərimanov,Bakı
6492431,69500,AZN,2,42.0,3,6,True,False,False,Masazır,Bakı
6319338,390000,AZN,3,175.0,8,19,True,False,False,20 Yanvar,Bakı
4237623,543730,AZN,2,98.86,15,18,False,True,True,Elmlər Akademiyası,Bakı
6182611,260000,AZN,3,104.0,8,16,False,False,False,8 Noyabr,Bakı
6313916,415000,AZN,3,145.0,22,27,False,False,False,8 Noyabr,Bakı
6492430,142000,AZN,2,47.0,1,5,True,False,False,Memar Əcəmi,Bakı
6492426,289000,AZN,3,92.0,11,14,True,False,False,Həzi Aslanov,Bakı
6465647,148000,AZN,2,50.0,20,20,True,False,False,20 Yanvar,Bakı
6326509,1188715,AZN,4,216.1,15,18,False,True,True,Elmlər Akademiyası,Bakı
6488963,140000,AZN,1,40.0,2,5,True,False,False,Nərimanov,Bakı
6492425,345000,AZN,3,130.0,4,20,True,False,False,Nizami,Bakı
5867067,812900,AZN,4,147.8,16,18,False,True,True,Elmlər Akademiyası,Bakı
6406624,658000,AZN,4,167.0,6,16,True,False,False,Nəsimi,Bakı
6450644,155000,AZN,3,90.0,13,14,True,True,True,Masazır,Bakı
4190770,1128215,AZN,4,205.13,15,18,False,True,True,Elmlər Akademiyası,Bakı
6492421,153000,AZN,2,50.0,4,5,True,False,False,20 Yanvar,Bakı
6230565,685000,AZN,4,225.0,16,18,True,False,False,Elmlər Akademiyası,Bakı
4452982,318325,AZN,1,53.5,5,7,False,True,True,Nardaran,Bakı
6252014,1380000,AZN,4,220.0,7,14,True,False,False,Bayıl,Bakı
6445074,280000,AZN,3,70.0,9,16,True,False,False,İnşaatçılar,Bakı
6450670,550000,AZN,5,116.0,2,2,True,True,False,İçəri Şəhər,Bakı
6267842,1550000,AZN,6,365.0,4,5,True,False,False,İçəri Şəhər,Bakı
5964283,714000,AZN,4,207.0,16,21,False,True,False,Elmlər Akademiyası,Bakı
6492420,185000,AZN,4,132.0,3,16,True,False,False,Masazır,Bakı
6477667,155000,AZN,1,60.0,11,16,True,False,False,İnşaatçılar,Bakı
6480451,107500,AZN,2,46.0,15,16,True,True,False,,Xırdalan
5936849,177000,AZN,1,60.0,12,24,False,True,True,Nardaran,Bakı
6492417,620000,AZN,4,192.0,5,17,True,False,False,28 May,Bakı
6164061,390000,AZN,4,195.0,8,18,True,True,False,Yasamal,Bakı
6492416,170000,AZN,2,45.0,3,5,True,False,False,Elmlər Akademiyası,Bakı
6485501,420000,AZN,3,148.0,14,27,True,False,False,Yasamal,Bakı
5555412,405977,AZN,2,91.9,2,6,True,True,True,Sea Breeze,Bakı
6377953,229000,AZN,2,75.0,16,17,True,False,False,Gənclik,Bakı
6492412,309000,AZN,4,130.0,4,6,True,False,False,Həzi Aslanov,Bakı
6469725,315000,AZN,3,120.0,8,17,True,False,False,Həzi Aslanov,Bakı
6492411,1056000,AZN,3,165.0,21,32,True,False,False,Şah İsmayıl Xətai,Bakı
6486619,470000,AZN,4,170.0,15,17,True,False,False,Şah İsmayıl Xətai,Bakı
6434344,288000,AZN,3,110.0,7,19,True,False,False,Həzi Aslanov,Bakı
6474933,157000,AZN,2,70.0,9,9,True,False,False,Həzi Aslanov,Bakı
6178562,242000,AZN,3,80.0,11,15,True,False,False,Həzi Aslanov,Bakı
6397896,180000,AZN,3,58.0,13,16,True,False,False,Neftçilər,Bakı
6422300,258000,AZN,2,58.0,13,17,True,True,True,Nərimanov,Bakı
6393219,255000,AZN,4,110.0,7,9,True,False,False,Əhmədli,Bakı
6330380,310000,AZN,3,105.0,8,16,True,False,False,Neftçilər,Bakı
6447085,226000,AZN,2,75.0,11,16,True,False,False,Qara Qarayev,Bakı
6492410,92000,AZN,3,67.0,7,8,True,False,False,,Xırdalan
6453905,2450000,AZN,4,379.0,8,17,False,False,False,Bayıl,Bakı
6314611,285000,AZN,3,90.0,10,19,True,False,False,Əhmədli,Bakı
6492407,88000,AZN,1,44.0,9,10,True,False,False,,Xırdalan
6387351,805000,AZN,4,232.0,12,16,False,True,True,Nəsimi,Bakı
6403441,320000,AZN,3,105.0,15,18,True,False,False,Qara Qarayev,Bakı
6492406,215000,AZN,4,100.0,2,5,True,False,False,Həzi Aslanov,Bakı
6403490,349000,AZN,4,179.0,11,16,False,False,False,Həzi Aslanov,Bakı
6454542,185000,AZN,3,90.0,1,5,True,False,False,Neftçilər,Bakı
6492405,155880,AZN,3,86.6,6,7,True,False,False,Masazır,Bakı
6326283,188000,AZN,2,52.0,10,16,True,True,True,Neftçilər,Bakı
6118934,152000,AZN,4,103.0,6,16,True,False,False,,Xırdalan
6479363,210000,AZN,2,65.0,14,16,True,False,False,Əhmədli,Bakı
6492338,680000,AZN,3,155.0,14,18,True,True,True,Şah İsmayıl Xətai,Bakı
6403521,177000,AZN,2,62.0,5,14,True,False,False,Neftçilər,Bakı
6489136,103000,AZN,2,65.0,1,17,True,True,True,,Xırdalan
6068195,400000,AZN,3,161.0,11,16,True,False,False,Əhmədli,Bakı
6406673,268000,AZN,3,87.0,12,14,True,False,False,Qara Qarayev,Bakı
6456991,210000,AZN,2,84.0,2,5,False,True,True,Şıxov,Bakı
6492402,117000,AZN,2,42.0,2,2,True,False,False,İçəri Şəhər,Bakı
6422293,358000,AZN,3,88.0,13,17,True,True,True,Nərimanov,Bakı
6240034,208000,AZN,2,55.0,6,20,True,False,False,20 Yanvar,Bakı
6492399,310000,AZN,4,130.0,4,6,True,False,False,Həzi Aslanov,Bakı
6030322,264000,AZN,3,110.0,12,17,True,False,False,Həzi Aslanov,Bakı
5848733,209000,AZN,3,120.0,16,17,True,True,False,Həzi Aslanov,Bakı
6058611,274000,AZN,3,121.0,5,18,True,False,False,Həzi Aslanov,Bakı
6492398,161000,AZN,2,60.0,13,16,True,False,False,Qara Qarayev,Bakı
6455037,131000,AZN,3,84.0,8,16,True,False,False,,Xırdalan
6484523,165000,AZN,2,65.0,8,9,True,True,False,Əhmədli,Bakı
6168820,1200000,AZN,3,131.0,15,17,True,True,False,28 May,Bakı
6480666,96000,AZN,1,33.0,5,9,True,False,False,Qaraçuxur,Bakı
6477682,210000,AZN,2,65.0,14,16,True,False,False,Həzi Aslanov,Bakı
6492394,220000,AZN,2,63.0,3,17,True,False,False,Koroğlu,Bakı
6458086,1400000,AZN,6,360.0,11,18,True,True,False,Gənclik,Bakı
6492392,205000,AZN,2,53.0,14,19,True,False,False,20 Yanvar,Bakı
6492388,245000,AZN,2,55.0,10,15,True,False,False,Nərimanov,Bakı
6439458,210000,AZN,3,75.0,5,5,True,True,True,Gənclik,Bakı
6332674,115000,AZN,1,51.0,14,19,True,True,False,Bakıxanov,Bakı
6471728,570000,AZN,3,137.0,9,17,True,True,False,28 May,Bakı
5898856,475200,AZN,3,144.0,2,7,False,False,False,Nəriman Nərimanov,Bakı
6428586,255000,AZN,3,73.0,3,5,True,True,False,Nəriman Nərimanov,Bakı
6464175,188900,AZN,3,70.0,3,16,True,True,False,Avtovağzal,Bakı
6492385,188000,AZN,2,52.0,12,19,True,False,False,İnşaatçılar,Bakı
6466818,115000,AZN,2,64.0,5,5,True,False,False,,Xırdalan
6480930,145000,AZN,4,140.0,13,13,True,False,False,,Xırdalan
6444660,385000,AZN,3,101.0,10,14,True,False,False,Nizami,Bakı
4965982,285147,AZN,3,96.6,10,14,False,True,True,Dərnəgül,Bakı
6213318,255000,AZN,3,125.0,3,15,True,True,False,Yeni Yasamal,Bakı
4967088,236168,AZN,2,89.1,8,13,False,True,True,Dərnəgül,Bakı
6492381,245000,AZN,3,84.0,14,15,True,False,False,Neftçilər,Bakı
6492380,1054000,AZN,3,165.0,23,32,True,False,False,Şah İsmayıl Xətai,Bakı
6322773,410000,AZN,3,140.0,6,16,True,False,False,Nəsimi,Bakı
6475470,127000,AZN,2,55.0,5,5,True,True,False,Badamdar,Bakı
6337123,245000,AZN,2,62.0,16,18,True,False,False,Nəriman Nərimanov,Bakı
6488006,430000,AZN,4,203.0,14,16,False,True,False,Elmlər Akademiyası,Bakı
6393560,420000,AZN,3,120.0,13,17,True,False,False,Gənclik,Bakı
6492379,450000,AZN,2,95.0,8,16,True,False,False,Elmlər Akademiyası,Bakı
6492375,159000,AZN,2,40.0,12,13,True,False,False,Bayıl,Bakı
6492058,140000,AZN,1,40.0,2,5,True,False,False,Nərimanov,Bakı
6492371,190000,AZN,2,64.0,12,14,True,False,False,Memar Əcəmi,Bakı
6492370,59500,AZN,1,22.0,6,6,True,False,False,Bakıxanov,Bakı
6449273,82500,AZN,2,55.0,3,5,False,False,False,Həzi Aslanov,Bakı
6323721,249000,AZN,3,102.5,3,13,True,False,False,Əhmədli,Bakı
6456627,70000,AZN,3,71.0,5,5,True,False,False,Masazır,Bakı
5936347,250000,AZN,1,59.5,12,24,True,False,False,Sea Breeze,Bakı
6492367,265000,AZN,3,65.0,3,5,True,False,False,Nəriman Nərimanov,Bakı
6320934,189000,AZN,2,60.0,4,5,True,False,False,Nəriman Nərimanov,Bakı
6348595,159000,AZN,2,40.0,11,15,False,False,False,28 May,Bakı
6492366,550000,AZN,4,191.0,14,16,False,False,False,Elmlər Akademiyası,Bakı
6103408,136000,AZN,3,97.0,4,9,True,True,False,Masazır,Bakı
6412137,362000,AZN,3,135.0,9,16,True,False,False,Qara Qarayev,Bakı
6455800,227000,AZN,3,65.0,4,9,True,False,False,Gənclik,Bakı
6492365,139500,AZN,2,45.0,7,9,True,False,False,Memar Əcəmi,Bakı
6469521,149000,AZN,2,78.0,5,14,False,False,False,Həzi Aslanov,Bakı
6385464,270000,AZN,2,92.0,19,20,True,False,False,Şah İsmayıl Xətai,Bakı
6492364,98000,AZN,2,72.0,8,10,True,False,False,Masazır,Bakı
6492298,127000,AZN,2,45.0,6,9,True,False,False,Əhmədli,Bakı
6435718,380000,AZN,3,160.0,3,19,True,True,False,Şah İsmayıl Xətai,Bakı
6480984,386000,AZN,3,127.0,4,18,True,True,True,Memar Əcəmi,Bakı
6291281,325000,AZN,3,100.0,4,16,False,True,True,Nəsimi,Bakı
6409222,285000,AZN,3,91.0,5,15,True,False,False,Həzi Aslanov,Bakı
6465544,270000,AZN,3,125.0,14,17,True,True,True,Bayıl,Bakı
6492360,360000,AZN,3,117.0,14,17,True,False,False,20 Yanvar,Bakı
6450610,82000,AZN,3,60.0,1,8,True,False,False,Masazır,Bakı
6465129,777000,AZN,4,229.0,14,16,False,True,False,28 May,Bakı
6474668,380000,AZN,3,93.0,13,17,True,True,False,Şah İsmayıl Xətai,Bakı
6492361,250000,AZN,3,104.0,15,17,False,False,False,7-ci mikrorayon,Bakı
6465108,670000,AZN,4,179.0,11,16,True,True,False,Şah İsmayıl Xətai,Bakı
6334804,112000,AZN,2,45.0,7,10,True,False,False,,Xırdalan
6483513,66000,AZN,2,44.0,5,6,True,False,False,Masazır,Bakı
6465072,335000,AZN,2,80.0,3,16,True,True,False,Şah İsmayıl Xətai,Bakı
6444387,83000,AZN,2,60.0,5,6,True,False,False,Masazır,Bakı
6492356,445000,AZN,3,117.0,15,19,True,False,False,İnşaatçılar,Bakı
6225420,86000,AZN,2,57.0,1,6,True,False,False,Masazır,Bakı
6470626,285000,AZN,3,105.0,16,18,True,False,False,Nəriman Nərimanov,Bakı
6463840,227000,AZN,3,70.0,4,9,True,False,False,Gənclik,Bakı
6463440,110000,AZN,2,45.0,5,10,True,False,False,,Xırdalan
6492355,245000,AZN,3,82.0,2,5,True,False,False,Nərimanov,Bakı
6464963,290000,AZN,2,70.0,6,12,True,True,False,Səbail,Bakı
6484945,235000,AZN,3,108.0,16,17,True,False,False,Xalqlar Dostluğu,Bakı
6455438,127000,AZN,2,75.0,9,14,True,False,False,Masazır,Bakı
6405793,219000,AZN,3,85.0,18,18,True,True,True,Yeni Yasamal,Bakı
6464886,1600000,AZN,4,240.0,17,22,True,True,False,Səbail,Bakı
6492354,170000,AZN,3,75.0,8,9,True,False,False,Qara Qarayev,Bakı
6451615,104900,AZN,2,56.0,8,16,True,False,False,Masazır,Bakı
6472810,157000,AZN,3,64.0,1,9,True,True,False,Bakıxanov,Bakı
6460911,310000,AZN,3,94.0,5,16,True,True,True,Nərimanov,Bakı
6371230,239000,AZN,2,95.0,4,19,True,False,False,Həzi Aslanov,Bakı
6069874,265000,AZN,2,95.0,16,17,True,False,False,Şah İsmayıl Xətai,Bakı
6329965,85000,AZN,2,60.0,2,4,True,False,False,,Xırdalan
6422209,550000,AZN,4,121.0,7,7,True,False,False,Ağ şəhər,Bakı
6442070,329000,AZN,3,125.0,20,22,True,True,False,Nərimanov,Bakı
6357557,212000,AZN,2,92.0,7,19,False,False,False,Həzi Aslanov,Bakı
6486222,920000,AZN,4,165.0,3,7,True,True,True,Ağ şəhər,Bakı
6486306,288000,AZN,3,111.0,7,20,True,True,False,Həzi Aslanov,Bakı
6209296,870000,AZN,4,181.0,6,17,True,True,True,Elmlər Akademiyası,Bakı
6452875,105000,AZN,2,45.0,9,10,True,False,False,,Xırdalan
6446186,444000,AZN,2,82.0,11,20,False,True,True,Ağ şəhər,Bakı
6374219,142000,AZN,1,35.0,3,5,True,False,False,Elmlər Akademiyası,Bakı
6439811,608000,AZN,5,205.0,11,16,True,False,False,Şah İsmayıl Xətai,Bakı
6480118,170000,AZN,3,70.0,5,5,True,False,False,Xalqlar Dostluğu,Bakı
6475187,165000,AZN,3,90.0,4,7,True,False,False,8-ci kilometr,Bakı
6470733,178000,AZN,2,65.0,4,9,True,False,False,Həzi Aslanov,Bakı
6480407,175000,AZN,1,57.0,2,9,False,True,False,Sea Breeze,Bakı
6441702,225000,AZN,3,86.0,8,9,True,False,False,Koroğlu,Bakı
6467716,165000,AZN,3,68.0,2,9,True,False,False,Həzi Aslanov,Bakı
6277065,309000,AZN,2,68.0,3,19,True,False,False,Şah İsmayıl Xətai,Bakı
6478701,157000,AZN,2,52.0,4,14,True,False,False,Xalqlar Dostluğu,Bakı
6430150,238000,AZN,3,85.0,8,9,True,False,False,Xalqlar Dostluğu,Bakı
6413992,330000,AZN,3,105.0,3,18,True,False,False,Qara Qarayev,Bakı
6395890,420000,AZN,3,118.0,13,19,True,False,False,Gənclik,Bakı
6438863,174000,AZN,2,60.0,17,19,True,False,False,Memar Əcəmi,Bakı
6444656,176000,AZN,2,55.0,12,19,True,False,False,Həzi Aslanov,Bakı
6396254,329000,AZN,3,123.0,12,20,True,True,False,İnşaatçılar,Bakı
6434881,138000,AZN,3,77.0,9,12,True,False,False,Hövsan,Bakı
6338508,133000,AZN,2,67.0,10,19,True,False,False,Bakıxanov,Bakı
6480408,154000,AZN,2,47.0,2,9,True,False,False,Xalqlar Dostluğu,Bakı
6374201,44500,AZN,2,53.0,1,8,True,False,False,,Xırdalan
6486052,435000,AZN,3,115.0,16,17,True,True,False,Şah İsmayıl Xətai,Bakı
5914718,284000,AZN,3,138.0,20,23,False,False,False,Bakıxanov,Bakı
6492341,219000,AZN,3,95.0,8,16,True,False,False,Həzi Aslanov,Bakı
6436920,385000,AZN,4,145.0,17,17,True,True,False,28 May,Bakı
6477852,144500,AZN,2,50.0,4,16,True,True,False,Avtovağzal,Bakı
5427439,387000,AZN,2,79.6,1,1,True,True,True,Sea Breeze,Bakı
6492340,89500,AZN,2,61.0,6,17,True,False,False,,Xırdalan
6329306,316000,AZN,2,96.0,4,12,False,False,False,Gənclik,Bakı
6440032,155000,AZN,2,65.0,8,9,True,True,False,Həzi Aslanov,Bakı
6458036,208000,AZN,2,70.0,4,5,True,True,False,Badamdar,Bakı
5419358,165000,AZN,1,39.0,5,18,False,True,False,Sea Breeze,Bakı
6333789,207000,AZN,4,100.0,2,5,True,True,False,Neftçilər,Bakı
6392704,299000,AZN,3,110.0,3,15,True,False,False,Elmlər Akademiyası,Bakı
6446823,236000,AZN,3,75.0,4,5,True,True,False,Nizami,Bakı
6429262,580000,AZN,2,103.0,2,3,True,True,True,Sabunçu,Bakı
6339879,550000,AZN,4,185.0,3,16,True,True,False,Nərimanov,Bakı
6216890,221000,AZN,1,58.0,1,7,True,True,True,Sea Breeze,Bakı
5738483,175000,AZN,1,57.2,5,24,False,True,False,Nardaran,Bakı
6490992,145000,AZN,3,80.0,7,9,True,True,True,Hövsan,Bakı
6492336,59000,AZN,2,45.0,11,11,True,False,False,,Xırdalan
6305096,310000,AZN,3,120.3,4,16,False,True,False,20 Yanvar,Bakı
6469409,160000,AZN,2,58.0,18,19,True,False,False,Bakıxanov,Bakı
6466039,144000,AZN,2,82.0,17,19,True,False,False,Bakıxanov,Bakı
6464512,213000,AZN,4,83.0,5,5,True,False,False,Bakıxanov,Bakı
6459578,110000,AZN,1,40.0,4,5,True,False,False,Bakıxanov,Bakı
6447533,148000,AZN,2,40.0,5,10,True,False,False,Bakıxanov,Bakı
6458787,153000,AZN,2,60.0,1,9,True,False,False,Bakıxanov,Bakı
6436310,310000,AZN,2,85.5,15,20,True,True,True,Nərimanov,Bakı
6492331,275000,AZN,3,105.0,5,17,True,False,False,İnşaatçılar,Bakı
6422061,288000,AZN,2,72.0,10,16,False,True,True,Nizami,Bakı
6441945,260000,AZN,3,75.0,9,20,True,True,False,20 Yanvar,Bakı
6364649,365000,AZN,3,84.0,7,16,True,False,False,Nizami,Bakı
6460755,475000,AZN,3,125.0,18,20,False,True,True,Şah İsmayıl Xətai,Bakı
6403156,270000,AZN,2,87.0,11,18,True,True,False,Nizami,Bakı
6415685,320000,AZN,4,111.0,3,9,True,True,False,Nərimanov,Bakı
6481756,345000,AZN,4,115.0,2,5,True,False,False,Elmlər Akademiyası,Bakı
6425371,325000,AZN,3,80.0,9,14,True,False,False,Gənclik,Bakı
6425324,885000,AZN,4,233.0,4,17,True,False,False,Nərimanov,Bakı
6429200,270000,AZN,3,126.0,14,17,True,False,False,Xalqlar Dostluğu,Bakı
6214938,288000,AZN,2,70.0,9,21,True,False,False,Nəsimi,Bakı
6433303,460000,AZN,3,92.0,15,20,True,False,False,Şah İsmayıl Xətai,Bakı
6357503,355000,AZN,3,115.0,4,14,True,False,False,Azadlıq Prospekti,Bakı
6448671,245000,AZN,2,55.0,10,16,True,False,False,Nərimanov,Bakı
6310226,455000,AZN,3,148.0,5,27,True,False,False,8 Noyabr,Bakı
6441946,454000,AZN,3,65.0,5,7,True,False,False,Ağ şəhər,Bakı
6463468,146000,AZN,3,75.0,5,5,True,False,False,Həzi Aslanov,Bakı
6351596,319800,AZN,3,81.0,9,16,True,False,False,Nərimanov,Bakı
6463501,230000,AZN,3,80.0,5,9,True,False,False,Gənclik,Bakı
6492328,273000,AZN,2,75.0,10,17,True,False,False,Azadlıq Prospekti,Bakı
6477344,275000,AZN,4,120.0,4,9,True,False,False,Gənclik,Bakı
6432424,292000,AZN,4,146.0,7,17,False,False,False,Dərnəgül,Bakı
6360284,168000,AZN,2,56.0,6,16,True,False,False,Neftçilər,Bakı
6491055,195000,AZN,2,55.0,4,12,True,True,False,Nəsimi,Bakı
6465460,168000,AZN,4,84.0,7,9,True,False,False,Yeni Günəşli,Bakı
6395971,185000,AZN,5,120.0,6,9,True,False,False,Köhnə Günəşli,Bakı
6425630,232000,AZN,3,91.0,11,15,False,False,False,Həzi Aslanov,Bakı
6172499,150000,AZN,3,70.0,13,15,True,False,False,Yeni Günəşli,Bakı
6377949,175000,AZN,2,54.0,13,15,True,False,False,Əhmədli,Bakı
5905973,540000,AZN,4,188.0,9,16,True,False,False,Elmlər Akademiyası,Bakı
6476750,125000,AZN,2,60.0,2,3,True,False,False,Qaraçuxur,Bakı
6091577,269000,AZN,3,140.0,17,17,True,False,False,Əhmədli,Bakı
6482708,195000,AZN,4,85.0,1,9,True,True,False,Həzi Aslanov,Bakı
6482402,315000,AZN,4,185.0,14,18,False,True,False,Xətai,Bakı
6485389,105000,AZN,2,57.0,4,6,True,False,False,Abşeron,Xırdalan
6310776,275000,AZN,3,90.0,2,19,True,False,False,Əhmədli,Bakı
6392643,204408,AZN,1,50.1,3,12,False,True,True,Nardaran,Bakı
6467036,153000,AZN,2,67.0,5,14,False,False,False,Həzi Aslanov,Bakı
6342049,460000,AZN,3,125.0,11,17,True,True,True,Şah İsmayıl Xətai,Bakı
6409214,538000,AZN,4,177.9,4,17,False,True,True,Gənclik,Bakı
6416838,430000,AZN,3,136.0,16,22,True,False,False,İnşaatçılar,Bakı
6456871,256000,AZN,3,83.0,14,18,True,False,False,İnşaatçılar,Bakı
6492320,560000,AZN,3,140.0,4,10,True,False,False,28 May,Bakı
6350926,850000,AZN,4,211.0,6,15,True,False,False,Sahil,Bakı
6469734,462000,AZN,3,140.0,16,18,True,False,False,Gənclik,Bakı
6149144,750000,AZN,4,153.0,4,8,True,False,False,Ağ şəhər,Bakı
6457468,360000,AZN,3,125.0,11,13,True,False,False,8 Noyabr,Bakı
6463237,220000,AZN,2,85.0,6,16,True,False,False,Dərnəgül,Bakı
6447531,1200000,AZN,4,190.0,13,19,True,False,False,28 May,Bakı
6479252,185000,AZN,2,45.0,4,17,True,False,False,Nəriman Nərimanov,Bakı
6479557,163000,AZN,2,60.0,2,5,True,False,False,Xalqlar Dostluğu,Bakı
5791784,249000,AZN,2,61.0,4,15,True,False,False,Nərimanov,Bakı
6209874,830000,AZN,5,265.0,13,16,True,False,False,Nizami,Bakı
6061715,926000,AZN,4,257.0,7,15,False,False,False,Sahil,Bakı
6492317,119000,AZN,2,60.0,3,12,True,False,False,,Xırdalan
6492318,268000,AZN,3,111.0,16,17,True,False,False,İnşaatçılar,Bakı
6201532,375000,AZN,3,95.0,9,13,True,False,False,Nizami,Bakı
6408374,650000,AZN,4,176.0,5,16,False,False,False,Nəriman Nərimanov,Bakı
5731813,595000,AZN,4,160.0,15,17,True,False,False,Şah İsmayıl Xətai,Bakı
6107074,400000,AZN,3,142.0,15,17,True,False,False,Nəriman Nərimanov,Bakı
6415639,267000,AZN,2,87.0,5,16,True,False,False,Şah İsmayıl Xətai,Bakı
6482766,248000,AZN,2,55.0,11,16,True,False,False,Şah İsmayıl Xətai,Bakı
6482255,758500,AZN,4,185.0,15,21,False,False,False,Xətai,Bakı
6463242,172000,AZN,2,55.0,4,5,True,False,False,İnşaatçılar,Bakı
6492316,319000,AZN,2,105.0,9,17,True,False,False,Gənclik,Bakı
6297194,428000,AZN,4,173.0,5,16,False,False,False,Yasamal,Bakı
6469098,432000,AZN,3,150.0,4,19,True,False,False,Elmlər Akademiyası,Bakı
6405099,452064,AZN,3,110.8,8,11,False,True,True,Nardaran,Bakı
6440269,453000,AZN,3,158.0,7,18,False,False,False,Gənclik,Bakı
6408064,220000,AZN,3,80.0,2,5,True,False,False,İnşaatçılar,Bakı
6235007,217000,AZN,4,120.0,2,5,True,False,False,Xətai,Bakı
6281238,285000,AZN,3,115.0,14,18,True,False,False,Memar Əcəmi,Bakı
6213319,242000,AZN,3,102.5,17,18,True,True,True,Badamdar,Bakı
5705571,400000,AZN,3,100.0,4,16,True,False,False,Nizami,Bakı
6492312,133000,AZN,1,58.0,4,15,False,False,False,Azadlıq Prospekti,Bakı
6488171,192000,AZN,2,72.0,5,22,True,False,False,İnşaatçılar,Bakı
6491674,284500,AZN,3,135.0,16,18,True,False,False,Yeni Yasamal,Bakı
6492311,250000,AZN,4,100.0,8,9,True,False,False,20 Yanvar,Bakı
6491746,254500,AZN,3,125.0,16,18,True,False,False,Memar Əcəmi,Bakı
6332032,165000,AZN,4,70.0,1,5,False,False,False,Qara Qarayev,Bakı
6492310,438000,AZN,4,147.0,3,7,False,False,False,Ağ şəhər,Bakı
6460073,138000,AZN,2,40.0,4,9,True,False,False,Həzi Aslanov,Bakı
6434429,205000,AZN,3,85.0,8,12,True,True,False,Bakıxanov,Bakı
6470589,830000,AZN,4,220.0,8,16,False,False,False,Nizami,Bakı
6460084,479000,AZN,3,160.0,12,24,True,True,True,Şah İsmayıl Xətai,Bakı
6409293,175000,AZN,3,92.0,7,19,True,True,False,Bakıxanov,Bakı
6146493,235000,AZN,4,115.0,6,9,True,False,False,Elmlər Akademiyası,Bakı
6492307,359000,AZN,3,133.0,13,16,False,False,False,Nərimanov,Bakı
6310850,630000,AZN,3,130.0,5,8,True,True,False,Ağ şəhər,Bakı
6453460,205000,AZN,3,90.0,6,9,True,False,False,20 Yanvar,Bakı
6473926,230000,AZN,2,95.0,11,14,False,False,False,Memar Əcəmi,Bakı
6135551,258000,AZN,4,127.0,9,17,True,True,False,Köhnə Günəşli,Bakı
6350735,245000,AZN,2,70.0,7,17,True,False,False,Binəqədi,Bakı
6473671,287500,AZN,3,119.0,2,15,False,False,False,Memar Əcəmi,Bakı
6449059,239000,AZN,3,80.0,11,13,True,False,False,Koroğlu,Bakı
6306161,96000,AZN,2,56.0,11,11,True,True,False,Masazır,Bakı
6418800,365000,AZN,3,106.0,17,27,True,False,False,8 Noyabr,Bakı
6034321,305000,AZN,3,125.0,2,18,True,False,False,Şah İsmayıl Xətai,Bakı
6284252,120000,AZN,4,83.0,3,6,True,True,False,Masazır,Bakı
6370757,359000,AZN,3,132.0,2,13,True,False,False,Şah İsmayıl Xətai,Bakı
6331823,363702,AZN,3,105.4,10,14,False,True,True,Nardaran,Bakı
6171821,720000,AZN,4,141.0,5,7,True,True,False,Ağ şəhər,Bakı
6474622,197000,AZN,3,90.0,2,9,True,False,False,Neftçilər,Bakı
6450460,355000,AZN,4,155.0,5,20,True,False,False,Həzi Aslanov,Bakı
6487134,300000,AZN,3,105.0,5,16,True,False,False,Qara Qarayev,Bakı
6466913,397000,AZN,2,99.0,4,18,True,False,False,28 May,Bakı
6413939,258000,AZN,3,114.0,6,17,True,False,False,Əhmədli,Bakı
6492301,115000,AZN,1,35.0,1,5,True,False,False,Memar Əcəmi,Bakı
6492300,182000,AZN,3,65.0,1,9,True,False,False,Xalqlar Dostluğu,Bakı
6492299,644000,AZN,4,127.0,10,20,True,False,False,Şah İsmayıl Xətai,Bakı
6461638,215000,AZN,2,92.0,5,17,True,False,False,Köhnə Günəşli,Bakı
6492295,340000,AZN,2,117.0,6,18,True,False,False,Sahil,Bakı
6434170,559000,AZN,3,120.0,8,18,True,False,False,İçəri Şəhər,Bakı
6477414,117000,AZN,3,66.0,3,16,True,True,False,,Xırdalan
5516652,339000,AZN,3,101.0,3,19,True,False,False,Həzi Aslanov,Bakı
6492294,80000,AZN,1,47.6,7,17,False,False,False,,Xırdalan
6339960,280000,AZN,3,130.0,3,16,False,True,True,İnşaatçılar,Bakı
6492292,154500,AZN,3,145.5,5,14,False,False,False,,Sumqayıt
6243960,975000,AZN,4,250.0,3,18,True,False,False,İçəri Şəhər,Bakı
6404060,187000,AZN,3,65.0,5,9,True,False,False,Xalqlar Dostluğu,Bakı
6492289,240000,AZN,2,65.0,2,4,True,False,False,Şah İsmayıl Xətai,Bakı
6073522,275000,AZN,3,105.0,3,17,True,True,True,20 Yanvar,Bakı
5928921,349000,AZN,3,105.0,12,15,True,False,False,Həzi Aslanov,Bakı
6487125,240000,AZN,4,85.0,4,9,True,False,False,Əhmədli,Bakı
6371766,129500,AZN,2,60.0,13,13,True,True,False,Həzi Aslanov,Bakı
6491610,205000,AZN,2,65.0,6,19,True,False,False,Xətai,Bakı
6492285,387000,AZN,2,85.0,9,16,True,False,False,Şah İsmayıl Xətai,Bakı
6482652,350000,AZN,3,126.0,14,19,True,False,False,Xətai,Bakı
6492284,360000,AZN,3,160.0,18,19,True,False,False,8 Noyabr,Bakı
6089658,297000,AZN,3,100.0,6,17,True,True,True,Dərnəgül,Bakı
6492282,175000,AZN,2,65.0,8,9,True,False,False,Xalqlar Dostluğu,Bakı
6316034,320000,AZN,3,130.0,5,18,True,False,False,Memar Əcəmi,Bakı
6443973,83000,AZN,2,60.0,5,6,True,True,True,Masazır,Bakı
6421499,497000,AZN,4,146.2,5,12,False,False,False,Səbail,Bakı
6492280,480000,AZN,3,150.0,15,18,True,False,False,Badamdar,Bakı
6492279,295000,AZN,3,125.0,7,10,True,False,False,Xalqlar Dostluğu,Bakı
6192755,415000,AZN,2,97.0,9,12,True,False,False,Səbail,Bakı
6403384,56500,AZN,2,50.0,8,9,False,True,False,Masazır,Bakı
6331498,555000,AZN,4,155.0,10,16,False,False,False,Nizami,Bakı
6206744,420000,AZN,3,120.0,13,19,True,False,False,Gənclik,Bakı
6491240,280000,AZN,3,113.0,13,16,True,True,False,Biləcəri,Bakı
6492278,410000,AZN,3,140.0,8,18,True,False,False,Badamdar,Bakı
6492277,220000,AZN,2,50.0,11,16,True,False,False,İnşaatçılar,Bakı
6492276,290000,AZN,3,100.0,16,16,False,False,False,28 May,Bakı
6472283,260000,AZN,2,95.0,13,16,True,False,False,Qara Qarayev,Bakı
6246142,349000,AZN,3,109.0,12,14,True,False,False,Həzi Aslanov,Bakı
6460617,289000,AZN,2,72.0,9,20,True,False,False,Nəsimi,Bakı
6472288,237000,AZN,3,86.3,7,15,False,False,False,Qara Qarayev,Bakı
6318715,253708,AZN,1,53.3,6,7,False,True,True,Nardaran,Bakı
6412321,486000,AZN,3,139.0,8,16,False,True,False,28 May,Bakı
6479404,300000,AZN,3,127.0,11,18,True,False,False,Qara Qarayev,Bakı
6489250,270000,AZN,3,86.0,14,15,True,True,False,Yasamal,Bakı
6250944,488000,AZN,4,129.7,8,16,True,True,False,Bakmil,Bakı
6313218,495000,AZN,3,175.0,9,11,True,False,False,Nizami,Bakı
6318271,82000,AZN,2,50.0,18,18,True,False,False,Nəriman Nərimanov,Bakı
6406942,228000,AZN,3,80.0,6,21,True,False,False,Əhmədli,Bakı
6398641,229000,AZN,3,94.0,11,16,False,True,False,Neftçilər,Bakı
6470482,286000,AZN,2,87.0,12,17,True,False,False,Qara Qarayev,Bakı
6405585,375000,AZN,3,135.0,12,18,True,False,False,Nəriman Nərimanov,Bakı
6351402,126000,AZN,2,55.0,4,5,True,False,False,Bakıxanov,Bakı
6357069,215000,AZN,4,100.0,2,5,True,False,False,Həzi Aslanov,Bakı
6427957,315000,AZN,3,103.0,12,19,True,False,False,İnşaatçılar,Bakı
6460934,115000,AZN,1,51.0,6,21,False,False,False,İnşaatçılar,Bakı
6431082,375000,AZN,3,140.0,10,17,True,False,False,8 Noyabr,Bakı
6479336,345000,AZN,4,130.0,14,16,True,False,False,Qara Qarayev,Bakı
6189940,215000,AZN,3,100.0,7,10,False,False,False,Bakıxanov,Bakı
6492271,310000,AZN,3,121.0,4,16,False,False,False,İnşaatçılar,Bakı
6411106,549000,AZN,3,100.0,11,17,True,False,False,İçəri Şəhər,Bakı
6478661,172000,AZN,1,50.0,15,17,True,False,False,Azadlıq Prospekti,Bakı
6472938,379500,AZN,4,175.0,5,10,True,False,False,Memar Əcəmi,Bakı
6406919,179000,AZN,2,95.0,4,4,True,False,False,Bakıxanov,Bakı
6187123,335000,AZN,4,186.0,16,18,False,False,False,Qara Qarayev,Bakı
6348035,225000,AZN,2,80.0,8,21,True,False,False,Xətai,Bakı
6387511,235000,AZN,3,101.0,5,17,False,False,False,Dərnəgül,Bakı
6332236,245000,AZN,2,62.0,16,17,True,False,False,Nərimanov,Bakı
6432664,535000,AZN,3,150.0,6,14,True,False,False,28 May,Bakı
6444814,205000,AZN,3,85.0,8,9,True,False,False,Xalqlar Dostluğu,Bakı
6492269,250000,AZN,2,72.0,16,16,True,False,False,Koroğlu,Bakı
6028328,137000,AZN,2,50.0,2,8,True,False,False,Əmircan,Bakı
6238611,485000,AZN,3,130.0,16,22,True,True,False,Elmlər Akademiyası,Bakı
6422296,159000,AZN,3,100.0,2,16,True,False,False,,Xırdalan
6426543,685000,AZN,4,240.0,11,21,True,True,True,Nərimanov,Bakı
6464916,750000,AZN,4,180.0,9,15,True,False,False,28 May,Bakı
6492268,220000,AZN,2,60.0,5,5,True,False,False,Nəriman Nərimanov,Bakı
6220831,306694,AZN,2,59.2,9,28,False,True,True,Nardaran,Bakı
6492266,429000,AZN,3,151.0,16,18,True,False,False,Badamdar,Bakı
6336023,244000,AZN,3,84.0,14,15,True,False,False,Neftçilər,Bakı
6492262,660000,AZN,4,173.0,5,17,True,False,False,Nəriman Nərimanov,Bakı
6070024,168000,AZN,2,56.0,9,16,True,False,False,Xətai,Bakı
6207462,209000,AZN,2,86.0,15,16,False,False,False,28 May,Bakı
6492260,335000,AZN,3,130.0,9,16,True,False,False,Həzi Aslanov,Bakı
6466739,272000,AZN,3,97.0,4,17,True,True,False,Xətai,Bakı
6392511,82000,AZN,1,20.0,1,1,True,False,False,İçəri Şəhər,Bakı
6014236,229000,AZN,3,65.0,10,15,True,False,False,Həzi Aslanov,Bakı
6492253,400000,AZN,3,171.0,3,16,True,False,False,8 Noyabr,Bakı
6412241,248000,AZN,3,82.0,5,16,True,False,False,Həzi Aslanov,Bakı
6106195,229000,AZN,3,98.0,5,15,True,False,False,Həzi Aslanov,Bakı
6318805,268000,AZN,3,118.0,18,18,True,False,False,20 Yanvar,Bakı
6492252,142000,AZN,2,60.0,1,6,True,False,False,İnşaatçılar,Bakı
6469471,365000,AZN,3,130.0,13,18,True,False,False,İnşaatçılar,Bakı
6492251,579000,AZN,3,100.0,5,8,True,False,False,Ağ şəhər,Bakı
6474170,275000,AZN,2,68.0,8,17,False,False,False,Elmlər Akademiyası,Bakı
6492247,198000,AZN,2,85.0,4,16,True,False,False,Avtovağzal,Bakı
6492242,95000,AZN,4,108.0,11,11,True,False,False,,Xırdalan
6492241,198000,AZN,3,85.0,8,9,True,False,False,Əhmədli,Bakı
5953652,208000,AZN,2,90.0,3,17,True,False,False,Həzi Aslanov,Bakı
6492240,495000,AZN,4,192.0,13,24,True,False,False,Şah İsmayıl Xətai,Bakı
6408936,142000,AZN,2,72.0,6,16,True,False,False,Yeni Günəşli,Bakı
6447521,288000,AZN,3,110.0,7,20,True,False,False,Həzi Aslanov,Bakı
6325856,250000,AZN,3,90.0,10,14,True,False,False,Əhmədli,Bakı
6492239,75000,AZN,1,35.0,3,3,True,False,False,Bülbülə,Bakı
6249822,240000,AZN,3,110.0,9,16,True,False,False,Həzi Aslanov,Bakı
6492233,220000,AZN,3,91.0,8,21,True,False,False,İnşaatçılar,Bakı
6447588,210000,AZN,2,70.0,9,18,True,False,False,8 Noyabr,Bakı
6357177,299000,AZN,3,110.0,16,17,True,False,False,Nəriman Nərimanov,Bakı
6025660,234000,AZN,5,140.0,3,9,True,False,False,20 Yanvar,Bakı
6480293,320000,AZN,3,90.0,3,9,True,False,False,Nəriman Nərimanov,Bakı
6411695,560000,AZN,3,107.0,3,7,True,False,False,Ağ şəhər,Bakı
6492230,77500,AZN,1,35.0,1,5,True,False,False,,Xırdalan
6492229,305000,AZN,3,105.0,7,12,True,False,False,Nizami,Bakı
6477377,232000,AZN,3,105.0,17,21,False,False,False,Həzi Aslanov,Bakı
6370863,470000,AZN,2,80.0,7,7,True,False,False,Ağ şəhər,Bakı
6430791,285000,AZN,3,110.0,7,20,True,False,False,Xətai,Bakı
6492227,213000,AZN,3,103.0,6,21,True,False,False,İnşaatçılar,Bakı
6015320,950000,AZN,4,232.0,13,18,False,False,False,Nəsimi,Bakı
6492224,320000,AZN,3,125.0,16,16,True,False,False,Xalqlar Dostluğu,Bakı
6464120,228000,AZN,2,94.0,6,18,True,False,False,20 Yanvar,Bakı
6461949,313000,AZN,3,131.0,10,17,True,False,False,Memar Əcəmi,Bakı
6281299,490000,AZN,2,95.0,2,8,True,False,False,Ağ şəhər,Bakı
6492223,740000,AZN,5,240.0,6,18,True,False,False,Nizami,Bakı
6458591,184000,AZN,2,60.0,2,9,True,False,False,Həzi Aslanov,Bakı
6492221,179000,AZN,3,65.0,1,5,True,False,False,20 Yanvar,Bakı
6492220,160000,AZN,2,67.0,15,20,True,False,False,İnşaatçılar,Bakı
6492217,290000,AZN,3,100.0,12,18,True,False,False,7-ci mikrorayon,Bakı
6492215,698000,AZN,3,150.0,17,21,True,False,False,Elmlər Akademiyası,Bakı
6408736,222000,AZN,3,80.0,4,5,True,False,False,Elmlər Akademiyası,Bakı
6492214,480000,AZN,3,137.0,16,16,True,False,False,Elmlər Akademiyası,Bakı
6492213,600000,AZN,3,153.0,8,20,True,False,False,Elmlər Akademiyası,Bakı
6281815,65000,AZN,2,37.0,2,5,True,False,False,Masazır,Bakı
6391933,472000,AZN,3,180.0,17,18,True,False,False,Şah İsmayıl Xətai,Bakı
6492211,175000,AZN,3,85.0,8,9,True,False,False,Suraxanı,Bakı
6464050,485000,AZN,3,130.0,8,16,True,False,False,28 May,Bakı
6492210,500000,AZN,3,135.0,11,18,True,False,False,Nəsimi,Bakı
6408965,249000,AZN,3,107.0,14,18,True,False,False,İnşaatçılar,Bakı
6466416,238000,AZN,3,85.0,14,14,False,False,False,Yasamal,Bakı
6411014,387000,AZN,2,85.0,9,16,True,False,False,Şah İsmayıl Xətai,Bakı
6448987,345000,AZN,4,136.0,13,20,True,False,False,İnşaatçılar,Bakı
6492209,148000,AZN,2,46.0,7,17,True,False,False,Həzi Aslanov,Bakı
6294437,430000,AZN,3,160.0,5,18,True,False,False,Elmlər Akademiyası,Bakı
6470434,268000,AZN,2,66.0,5,16,True,False,False,Gənclik,Bakı
6434040,210000,AZN,2,55.0,4,5,True,False,False,Nizami,Bakı
6434071,329000,AZN,3,120.0,9,15,True,False,False,İnşaatçılar,Bakı
6269727,720000,AZN,4,165.0,13,18,False,False,False,İçəri Şəhər,Bakı
6409115,185000,AZN,2,60.0,2,5,True,False,False,Nizami,Bakı
6350934,175000,AZN,2,70.0,8,12,True,False,False,Qaraçuxur,Bakı
6492206,250000,AZN,2,56.0,12,18,True,False,False,Nəsimi,Bakı
6492205,285000,AZN,3,85.0,3,14,True,False,False,Nizami,Bakı
6492203,205000,AZN,2,65.0,6,19,True,False,False,Xətai,Bakı
6491510,290000,AZN,5,120.0,2,9,True,False,False,Xalqlar Dostluğu,Bakı
6491249,240000,AZN,4,100.0,4,9,True,False,False,Əhmədli,Bakı
6489174,240000,AZN,5,120.0,5,9,True,False,False,Xətai,Bakı
6489215,178500,AZN,2,55.0,3,10,True,False,False,Xalqlar Dostluğu,Bakı
6407440,219000,AZN,3,90.0,6,9,True,False,False,Əhmədli,Bakı
6073638,195000,AZN,3,70.0,3,5,True,False,False,Qara Qarayev,Bakı
6491474,145000,AZN,3,90.0,1,9,True,False,False,Yeni Günəşli,Bakı
6463132,180000,AZN,3,90.0,6,9,True,False,False,Xətai,Bakı
6492199,148000,AZN,2,52.0,7,17,True,False,False,Həzi Aslanov,Bakı
6477104,148000,AZN,3,85.7,7,11,True,False,False,,Xırdalan
5504121,479842,AZN,2,128.3,2,8,False,False,False,Sea Breeze,Bakı
6492197,230000,AZN,2,60.0,11,18,True,False,False,Nəsimi,Bakı
6473611,135500,AZN,1,57.0,2,9,False,False,False,Sea Breeze,Bakı
6492195,267000,AZN,3,95.0,7,16,True,False,False,Neftçilər,Bakı
6441613,227000,AZN,2,75.8,2,6,False,False,False,Sea Breeze,Bakı
6492192,300000,AZN,3,87.0,16,17,True,False,False,Nəriman Nərimanov,Bakı
6130535,205000,AZN,2,65.0,9,9,True,False,False,Nəsimi,Bakı
6491731,245000,AZN,3,105.0,13,18,True,False,False,Memar Əcəmi,Bakı
6467853,195000,AZN,1,57.0,5,7,True,False,False,Sea Breeze,Bakı
6492190,140000,AZN,2,42.0,5,5,True,False,False,Nizami,Bakı
6207967,555000,AZN,4,128.0,10,17,True,False,False,Nəriman Nərimanov,Bakı
6492189,355000,AZN,3,120.0,4,14,True,False,False,Azadlıq Prospekti,Bakı
6473951,175000,AZN,3,85.0,8,9,True,False,False,Yeni Günəşli,Bakı
6149799,167000,AZN,3,85.0,9,9,True,False,False,Binəqədi,Bakı
6204414,554000,AZN,4,185.0,3,16,True,False,False,Nəriman Nərimanov,Bakı
6492182,269000,AZN,1,47.4,2,8,True,False,False,Sea Breeze,Bakı
6401272,70000,AZN,1,18.0,1,5,True,False,False,Nəsimi,Bakı
6492179,215000,AZN,2,68.0,11,16,True,False,False,Həzi Aslanov,Bakı
5504251,603514,AZN,2,110.9,1,4,True,False,False,Sea Breeze,Bakı
6374027,220000,AZN,3,87.0,17,18,True,False,False,Memar Əcəmi,Bakı
6492176,224000,AZN,1,64.0,7,19,False,False,False,Şah İsmayıl Xətai,Bakı
6492175,240000,AZN,4,80.0,4,9,True,False,False,Əhmədli,Bakı
6491741,310000,AZN,4,110.0,16,18,True,False,False,Azadlıq Prospekti,Bakı
6478359,220000,AZN,3,90.0,4,5,True,False,False,Gənclik,Bakı
6441912,393000,AZN,2,100.0,7,15,True,False,False,Gənclik,Bakı
6408987,233000,AZN,5,130.0,3,9,True,False,False,Yeni Yasamal,Bakı
6411437,152000,AZN,2,55.0,8,16,True,False,False,8-ci mikrorayon,Bakı
6492171,210000,AZN,3,98.7,3,16,False,False,False,Bakıxanov,Bakı
6472530,220000,AZN,3,90.0,5,5,True,False,False,Nəsimi,Bakı
6492169,870000,AZN,5,200.0,3,7,False,False,False,Ağ şəhər,Bakı
6489489,255000,AZN,2,85.0,8,16,True,False,False,8 Noyabr,Bakı
6430579,195000,AZN,3,90.0,3,5,True,False,False,Bakıxanov,Bakı
6460967,293000,AZN,2,90.0,4,16,True,False,False,Şah İsmayıl Xətai,Bakı
6491720,260000,AZN,3,80.0,2,17,True,False,False,Dərnəgül,Bakı
6392645,217056,AZN,1,53.2,12,12,False,False,False,Nardaran,Bakı
6492168,270000,AZN,3,85.0,4,9,True,False,False,İçəri Şəhər,Bakı
6479924,210000,AZN,3,114.0,3,19,True,False,False,Bakıxanov,Bakı
6487637,218000,AZN,3,90.0,5,9,True,False,False,Azadlıq Prospekti,Bakı
6492165,126000,AZN,1,38.0,10,12,True,False,False,Yasamal,Bakı
6492163,258000,AZN,3,106.0,14,17,True,False,False,Həzi Aslanov,Bakı
6449814,216999,AZN,2,55.0,5,9,True,False,False,Gənclik,Bakı
6144744,269000,AZN,2,91.0,16,17,False,False,False,Nəsimi,Bakı
6491808,205000,AZN,2,60.0,14,17,True,False,False,Dərnəgül,Bakı
6492162,165000,AZN,2,60.0,18,19,True,False,False,Həzi Aslanov,Bakı
6462448,170000,AZN,3,60.0,7,16,True,False,False,Qara Qarayev,Bakı
6492161,115000,AZN,1,40.0,1,5,True,False,False,Memar Əcəmi,Bakı
6492159,165000,AZN,3,82.0,2,9,True,False,False,Suraxanı,Bakı
6492154,169900,AZN,3,80.0,8,9,True,False,False,Həzi Aslanov,Bakı
6492157,160000,AZN,2,56.0,19,20,True,False,False,Xətai,Bakı
6466933,175000,AZN,2,51.0,15,19,True,False,False,Xətai,Bakı
6463410,310000,AZN,3,105.0,8,16,True,False,False,Qara Qarayev,Bakı
6482002,135000,AZN,2,59.0,5,5,True,False,False,Memar Əcəmi,Bakı
6492155,120000,AZN,1,50.0,1,6,True,False,False,Neftçilər,Bakı
6492153,169000,AZN,3,87.2,9,9,True,False,False,Lökbatan,Bakı
6492150,448000,AZN,3,135.0,12,15,True,False,False,Gənclik,Bakı
6480483,470000,AZN,4,190.0,9,16,True,False,False,Elmlər Akademiyası,Bakı
6492151,289000,AZN,3,90.0,11,15,True,False,False,Həzi Aslanov,Bakı
5910831,136000,AZN,2,50.0,5,5,True,False,False,Xalqlar Dostluğu,Bakı
6492146,440000,AZN,3,148.0,14,27,True,False,False,8 Noyabr,Bakı
6210873,284999,AZN,3,80.0,3,14,True,False,False,Nizami,Bakı
6492147,250000,AZN,2,60.0,12,16,True,False,False,28 May,Bakı
6492144,345000,AZN,4,100.0,13,18,True,False,False,Nəriman Nərimanov,Bakı
6492142,758500,AZN,4,185.0,12,20,False,False,False,Ağ şəhər,Bakı
6492141,237000,AZN,3,90.0,7,9,True,False,False,Nəsimi,Bakı
6478912,205000,AZN,2,65.0,6,19,True,False,False,Həzi Aslanov,Bakı
6369379,138000,AZN,3,74.0,2,9,True,False,False,Hövsan,Bakı
6492137,210000,AZN,4,90.0,5,5,True,False,False,28 May,Bakı
6492138,300000,AZN,3,110.0,3,17,True,False,False,Elmlər Akademiyası,Bakı
5793629,233000,AZN,2,68.0,12,17,True,False,False,Nəsimi,Bakı
6492135,339000,AZN,3,81.0,4,17,True,False,False,Şah İsmayıl Xətai,Bakı
6492134,167000,AZN,2,58.0,2,5,True,False,False,20 Yanvar,Bakı
6488682,488000,AZN,5,172.0,12,16,False,False,False,Nəriman Nərimanov,Bakı
6177802,368000,AZN,3,115.0,14,17,True,False,False,Şah İsmayıl Xətai,Bakı
6232523,992000,AZN,4,220.0,16,18,False,False,False,Nəsimi,Bakı
6232509,873000,AZN,4,194.0,13,17,False,False,False,Nəsimi,Bakı
6421394,234500,AZN,5,120.0,3,9,True,False,False,İnşaatçılar,Bakı
6430288,430000,AZN,3,150.0,7,17,True,False,False,İnşaatçılar,Bakı
6341285,200000,AZN,1,30.0,1,3,True,False,False,Sahil,Bakı
6492126,1200000,AZN,4,238.0,11,15,True,False,False,Nizami,Bakı
6360082,229000,AZN,3,75.0,4,5,True,False,False,Nəriman Nərimanov,Bakı
6031742,239000,AZN,2,92.0,2,17,True,False,False,Qara Qarayev,Bakı
6326157,320000,AZN,3,110.0,10,11,True,False,False,Qara Qarayev,Bakı
6455982,235000,AZN,4,100.0,6,9,True,False,False,Elmlər Akademiyası,Bakı
6492123,165000,AZN,1,79.0,4,17,True,False,False,Əhmədli,Bakı
6460738,218000,AZN,2,70.0,2,14,True,False,False,Qara Qarayev,Bakı
6156232,179000,AZN,2,65.0,8,9,True,False,False,Əhmədli,Bakı
6492120,182000,AZN,2,60.0,6,12,True,False,False,İnşaatçılar,Bakı
6492121,175000,AZN,1,42.0,3,5,True,False,False,Elmlər Akademiyası,Bakı
6085465,240000,AZN,2,89.0,3,13,True,False,False,Xalqlar Dostluğu,Bakı
6492119,385000,AZN,3,100.0,15,20,True,False,False,Nəsimi,Bakı
6019485,265000,AZN,3,106.0,8,17,True,False,False,Həzi Aslanov,Bakı
6492116,383000,AZN,3,120.0,10,17,True,False,False,Gənclik,Bakı
6492087,129000,AZN,2,40.0,3,5,True,False,False,20 Yanvar,Bakı
6492112,95000,AZN,2,48.0,3,4,True,False,False,Lökbatan,Bakı
6492115,355000,AZN,3,105.0,2,19,True,False,False,Gənclik,Bakı
6408927,140000,AZN,2,60.0,9,9,True,False,False,Bakıxanov,Bakı
6370205,138000,AZN,2,40.0,4,9,True,False,False,Həzi Aslanov,Bakı
6492114,310000,AZN,3,86.0,7,18,True,False,False,Nəriman Nərimanov,Bakı
6462157,145000,AZN,3,75.0,11,12,True,False,False,Hövsan,Bakı
6492113,140000,AZN,1,35.0,2,5,True,False,False,Gənclik,Bakı
6427994,155900,AZN,2,60.0,6,9,True,False,False,Həzi Aslanov,Bakı
6492111,170000,AZN,2,55.0,5,5,True,False,False,Nəriman Nərimanov,Bakı
6321787,895000,AZN,4,166.0,11,17,True,False,False,Elmlər Akademiyası,Bakı
6349674,814000,AZN,4,136.0,6,7,False,False,False,Ağ şəhər,Bakı
6476571,68000,AZN,2,37.0,1,5,True,False,False,Masazır,Bakı
6478598,160000,AZN,2,60.0,2,16,True,False,False,Həzi Aslanov,Bakı
6160056,629000,AZN,5,235.0,14,17,False,False,False,Nəsimi,Bakı
6455055,210000,AZN,2,70.0,6,9,True,False,False,Nərimanov,Bakı
6444807,214500,AZN,2,65.0,9,10,True,False,False,Gənclik,Bakı
6406914,315000,AZN,3,94.0,9,18,True,False,False,Nəriman Nərimanov,Bakı
6492105,370000,AZN,3,104.0,10,15,False,False,False,Nəriman Nərimanov,Bakı
6166288,510000,AZN,4,170.0,13,15,True,False,False,Gənclik,Bakı
6024932,450000,AZN,4,240.0,12,16,True,False,False,Nəsimi,Bakı
6492106,199000,AZN,3,65.0,2,5,True,False,False,Bakıxanov,Bakı
6422973,285000,AZN,3,100.0,9,18,True,False,False,28 May,Bakı
6492103,136000,AZN,2,45.0,6,10,True,False,False,Xalqlar Dostluğu,Bakı
6411283,210000,AZN,3,114.0,7,10,False,False,False,Binəqədi,Bakı
6489190,265000,AZN,3,85.0,4,9,True,False,False,Elmlər Akademiyası,Bakı
6492101,265000,AZN,2,100.0,15,17,True,False,False,İnşaatçılar,Bakı
6444727,225000,AZN,3,85.0,8,9,True,False,False,Qara Qarayev,Bakı
6386960,259000,AZN,3,90.0,6,9,True,False,False,28 May,Bakı
6492097,175000,AZN,2,58.0,2,5,True,False,False,İnşaatçılar,Bakı
6459790,148000,AZN,2,60.0,1,5,True,False,False,Neftçilər,Bakı
6492096,192000,AZN,4,105.0,9,9,True,False,False,Azadlıq Prospekti,Bakı
6025495,430000,AZN,3,140.0,13,17,True,False,False,28 May,Bakı
6492090,450000,AZN,2,120.0,9,16,True,False,False,28 May,Bakı
6492089,265000,AZN,3,85.0,6,9,True,False,False,Azadlıq Prospekti,Bakı
6481048,399000,AZN,2,115.0,5,21,True,False,False,Şah İsmayıl Xətai,Bakı
6469681,388000,AZN,4,120.0,10,17,True,False,False,Nəriman Nərimanov,Bakı
6492086,735000,AZN,4,202.0,10,20,True,False,False,Elmlər Akademiyası,Bakı
6492088,117000,AZN,2,64.0,5,5,True,False,False,,Xırdalan
6491990,195000,AZN,3,120.0,3,16,False,False,False,8-ci kilometr,Bakı
6478388,250000,AZN,4,110.0,16,17,True,False,False,Həzi Aslanov,Bakı
6308635,365000,AZN,3,140.0,14,15,True,False,False,Xalqlar Dostluğu,Bakı
6488090,265000,AZN,2,51.0,8,16,True,False,False,Nəsimi,Bakı
6487803,240000,AZN,4,85.0,4,9,True,False,False,Əhmədli,Bakı
6492081,198900,AZN,2,70.0,9,18,True,False,False,Həzi Aslanov,Bakı
6479720,320000,AZN,3,115.0,8,17,True,False,False,Həzi Aslanov,Bakı
6482812,184000,AZN,2,86.0,3,17,True,False,False,Köhnə Günəşli,Bakı
6492079,355000,AZN,4,160.0,8,16,False,False,False,Nəriman Nərimanov,Bakı
6440463,225000,AZN,3,90.0,8,9,True,False,False,Qara Qarayev,Bakı
6406310,147000,AZN,3,60.0,1,9,True,False,False,Əhmədli,Bakı
6080627,378000,AZN,3,115.0,6,18,True,False,False,Şah İsmayıl Xətai,Bakı
6421066,178000,AZN,2,70.0,4,9,True,False,False,Həzi Aslanov,Bakı
6356818,269000,AZN,4,160.0,12,14,True,False,False,8-ci kilometr,Bakı
6482379,162000,AZN,2,60.0,3,5,True,False,False,Əhmədli,Bakı
6480856,183000,AZN,2,62.0,3,15,True,False,False,Əhmədli,Bakı
6287651,170000,AZN,2,68.0,10,17,True,False,False,Əhmədli,Bakı
6300302,420000,AZN,3,125.0,5,16,True,False,False,Nərimanov,Bakı
6492073,117000,AZN,1,36.0,3,5,True,False,False,Xətai,Bakı
6492070,133000,AZN,2,54.0,8,17,True,False,False,Memar Əcəmi,Bakı
6492068,154000,AZN,3,70.0,8,9,True,False,False,Hövsan,Bakı
6422139,230000,AZN,3,82.0,2,9,True,False,False,Azadlıq Prospekti,Bakı
6394379,175000,AZN,3,85.0,9,9,True,False,False,Neftçilər,Bakı
6109527,188000,AZN,3,75.0,4,5,True,False,False,Memar Əcəmi,Bakı
6464588,187000,AZN,2,65.0,4,20,True,False,False,20 Yanvar,Bakı
6034825,127000,AZN,1,36.0,3,5,True,False,False,Həzi Aslanov,Bakı
6492064,370000,AZN,2,82.8,1,6,True,False,False,Sea Breeze,Bakı
6492063,177000,AZN,2,55.0,7,16,True,False,False,Nərimanov,Bakı
6484739,240000,AZN,2,60.0,10,16,True,False,False,28 May,Bakı
6440816,165000,AZN,2,70.0,7,16,False,False,False,Yasamal,Bakı
6492061,151900,AZN,2,56.0,7,9,True,False,False,Həzi Aslanov,Bakı
6426886,155000,AZN,2,60.0,4,5,True,False,False,Neftçilər,Bakı
6474938,245000,AZN,2,65.0,11,16,True,False,False,Nizami,Bakı
6243670,117000,AZN,2,40.0,1,5,True,False,False,Neftçilər,Bakı
6467971,165000,AZN,2,65.0,6,6,True,False,False,Nizami,Bakı
6390126,270000,AZN,2,90.0,9,19,True,False,False,Nəriman Nərimanov,Bakı
6492059,225000,AZN,3,85.0,7,9,True,False,False,Xalqlar Dostluğu,Bakı
5968913,170000,AZN,2,63.0,1,2,True,False,False,İçəri Şəhər,Bakı
6471614,210000,AZN,2,68.0,14,15,True,False,False,Həzi Aslanov,Bakı
6447316,210000,AZN,2,70.0,6,12,True,False,False,Yasamal,Bakı
6423178,159000,AZN,2,70.0,9,19,True,False,False,İnşaatçılar,Bakı
6355030,368000,AZN,3,120.0,15,17,True,False,False,Binəqədi,Bakı
6317497,78000,AZN,2,54.0,9,11,True,False,False,Masazır,Bakı
6332928,860000,AZN,3,165.0,14,18,True,False,False,28 May,Bakı
6114177,399000,AZN,3,161.0,11,17,True,False,False,Həzi Aslanov,Bakı
6416612,435000,AZN,3,106.0,16,18,True,False,False,Nəriman Nərimanov,Bakı
6432577,600000,AZN,4,149.0,6,17,True,False,False,28 May,Bakı
6357566,370000,AZN,3,135.0,12,18,True,False,False,Nəriman Nərimanov,Bakı
6485888,104900,AZN,2,56.0,4,6,True,False,False,,Xırdalan
6492053,260000,AZN,2,90.0,3,15,True,False,False,8 Noyabr,Bakı
6424337,235000,AZN,3,94.0,3,18,True,False,False,Nəsimi,Bakı
6424287,275000,AZN,4,126.0,4,9,True,False,False,Nəsimi,Bakı
6438378,178000,AZN,2,63.0,12,16,False,False,False,Nərimanov,Bakı
6491879,195000,AZN,2,60.0,14,19,True,False,False,Memar Əcəmi,Bakı
6492051,218000,AZN,3,90.0,5,9,True,False,False,Azadlıq Prospekti,Bakı
6492050,188000,AZN,2,62.0,5,16,True,False,False,Memar Əcəmi,Bakı
6492047,75000,AZN,2,50.0,3,5,True,False,False,Masazır,Bakı
6408903,230000,AZN,3,98.0,14,17,True,False,False,Memar Əcəmi,Bakı
6234107,335000,AZN,1,60.0,6,6,False,False,False,Ağ şəhər,Bakı
6478412,160000,AZN,2,61.0,18,22,True,False,False,Yeni Yasamal,Bakı
6476445,153000,AZN,2,60.0,5,9,True,False,False,Neftçilər,Bakı
6486216,418000,AZN,3,140.0,9,17,True,False,False,Şah İsmayıl Xətai,Bakı
6492043,213000,AZN,3,104.0,6,21,True,False,False,İnşaatçılar,Bakı
6182390,185000,AZN,2,70.0,2,14,True,False,False,Qara Qarayev,Bakı
6421231,243000,AZN,3,83.0,8,16,True,False,False,Qara Qarayev,Bakı
6492041,266000,AZN,2,108.0,8,14,False,False,False,Qara Qarayev,Bakı
6453376,240000,AZN,2,65.0,2,6,True,False,False,Nizami,Bakı
6492040,310000,AZN,3,96.0,15,20,True,False,False,Nəsimi,Bakı
6492039,219000,AZN,2,80.0,17,24,False,False,False,Şah İsmayıl Xətai,Bakı
6454261,355000,AZN,4,160.0,17,18,False,False,False,Gənclik,Bakı
6492038,119800,AZN,2,45.0,2,5,True,False,False,Memar Əcəmi,Bakı
6347720,375000,AZN,3,135.0,10,17,True,False,False,8 Noyabr,Bakı
6297167,95000,AZN,3,60.0,15,16,True,False,False,,Xırdalan
6492037,283000,AZN,3,136.0,3,17,True,False,False,Xalqlar Dostluğu,Bakı
6213208,363000,AZN,2,99.3,5,7,True,False,False,Nardaran,Bakı
6492034,289000,AZN,2,78.0,17,20,True,False,False,Nərimanov,Bakı
6216262,189000,AZN,3,75.0,3,16,True,False,False,Nəsimi,Bakı
6202984,219000,AZN,1,60.0,2,7,True,False,False,Nardaran,Bakı
6491963,225000,AZN,3,85.0,3,9,True,False,False,8-ci mikrorayon,Bakı
6492005,233000,AZN,3,85.0,8,9,True,False,False,Azadlıq Prospekti,Bakı
6449630,189000,AZN,3,86.0,6,9,True,False,False,Xətai,Bakı
6492028,299000,AZN,3,72.0,18,18,True,False,False,Bakmil,Bakı
6492027,178000,AZN,2,55.0,2,5,True,False,False,Nərimanov,Bakı
6491962,140000,AZN,2,60.0,1,5,True,False,False,20 Yanvar,Bakı
5704624,550000,AZN,3,140.0,9,16,True,False,False,Nəriman Nərimanov,Bakı
5537455,560000,AZN,3,137.0,12,17,True,False,False,Gənclik,Bakı
6406622,219000,AZN,3,97.0,10,17,True,False,False,Həzi Aslanov,Bakı
5976420,253000,AZN,2,70.0,8,18,True,False,False,8 Noyabr,Bakı
6411802,129900,AZN,3,78.0,10,11,True,False,False,,Xırdalan
6492019,425000,AZN,2,90.0,2,8,False,False,False,Ağ şəhər,Bakı
6492021,163000,AZN,2,70.0,1,5,True,False,False,Elmlər Akademiyası,Bakı
6476717,570000,AZN,3,140.0,10,17,True,False,False,28 May,Bakı
5474820,395000,AZN,3,100.0,3,7,True,False,False,Sea Breeze,Bakı
6492017,179000,AZN,2,65.0,3,9,True,False,False,Xalqlar Dostluğu,Bakı
6313226,495000,AZN,3,175.0,9,10,True,False,False,Nizami,Bakı
6485342,70000,AZN,1,45.0,5,5,True,False,False,,Xırdalan
6323797,480000,AZN,3,150.0,11,18,True,False,False,8-ci mikrorayon,Bakı
6492013,185000,AZN,2,35.0,2,5,True,False,False,28 May,Bakı
6492012,304000,AZN,3,113.0,1,9,False,False,False,Sea Breeze,Bakı
6318337,215000,AZN,2,64.0,5,15,True,False,False,Qara Qarayev,Bakı
6492008,289000,AZN,3,90.0,11,15,True,False,False,Həzi Aslanov,Bakı
6492004,326000,AZN,2,73.7,1,6,True,False,False,Sea Breeze,Bakı
6239724,212000,AZN,3,95.0,8,18,True,False,False,Əhmədli,Bakı
6467102,165000,AZN,2,66.0,4,9,True,False,False,Əhmədli,Bakı
6492003,270000,AZN,2,82.0,9,20,True,False,False,Nəriman Nərimanov,Bakı
6411261,160000,AZN,2,50.0,14,15,False,False,False,Qara Qarayev,Bakı
6478289,165000,AZN,2,65.0,8,14,True,False,False,Neftçilər,Bakı
6492001,282000,AZN,2,102.0,8,14,False,False,False,Şah İsmayıl Xətai,Bakı
6324977,510000,AZN,3,100.0,12,14,True,False,False,Elmlər Akademiyası,Bakı
6491999,126000,AZN,2,55.0,2,16,True,False,False,,Xırdalan
6035105,151000,AZN,1,46.0,5,16,True,False,False,Qara Qarayev,Bakı
6491998,175000,AZN,2,55.0,4,4,True,False,False,Gənclik,Bakı
6491460,121500,AZN,2,45.0,3,5,True,False,False,Memar Əcəmi,Bakı
6443985,265000,AZN,3,108.0,10,15,False,False,False,Qara Qarayev,Bakı
6368055,178000,AZN,2,68.0,7,16,True,False,False,Həzi Aslanov,Bakı
6440952,237000,AZN,2,63.0,5,17,True,False,False,Koroğlu,Bakı
6443472,249000,AZN,3,115.0,8,16,True,False,False,Xalqlar Dostluğu,Bakı
6449629,189000,AZN,3,86.0,6,9,True,False,False,Əhmədli,Bakı
6471828,215000,AZN,3,87.0,8,9,True,False,False,Bakıxanov,Bakı
6460430,165000,AZN,2,54.0,3,20,True,False,False,Həzi Aslanov,Bakı
6406897,215000,AZN,3,95.0,5,17,True,False,False,Həzi Aslanov,Bakı
6407201,264500,AZN,3,125.0,12,13,True,False,False,Yeni Yasamal,Bakı
6491986,240000,AZN,2,80.0,5,17,True,False,False,Xalqlar Dostluğu,Bakı
6404014,158000,AZN,2,65.0,5,9,True,False,False,Yeni Yasamal,Bakı
6491984,165000,AZN,2,48.0,4,5,True,False,False,Nizami,Bakı
6491983,235000,AZN,3,65.6,6,17,True,False,False,Koroğlu,Bakı
6491982,239000,AZN,2,94.0,10,16,True,False,False,20 Yanvar,Bakı
6491980,650000,AZN,4,221.0,4,20,True,False,False,Nizami,Bakı
6355661,253000,AZN,2,70.0,9,18,True,False,False,Nəsimi,Bakı
6491976,145500,AZN,2,62.0,5,9,True,False,False,Həzi Aslanov,Bakı
6491969,157000,AZN,2,55.0,4,5,True,False,False,20 Yanvar,Bakı
6278610,117000,AZN,2,51.0,2,10,True,False,False,,Xırdalan
6491975,267000,AZN,3,95.0,7,16,True,False,False,Neftçilər,Bakı
6334570,186000,AZN,2,80.0,3,17,True,False,False,Əhmədli,Bakı
6491972,335000,AZN,2,70.0,14,20,True,False,False,Şah İsmayıl Xətai,Bakı
6179322,180000,AZN,2,58.0,15,17,True,False,False,Qara Qarayev,Bakı
6338530,165000,AZN,2,59.0,2,16,True,False,False,Qara Qarayev,Bakı
6491966,285000,AZN,3,136.0,16,18,True,False,False,Yeni Yasamal,Bakı
6318903,372000,AZN,3,140.0,13,15,True,False,False,Əhmədli,Bakı
6403063,215000,AZN,3,100.0,7,17,True,False,False,İnşaatçılar,Bakı
6385730,145500,AZN,2,60.0,5,9,True,False,False,Həzi Aslanov,Bakı
6491948,255000,AZN,3,94.5,9,14,False,False,False,20 Yanvar,Bakı
6491965,195000,AZN,2,65.0,13,16,True,False,False,Neftçilər,Bakı
6405745,334000,AZN,4,160.0,4,16,False,False,False,Yasamal,Bakı
6491961,250000,AZN,3,77.0,6,20,True,False,False,20 Yanvar,Bakı
6243919,169000,AZN,2,55.0,7,9,True,False,False,Xalqlar Dostluğu,Bakı
6061042,219000,AZN,2,70.0,15,18,True,False,False,Azadlıq Prospekti,Bakı
6491956,135000,AZN,3,54.0,10,12,True,False,False,Suraxanı,Bakı
6491954,220000,AZN,3,90.0,10,16,True,False,False,Həzi Aslanov,Bakı
6405654,420000,AZN,4,170.7,11,16,True,False,False,20 Yanvar,Bakı
6491953,285000,AZN,2,65.0,19,27,True,False,False,8 Noyabr,Bakı
6204448,235000,AZN,3,75.0,4,5,True,False,False,Elmlər Akademiyası,Bakı
6491949,205000,AZN,2,65.0,5,6,True,False,False,9-cu mikrorayon,Bakı
6491943,270000,AZN,2,68.0,9,13,True,False,False,28 May,Bakı
6359774,194000,AZN,2,90.0,10,17,False,False,False,Binəqədi,Bakı
6491944,148000,AZN,3,48.0,3,5,True,False,False,Həzi Aslanov,Bakı
6491947,299500,AZN,2,100.0,16,17,True,False,False,Badamdar,Bakı
6398314,516000,AZN,3,129.0,8,9,False,False,False,Nizami,Bakı
6491945,395000,AZN,3,90.0,7,16,True,False,False,Gənclik,Bakı
6408289,825000,AZN,4,195.0,8,17,True,False,False,28 May,Bakı
6291829,241000,AZN,2,75.0,11,12,False,False,False,Nizami,Bakı
6491940,340000,AZN,2,97.0,4,6,True,False,False,Sea Breeze,Bakı
6491939,335000,AZN,3,145.0,9,17,True,False,False,Əhmədli,Bakı
6403182,180000,AZN,2,44.0,5,6,True,False,False,Nizami,Bakı
6238288,319000,AZN,3,140.0,12,17,True,False,False,Memar Əcəmi,Bakı
6491935,355000,AZN,3,114.0,2,20,True,False,False,Bakmil,Bakı
6481439,320000,AZN,3,107.0,10,11,True,False,False,Qara Qarayev,Bakı
6491936,130000,AZN,2,40.0,4,5,True,False,False,Bakıxanov,Bakı
6491322,190000,AZN,3,60.2,2,5,True,False,False,Elmlər Akademiyası,Bakı
6404547,265000,AZN,3,100.0,9,14,False,False,False,20 Yanvar,Bakı
6115843,219000,AZN,2,82.2,2,16,True,False,False,Qara Qarayev,Bakı
6491930,318200,AZN,2,86.0,5,15,False,False,False,Nəriman Nərimanov,Bakı
6083417,242000,AZN,3,85.0,11,15,True,False,False,Həzi Aslanov,Bakı
6491926,142000,AZN,2,56.0,2,4,True,False,False,Həzi Aslanov,Bakı
6491929,400000,AZN,3,135.0,11,16,False,False,False,Şah İsmayıl Xətai,Bakı
6487942,244000,AZN,3,116.0,5,14,False,False,False,Bakıxanov,Bakı
5485117,83000,AZN,3,82.0,13,13,False,False,False,Xətai,Bakı
6491927,450000,AZN,3,166.0,14,16,False,False,False,Nərimanov,Bakı
6491924,330000,AZN,3,117.0,2,14,True,False,False,Qara Qarayev,Bakı
6491922,234000,AZN,1,55.0,4,16,False,False,False,Nizami,Bakı
6396726,405000,AZN,4,186.0,15,16,True,False,False,8 Noyabr,Bakı
6395301,221000,AZN,3,62.0,5,5,True,False,False,Elmlər Akademiyası,Bakı
6398422,108000,AZN,2,52.0,8,12,True,False,False,Abşeron,Xırdalan
6385750,320000,AZN,2,83.0,8,15,True,False,False,28 May,Bakı
6161592,238000,AZN,3,105.0,15,17,True,False,False,Neftçilər,Bakı
6475664,89000,AZN,2,50.5,2,4,True,False,False,,Xırdalan
6491912,355000,AZN,3,101.0,12,14,True,False,False,İnşaatçılar,Bakı
6491908,205000,AZN,2,64.0,8,19,True,False,False,Əhmədli,Bakı
6405164,268000,AZN,3,112.0,15,17,True,False,False,Neftçilər,Bakı
6241537,259000,AZN,2,106.0,7,18,True,False,False,8 Noyabr,Bakı
6491904,285000,AZN,3,110.0,7,17,True,False,False,Həzi Aslanov,Bakı
6462673,578000,AZN,3,130.0,6,6,True,False,False,Şah İsmayıl Xətai,Bakı
6460116,420000,AZN,3,100.0,4,5,True,False,False,Sahil,Bakı
6491898,280000,AZN,2,70.0,10,16,True,False,False,Nərimanov,Bakı
6368101,385000,AZN,3,130.0,2,17,True,False,False,Nizami,Bakı
6491900,362738,AZN,4,109.0,2,16,True,False,False,Yasamal,Bakı
6252715,650000,AZN,3,134.0,14,16,True,False,False,Sahil,Bakı
6424789,553000,AZN,4,162.5,14,16,False,False,False,Nizami,Bakı
6491899,290000,AZN,3,98.0,6,16,True,False,False,Həzi Aslanov,Bakı
6484141,490000,AZN,4,207.0,10,16,False,False,False,Nərimanov,Bakı
6491894,95000,AZN,2,54.0,12,16,False,False,False,M.Ə.Rəsulzadə,Bakı
6218702,220000,AZN,1,48.8,1,7,True,False,False,Sea Breeze,Bakı
6472454,385000,AZN,4,120.0,10,17,True,False,False,Nəriman Nərimanov,Bakı
6491896,220000,AZN,3,75.0,2,3,True,False,False,Azadlıq Prospekti,Bakı
6491890,251500,AZN,2,79.0,3,16,True,False,False,Elmlər Akademiyası,Bakı
6349711,900000,AZN,4,256.0,7,18,False,False,False,Elmlər Akademiyası,Bakı
6464639,158000,AZN,2,62.0,5,9,True,False,False,İnşaatçılar,Bakı
6491891,205000,AZN,2,55.0,14,20,True,False,False,20 Yanvar,Bakı
6484259,338000,AZN,3,145.0,7,12,False,False,False,İnşaatçılar,Bakı
6491889,299000,AZN,3,96.0,15,17,False,False,False,20 Yanvar,Bakı
6491886,145000,AZN,2,60.0,5,5,True,False,False,20 Yanvar,Bakı
6491882,148000,AZN,3,50.0,3,5,True,False,False,Xətai,Bakı
6281163,700000,AZN,3,157.0,4,8,True,False,False,Ağ şəhər,Bakı
6259082,550000,AZN,5,285.0,12,21,True,False,False,8 Noyabr,Bakı
6472452,285000,AZN,3,105.0,16,18,True,False,False,Nəriman Nərimanov,Bakı
6491876,399000,AZN,3,158.0,14,16,True,False,False,İnşaatçılar,Bakı
6491872,226000,AZN,3,80.0,3,9,True,False,False,Həzi Aslanov,Bakı
6491868,162000,AZN,2,82.0,15,16,True,False,False,,Xırdalan
5898903,554700,AZN,3,130.0,2,7,True,False,False,Ağ şəhər,Bakı
6102368,240000,AZN,3,82.0,11,16,True,False,False,Həzi Aslanov,Bakı
6130029,315000,AZN,1,75.0,4,6,True,False,False,Sea Breeze,Bakı
6455774,335000,AZN,1,59.0,1,6,False,False,False,Ağ şəhər,Bakı
6199882,880000,AZN,4,190.0,6,7,True,False,False,Ağ şəhər,Bakı
6202309,270000,AZN,2,105.0,7,18,True,False,False,Azadlıq Prospekti,Bakı
6491865,160000,AZN,2,55.0,8,9,True,False,False,Həzi Aslanov,Bakı
6491858,220000,AZN,3,90.0,10,16,True,False,False,Həzi Aslanov,Bakı
5395944,450000,AZN,3,150.0,10,18,True,False,False,Nəsimi,Bakı
6491862,590000,AZN,4,210.0,3,4,True,False,False,Bayıl,Bakı
6491861,400000,AZN,3,156.0,3,16,True,False,False,8 Noyabr,Bakı
6491590,239000,AZN,2,74.0,8,22,True,False,False,Yasamal,Bakı
6459957,870000,AZN,4,213.0,6,7,False,False,False,Ağ şəhər,Bakı
6078988,615000,AZN,5,211.0,5,19,True,False,False,Şah İsmayıl Xətai,Bakı
5190096,345000,AZN,4,156.0,3,20,True,False,False,Həzi Aslanov,Bakı
6424853,979900,AZN,4,260.0,17,19,True,False,False,28 May,Bakı
6453052,260000,AZN,2,95.0,13,16,True,False,False,Qara Qarayev,Bakı
6465054,294999,AZN,3,115.0,12,19,True,False,False,Yeni Yasamal,Bakı
6325209,259800,AZN,3,115.0,18,21,True,False,False,İnşaatçılar,Bakı
6418093,205000,AZN,3,90.0,10,19,True,False,False,İnşaatçılar,Bakı
6491854,188000,AZN,2,68.0,3,7,True,False,False,Həzi Aslanov,Bakı
6491851,460000,AZN,3,139.0,15,17,True,False,False,Gənclik,Bakı
6437621,154000,AZN,2,55.0,3,5,True,False,False,Memar Əcəmi,Bakı
6408743,315000,AZN,3,100.0,8,9,True,False,False,İçəri Şəhər,Bakı
6491845,232000,AZN,2,74.0,12,18,True,False,False,20 Yanvar,Bakı
6443453,156000,AZN,2,62.0,5,5,True,False,False,İnşaatçılar,Bakı
6491846,395000,AZN,3,105.0,18,19,True,False,False,Nəriman Nərimanov,Bakı
6460005,410000,AZN,3,158.0,16,21,False,False,False,Nəsimi,Bakı
6405942,493000,AZN,3,145.0,16,18,False,False,False,28 May,Bakı
6164366,330000,AZN,2,65.0,8,17,True,False,False,Nəsimi,Bakı
6413379,369000,AZN,4,155.0,8,16,True,False,False,Nəriman Nərimanov,Bakı
6491841,165000,AZN,2,56.0,3,14,True,False,False,Memar Əcəmi,Bakı
6190759,170000,AZN,2,60.0,3,3,True,False,False,28 May,Bakı
6491834,89000,AZN,2,38.0,3,5,True,False,False,Əhmədli,Bakı
6455907,320000,AZN,3,148.0,3,17,False,False,False,Azadlıq Prospekti,Bakı
6491833,490000,AZN,6,300.0,20,21,True,False,False,8 Noyabr,Bakı
6088586,270000,AZN,3,68.0,9,13,True,False,False,28 May,Bakı
6484536,316000,AZN,2,77.0,6,16,True,False,False,28 May,Bakı
6491824,227500,AZN,3,130.0,10,11,False,False,False,Sabunçu,Bakı
6491826,400000,AZN,3,162.0,9,16,True,False,False,Əhmədli,Bakı
6429453,138000,AZN,3,57.0,9,18,True,False,False,Memar Əcəmi,Bakı
6464607,250000,AZN,3,105.0,12,14,True,False,False,Xalqlar Dostluğu,Bakı
6410143,538000,AZN,4,180.0,4,17,False,False,False,Nəriman Nərimanov,Bakı
6312693,127500,AZN,3,70.0,1,7,True,False,False,Hövsan,Bakı
6352714,158000,AZN,4,100.0,2,9,True,False,False,Hövsan,Bakı
6449302,850000,AZN,7,260.0,10,11,True,False,False,Gənclik,Bakı
6491819,164000,AZN,2,67.0,14,16,True,False,False,Xətai,Bakı
6491822,145000,AZN,3,73.0,7,9,False,False,False,Binəqədi,Bakı
6465980,245000,AZN,3,85.0,3,9,True,False,False,Qara Qarayev,Bakı
6429936,189000,AZN,3,75.0,4,17,True,False,False,Nəsimi,Bakı
6491816,168000,AZN,1,40.0,4,9,False,False,False,Sabunçu,Bakı
6491814,172000,AZN,2,60.0,1,9,True,False,False,Həzi Aslanov,Bakı
6491815,189000,AZN,3,72.0,5,18,True,False,False,Nəsimi,Bakı
6491807,124000,AZN,2,35.0,9,9,True,False,False,Yasamal,Bakı
6491809,158000,AZN,2,50.0,1,5,True,False,False,Neftçilər,Bakı
6468488,300000,AZN,3,134.0,4,20,True,False,False,Yasamal,Bakı
6355917,130000,AZN,3,95.0,6,6,True,False,False,İnşaatçılar,Bakı
6381061,390000,AZN,3,153.0,5,21,False,False,False,Nərimanov,Bakı
6491805,454000,AZN,3,65.0,4,6,True,False,False,Ağ şəhər,Bakı
6421001,449000,AZN,4,170.0,3,17,True,False,False,8 Noyabr,Bakı
6491800,391000,AZN,2,98.0,4,7,True,False,False,Sabunçu,Bakı
6479877,268000,AZN,3,111.0,16,17,True,False,False,İnşaatçılar,Bakı
6491802,390000,AZN,3,120.0,4,4,True,False,False,Sahil,Bakı
6491782,399000,AZN,2,100.0,13,17,True,False,False,28 May,Bakı
6491797,115000,AZN,2,55.0,1,4,True,False,False,Əhmədli,Bakı
6491795,105000,AZN,3,70.0,7,11,True,False,False,,Xırdalan
6479659,157000,AZN,2,55.0,4,14,True,False,False,Xətai,Bakı
6401780,227000,AZN,3,99.0,5,14,False,False,False,Bakıxanov,Bakı
6408273,178000,AZN,3,75.0,6,16,True,False,False,Yeni Günəşli,Bakı
6491787,338000,AZN,3,110.0,9,17,True,False,False,Koroğlu,Bakı
6318309,255000,AZN,3,65.0,3,5,True,False,False,Nəriman Nərimanov,Bakı
6491784,275000,AZN,2,70.0,13,17,True,False,False,Nəsimi,Bakı
6491780,345000,AZN,2,68.0,9,17,True,False,False,Elmlər Akademiyası,Bakı
6366089,191000,AZN,3,80.0,2,5,True,False,False,Elmlər Akademiyası,Bakı
6491781,121000,AZN,2,44.0,6,7,True,False,False,Yeni Günəşli,Bakı
6491778,270000,AZN,2,68.0,9,13,True,False,False,28 May,Bakı
6491779,570000,AZN,3,137.0,10,17,True,False,False,28 May,Bakı
6379874,145500,AZN,2,62.0,5,9,True,False,False,Həzi Aslanov,Bakı
6461040,167000,AZN,3,60.0,4,4,True,False,False,Gənclik,Bakı
6491777,230000,AZN,3,105.0,15,17,True,False,False,Nizami,Bakı
6491770,203000,AZN,2,52.0,3,5,True,False,False,Memar Əcəmi,Bakı
6458070,330000,AZN,4,128.0,11,17,True,False,False,20 Yanvar,Bakı
6479393,147000,AZN,2,65.0,5,10,True,False,False,Xətai,Bakı
6491771,130000,AZN,1,30.0,4,5,True,False,False,Nərimanov,Bakı
6491763,230000,AZN,3,100.0,11,21,True,False,False,Yasamal,Bakı
6491762,226000,AZN,3,80.0,3,9,True,False,False,Həzi Aslanov,Bakı
6491759,187000,AZN,3,80.0,6,9,True,False,False,Əhmədli,Bakı
6491760,142500,AZN,2,65.0,5,16,True,False,False,Xətai,Bakı
6428996,164500,AZN,2,60.0,2,9,True,False,False,Əhmədli,Bakı
6491754,387000,AZN,2,85.0,9,16,True,False,False,Şah İsmayıl Xətai,Bakı
6396855,456000,AZN,5,210.0,14,16,True,False,False,8 Noyabr,Bakı
6445845,370000,AZN,3,110.0,10,14,True,False,False,Nizami,Bakı
6464063,138000,AZN,2,47.0,2,5,True,False,False,Nəriman Nərimanov,Bakı
6470196,148000,AZN,1,55.0,7,16,False,False,False,Həzi Aslanov,Bakı
6429120,165000,AZN,2,58.0,8,9,True,False,False,Əhmədli,Bakı
6441598,359000,AZN,3,130.0,19,21,True,False,False,Nizami,Bakı
6491753,120000,AZN,2,40.0,1,9,True,False,False,Həzi Aslanov,Bakı
6462107,400000,AZN,3,101.0,10,16,True,False,False,Nəriman Nərimanov,Bakı
6491752,142000,AZN,2,60.0,2,5,True,False,False,Memar Əcəmi,Bakı
6468287,165000,AZN,2,40.0,1,3,True,False,False,Nizami,Bakı
6468726,245000,AZN,2,65.0,12,17,True,False,False,Nizami,Bakı
6491748,96000,AZN,1,38.0,9,9,False,False,False,Sea Breeze,Bakı
6442947,138000,AZN,2,40.0,2,5,True,False,False,8 Noyabr,Bakı
6305772,290000,AZN,3,110.0,10,12,True,False,False,Əhmədli,Bakı
6472962,386000,AZN,3,88.0,2,14,True,False,False,Nəriman Nərimanov,Bakı
6491745,555000,AZN,4,127.0,10,14,True,False,False,Nəriman Nərimanov,Bakı
6468916,325000,AZN,3,125.0,14,17,True,False,False,Həzi Aslanov,Bakı
6434253,140000,AZN,2,60.0,7,9,True,False,False,Yeni Günəşli,Bakı
6406184,250000,AZN,3,90.0,7,9,True,False,False,Badamdar,Bakı
6491743,258000,AZN,3,106.0,14,17,True,False,False,Həzi Aslanov,Bakı
6491738,110000,AZN,1,35.0,2,5,True,False,False,Qara Qarayev,Bakı
6115932,576000,AZN,3,121.0,7,21,False,False,False,Ağ şəhər,Bakı
6478828,179000,AZN,4,92.0,1,5,True,False,False,Nizami,Bakı
6491740,197000,AZN,4,90.0,2,9,True,False,False,Neftçilər,Bakı
6460510,138000,AZN,2,40.0,1,2,True,False,False,Nizami,Bakı
6464803,65000,AZN,1,35.0,4,4,True,False,False,,Xırdalan
6491739,169000,AZN,2,70.0,17,20,True,False,False,Xətai,Bakı
6436982,590000,AZN,2,83.0,2,33,True,False,False,Səbail,Bakı
6422748,259000,AZN,3,75.0,3,6,True,False,False,Nizami,Bakı
6385387,478000,AZN,4,170.0,11,16,True,False,False,Elmlər Akademiyası,Bakı
6491734,912000,AZN,4,152.0,4,8,False,False,False,Ağ şəhər,Bakı
6476731,117000,AZN,2,30.0,5,5,True,False,False,Memar Əcəmi,Bakı
6479641,98000,AZN,1,35.0,1,5,True,False,False,Həzi Aslanov,Bakı
6490773,159000,AZN,3,85.0,5,5,True,False,False,Bakıxanov,Bakı
6491733,359999,AZN,3,120.0,13,18,True,False,False,20 Yanvar,Bakı
6407895,298000,AZN,3,110.0,3,17,True,False,False,Elmlər Akademiyası,Bakı
6446878,288000,AZN,3,106.0,2,14,True,False,False,Qara Qarayev,Bakı
6408338,520000,AZN,3,158.0,14,18,True,False,False,Elmlər Akademiyası,Bakı
6368393,215000,AZN,2,70.0,18,20,True,False,False,Nəriman Nərimanov,Bakı
6312888,104000,AZN,2,40.0,5,5,True,False,False,Neftçilər,Bakı
6421056,277000,AZN,3,103.0,6,14,False,False,False,Nərimanov,Bakı
6433833,242000,AZN,3,80.0,11,15,True,False,False,Həzi Aslanov,Bakı
6421330,234000,AZN,3,82.0,12,14,False,False,False,Nərimanov,Bakı
6491723,170000,AZN,2,55.0,3,5,True,False,False,Elmlər Akademiyası,Bakı
6442713,420000,AZN,3,148.0,15,27,True,False,False,8 Noyabr,Bakı
6491721,550000,AZN,3,136.0,15,16,True,False,False,28 May,Bakı
6491722,175000,AZN,2,55.4,5,17,True,False,False,Badamdar,Bakı
6465782,210000,AZN,2,54.0,6,16,True,False,False,Nərimanov,Bakı
6396102,226000,AZN,2,92.0,12,14,True,False,False,Neftçilər,Bakı
6224645,519000,AZN,4,195.0,7,18,True,False,False,Nərimanov,Bakı
6046128,268000,AZN,3,124.0,4,13,True,False,False,Əhmədli,Bakı
6491717,250000,AZN,4,95.0,8,9,True,False,False,20 Yanvar,Bakı
6491716,317000,AZN,3,96.0,10,14,True,False,False,Yasamal,Bakı
6310625,330000,AZN,3,125.0,14,17,True,False,False,Qara Qarayev,Bakı
6479790,297000,AZN,3,100.0,7,17,True,False,False,7-ci mikrorayon,Bakı
6491715,114000,AZN,1,40.0,4,9,True,False,False,Xətai,Bakı
6405839,186000,AZN,2,65.0,3,13,True,False,False,Əhmədli,Bakı
6445681,355000,AZN,4,155.0,5,21,True,False,False,Həzi Aslanov,Bakı
6491709,220000,AZN,2,48.0,3,9,True,False,False,Nərimanov,Bakı
6473836,165000,AZN,2,60.0,5,5,True,False,False,Gənclik,Bakı
6491693,580000,AZN,4,168.0,9,18,True,False,False,Nəsimi,Bakı
6491700,580000,AZN,2,84.0,3,28,True,False,False,28 May,Bakı
6481082,129000,AZN,3,60.0,7,16,True,False,False,,Xırdalan
6466910,395000,AZN,3,108.0,18,19,True,False,False,Nəriman Nərimanov,Bakı
5867738,200000,AZN,2,60.0,9,15,True,False,False,Qara Qarayev,Bakı
6487840,289000,AZN,2,68.0,12,18,True,False,False,Nəriman Nərimanov,Bakı
6491699,335000,AZN,2,85.0,6,17,True,False,False,Gənclik,Bakı
6276977,174000,AZN,2,60.0,3,5,True,False,False,Nəriman Nərimanov,Bakı
6491694,110000,AZN,2,59.0,2,4,True,False,False,Masazır,Bakı
6408561,280000,AZN,2,65.0,3,15,True,False,False,Şah İsmayıl Xətai,Bakı
6344109,179000,AZN,3,80.0,6,9,True,False,False,Həzi Aslanov,Bakı
6491692,450000,AZN,3,147.0,14,17,True,False,False,Nəriman Nərimanov,Bakı
6491691,155000,AZN,2,45.0,3,5,True,False,False,İnşaatçılar,Bakı
6377669,320000,AZN,3,110.0,13,17,True,False,False,Qara Qarayev,Bakı
6491690,129000,AZN,2,67.0,1,16,True,False,False,Abşeron,Xırdalan
6190390,231000,AZN,3,60.0,3,16,True,False,False,Nəsimi,Bakı
6491685,1500000,AZN,10,1000.0,15,16,True,False,False,28 May,Bakı
6434701,345000,AZN,3,130.0,4,18,True,False,False,Nizami,Bakı
6491680,348000,AZN,4,146.0,8,19,True,False,False,Həzi Aslanov,Bakı
6487603,136000,AZN,2,50.0,5,5,True,False,False,Xalqlar Dostluğu,Bakı
6378063,350000,AZN,3,115.0,4,16,True,False,False,Qara Qarayev,Bakı
6491669,220000,AZN,2,77.0,12,18,True,False,False,Elmlər Akademiyası,Bakı
6491646,72000,AZN,2,44.0,2,6,True,False,False,Masazır,Bakı
6491668,335000,AZN,4,112.0,5,9,True,False,False,Elmlər Akademiyası,Bakı
6491667,285000,AZN,3,113.0,12,16,True,False,False,Biləcəri,Bakı
6491665,172000,AZN,2,50.0,2,5,True,False,False,Elmlər Akademiyası,Bakı
6491666,355000,AZN,3,113.0,4,14,True,False,False,Azadlıq Prospekti,Bakı
6491662,305000,AZN,4,87.3,2,9,True,False,False,8-ci kilometr,Bakı
6408315,230000,AZN,3,85.0,5,5,True,False,False,28 May,Bakı
6491658,225000,AZN,4,100.0,1,9,True,False,False,Həzi Aslanov,Bakı
6491656,124000,AZN,2,65.0,16,17,True,False,False,Binəqədi,Bakı
6391371,430000,AZN,4,205.0,17,17,True,False,False,Gənclik,Bakı
6491651,179500,AZN,3,80.0,2,5,False,False,False,İnşaatçılar,Bakı
6491648,240010,AZN,3,89.0,4,18,True,False,False,Həzi Aslanov,Bakı
5932064,560000,AZN,3,120.0,7,20,False,False,False,Ağ şəhər,Bakı
6491647,460000,AZN,3,92.0,15,20,True,False,False,Şah İsmayıl Xətai,Bakı
6457365,159000,AZN,3,79.0,3,5,True,False,False,7-ci mikrorayon,Bakı
5997651,628000,AZN,3,146.0,6,7,False,False,False,Ağ şəhər,Bakı
6491091,195000,AZN,2,69.0,12,14,True,False,False,Badamdar,Bakı
6324603,227000,AZN,3,80.0,4,5,True,False,False,Elmlər Akademiyası,Bakı
6216526,435000,AZN,3,115.0,10,16,True,False,False,Nərimanov,Bakı
6439103,215000,AZN,4,100.0,4,5,True,False,False,Azadlıq Prospekti,Bakı
6491638,218000,AZN,3,70.0,13,16,True,False,False,Memar Əcəmi,Bakı
6491639,138000,AZN,3,70.0,1,9,True,False,False,Yeni Günəşli,Bakı
6491636,460000,AZN,3,92.0,15,20,True,False,False,Şah İsmayıl Xətai,Bakı
6491630,122000,AZN,2,40.0,1,5,True,False,False,Memar Əcəmi,Bakı
6491635,429000,AZN,3,150.0,17,19,True,False,False,Səbail,Bakı
6491634,210000,AZN,3,55.0,2,5,True,False,False,Elmlər Akademiyası,Bakı
6491632,235000,AZN,2,75.0,18,19,True,False,False,Nəriman Nərimanov,Bakı
6491633,400000,AZN,4,162.0,11,16,True,False,False,Əhmədli,Bakı
6484316,290000,AZN,3,122.0,4,7,False,False,False,Elmlər Akademiyası,Bakı
6453324,165000,AZN,2,70.0,7,16,False,False,False,Elmlər Akademiyası,Bakı
6491631,79500,AZN,2,44.0,2,6,True,False,False,Masazır,Bakı
6451871,255000,AZN,3,127.0,6,16,True,False,False,İnşaatçılar,Bakı
6491605,187000,AZN,2,50.0,3,5,True,False,False,İnşaatçılar,Bakı
6481363,280000,AZN,3,123.0,3,15,False,False,False,İnşaatçılar,Bakı
6465007,272000,AZN,3,100.0,8,17,True,False,False,İnşaatçılar,Bakı
6421049,235000,AZN,4,105.0,6,9,True,False,False,Elmlər Akademiyası,Bakı
6427294,107000,AZN,1,30.0,4,6,True,False,False,İnşaatçılar,Bakı
6491628,410000,AZN,3,143.0,5,16,True,False,False,Nizami,Bakı
6491629,430000,AZN,3,135.0,15,17,False,False,False,Gənclik,Bakı
6402837,168000,AZN,2,50.0,3,5,True,False,False,Elmlər Akademiyası,Bakı
6425927,187000,AZN,2,65.0,5,9,True,False,False,Yasamal,Bakı
6468644,685000,AZN,4,210.0,4,17,True,False,False,Şah İsmayıl Xətai,Bakı
6491624,148000,AZN,2,107.0,3,14,True,False,False,,Sumqayıt
6491621,218500,AZN,3,72.0,13,16,True,False,False,Memar Əcəmi,Bakı
6316955,130000,AZN,3,80.0,3,6,True,False,False,Abşeron,Xırdalan
6479529,150000,AZN,3,70.0,1,12,True,False,False,Həzi Aslanov,Bakı
6491619,155000,AZN,2,60.0,2,5,True,False,False,Memar Əcəmi,Bakı
6227014,295000,AZN,3,105.0,13,16,True,False,False,Qara Qarayev,Bakı
6315563,295000,AZN,3,135.0,17,17,True,False,False,Neftçilər,Bakı
6411389,168000,AZN,2,65.0,7,9,True,False,False,Həzi Aslanov,Bakı
6269599,357000,AZN,2,67.0,3,7,True,False,False,Ağ şəhər,Bakı
6491615,185000,AZN,2,43.0,5,5,True,False,False,İçəri Şəhər,Bakı
6491616,235000,AZN,3,85.0,7,10,True,False,False,Yasamal,Bakı
6444805,430000,AZN,3,110.0,16,18,True,False,False,Bakmil,Bakı
6407748,410000,AZN,3,140.0,5,19,True,False,False,Nizami,Bakı
6463397,143000,AZN,2,65.0,9,9,True,False,False,Xətai,Bakı
6491609,187000,AZN,3,70.0,2,5,True,False,False,İnşaatçılar,Bakı
6479584,165000,AZN,3,70.0,7,16,False,False,False,Elmlər Akademiyası,Bakı
6491611,330000,AZN,3,93.0,14,19,True,False,False,İnşaatçılar,Bakı
6367548,690000,AZN,5,210.0,3,4,True,False,False,28 May,Bakı
6484252,237000,AZN,3,75.0,4,5,True,False,False,Elmlər Akademiyası,Bakı
6159767,260000,AZN,3,80.0,4,16,True,False,False,Elmlər Akademiyası,Bakı
6408395,1040000,AZN,6,340.0,12,17,True,False,False,Nəriman Nərimanov,Bakı
6461607,145000,AZN,2,48.0,5,9,True,False,False,Xətai,Bakı
6279684,173000,AZN,3,80.0,5,9,True,False,False,Xətai,Bakı
5613541,550000,AZN,4,181.0,9,18,True,False,False,Şah İsmayıl Xətai,Bakı
6405091,555000,AZN,4,128.6,10,17,True,False,False,Nəriman Nərimanov,Bakı
6389565,230000,AZN,3,100.0,3,19,True,False,False,Həzi Aslanov,Bakı
6491607,150000,AZN,2,60.0,3,6,True,False,False,Əhmədli,Bakı
6359589,279500,AZN,3,101.0,7,20,True,False,False,20 Yanvar,Bakı
6491606,98000,AZN,2,45.0,2,16,True,False,False,,Xırdalan
6478274,160000,AZN,1,42.0,6,12,True,False,False,Həzi Aslanov,Bakı
6406221,220000,AZN,3,85.0,4,5,True,False,False,Elmlər Akademiyası,Bakı
6011257,175000,AZN,3,65.0,11,18,True,False,False,Həzi Aslanov,Bakı
6491600,249000,AZN,2,53.0,9,17,True,False,False,Nəriman Nərimanov,Bakı
6491598,500000,AZN,4,158.0,5,16,True,False,False,Elmlər Akademiyası,Bakı
6218996,345000,AZN,3,113.0,5,16,False,False,False,Nəriman Nərimanov,Bakı
6488258,209500,AZN,2,58.0,3,11,True,False,False,İnşaatçılar,Bakı
6491586,118000,AZN,1,40.0,12,12,True,False,False,Yasamal,Bakı
6491595,265000,AZN,2,51.0,7,16,True,False,False,Nəsimi,Bakı
6491594,113000,AZN,2,52.0,2,5,True,False,False,Memar Əcəmi,Bakı
6491593,185000,AZN,2,65.0,7,9,True,False,False,9-cu mikrorayon,Bakı
6237069,745000,AZN,4,160.0,5,16,True,False,False,Nizami,Bakı
6442969,375000,AZN,2,100.0,8,17,True,False,False,28 May,Bakı
6491589,550000,AZN,4,115.0,3,4,True,False,False,İçəri Şəhər,Bakı
6408588,148000,AZN,3,55.0,1,9,True,False,False,Massiv D,Bakı
6491588,519000,AZN,4,173.0,5,19,False,False,False,28 May,Bakı
6367531,95000,AZN,3,74.0,1,2,True,False,False,Abşeron,Xırdalan
6479231,550000,AZN,4,170.0,14,18,True,False,False,Nəsimi,Bakı
6491584,274000,AZN,2,60.0,10,17,True,False,False,Nəriman Nərimanov,Bakı
6491582,169000,AZN,3,90.0,3,5,True,False,False,Memar Əcəmi,Bakı
6491580,222000,AZN,2,89.0,3,20,True,False,False,Həzi Aslanov,Bakı
6491577,185000,AZN,2,71.0,14,16,True,False,False,Yeni Yasamal,Bakı
6484634,107500,AZN,2,46.0,15,16,True,False,False,,Xırdalan
6491575,137000,AZN,2,62.0,5,16,True,False,False,,Xırdalan
6324280,285000,AZN,3,136.0,4,16,True,False,False,Nizami,Bakı
6379726,125000,AZN,2,42.0,5,5,True,False,False,Elmlər Akademiyası,Bakı
6443437,430000,AZN,3,135.0,15,17,False,False,False,Gənclik,Bakı
6466833,171000,AZN,2,50.0,2,5,True,False,False,Nəsimi,Bakı
6491563,470000,AZN,2,96.0,6,8,False,False,False,Ağ şəhər,Bakı
6491567,176000,AZN,2,55.0,9,19,True,False,False,Həzi Aslanov,Bakı
5391504,160000,AZN,2,92.5,15,15,False,False,False,Azadlıq Prospekti,Bakı
6491568,170000,AZN,2,50.0,3,5,True,False,False,Elmlər Akademiyası,Bakı
6491566,102500,AZN,2,52.0,14,17,True,False,False,,Xırdalan
6491561,118000,AZN,2,35.0,3,9,True,False,False,Qaraçuxur,Bakı
6404427,225000,AZN,5,130.0,6,9,True,False,False,Yeni Yasamal,Bakı
6425165,490000,AZN,4,220.0,10,18,True,False,False,Nizami,Bakı
6412230,230000,AZN,3,100.0,3,18,True,False,False,Həzi Aslanov,Bakı
6319048,139000,AZN,2,50.0,13,17,True,False,False,8-ci kilometr,Bakı
6491558,171000,AZN,3,70.0,5,5,True,False,False,Nəsimi,Bakı
6442649,210000,AZN,3,71.0,11,17,True,False,False,Əhmədli,Bakı
6138124,178000,AZN,3,83.0,1,6,True,False,False,Səbail,Bakı
5781429,560000,AZN,3,136.6,10,17,True,False,False,Nəriman Nərimanov,Bakı
5781558,570000,AZN,3,134.0,12,17,True,False,False,Nəriman Nərimanov,Bakı
6491551,300000,AZN,3,100.0,10,16,True,False,False,İnşaatçılar,Bakı
6491546,115000,AZN,2,44.0,5,5,True,False,False,Qara Qarayev,Bakı
6491541,285000,AZN,3,136.0,16,18,True,False,False,Yasamal,Bakı
5467158,385000,AZN,3,130.0,16,20,True,False,False,Şah İsmayıl Xətai,Bakı
6231534,500000,AZN,3,220.0,4,14,True,False,False,28 May,Bakı
6408497,103600,AZN,2,74.0,3,4,False,False,False,,Xırdalan
6491542,1200000,AZN,4,214.0,5,8,False,False,False,Ağ şəhər,Bakı
6491540,100000,AZN,2,55.0,5,5,True,False,False,Abşeron,Xırdalan
6230423,1320000,AZN,4,220.0,5,20,False,False,False,Ağ şəhər,Bakı
6491539,268000,AZN,4,180.0,2,16,True,False,False,İnşaatçılar,Bakı
6491529,270000,AZN,3,80.0,2,9,True,False,False,Qara Qarayev,Bakı
6336584,660000,AZN,4,175.0,5,16,True,False,False,Nəriman Nərimanov,Bakı
6491534,260000,AZN,3,75.0,3,6,True,False,False,Nizami,Bakı
6491532,143000,AZN,2,50.0,2,5,True,False,False,Memar Əcəmi,Bakı
6441675,287000,AZN,3,128.0,3,12,True,False,False,Xalqlar Dostluğu,Bakı
6066122,120000,AZN,1,53.0,9,16,False,False,False,Zığ,Bakı
6296274,129500,AZN,2,30.0,2,5,True,False,False,Memar Əcəmi,Bakı
6491531,106000,AZN,2,45.0,16,16,True,False,False,,Xırdalan
6405337,193800,AZN,2,65.0,6,9,True,False,False,Əhmədli,Bakı
6480334,699000,AZN,5,240.0,14,16,True,False,False,Nəsimi,Bakı
6396379,245000,AZN,3,138.0,8,16,False,False,False,Həzi Aslanov,Bakı
6141451,570000,AZN,4,202.0,15,18,False,False,False,28 May,Bakı
6479495,57500,AZN,1,29.0,11,17,True,False,False,,Xırdalan
6488364,310000,AZN,3,117.0,12,15,False,False,False,Nəriman Nərimanov,Bakı
6435388,310000,AZN,3,107.0,7,16,True,False,False,Neftçilər,Bakı
6035242,250000,AZN,3,90.0,18,18,True,False,False,Memar Əcəmi,Bakı
6399066,275000,AZN,3,82.0,5,16,True,False,False,İnşaatçılar,Bakı
6319920,470000,AZN,3,118.0,10,17,False,False,False,Nəsimi,Bakı
6079981,495000,AZN,4,195.0,17,24,True,False,False,Şah İsmayıl Xətai,Bakı
6491527,155000,AZN,2,46.0,16,16,True,False,False,Neftçilər,Bakı
6357062,270000,AZN,2,80.0,3,5,True,False,False,28 May,Bakı
6400890,299000,AZN,3,72.0,18,18,True,True,True,Bakmil,Bakı
6491525,140000,AZN,2,55.0,9,9,True,False,False,Həzi Aslanov,Bakı
6209357,280000,AZN,2,60.0,5,16,True,False,False,Şah İsmayıl Xətai,Bakı
6415292,185000,AZN,3,76.0,5,16,True,False,False,Həzi Aslanov,Bakı
6373107,330000,AZN,2,78.0,4,17,True,False,False,Nəriman Nərimanov,Bakı
6491523,540000,AZN,4,168.0,5,16,True,False,False,Nizami,Bakı
6491522,140000,AZN,1,60.0,17,17,True,False,False,Yeni Yasamal,Bakı
6099147,359000,AZN,3,129.0,2,13,True,False,False,Şah İsmayıl Xətai,Bakı
6491519,135000,AZN,2,44.0,1,6,True,False,False,İnşaatçılar,Bakı
6491521,174312,AZN,2,42.0,1,14,True,False,False,Yasamal,Bakı
6491520,132000,AZN,2,67.0,15,17,True,False,False,,Xırdalan
6430419,300000,AZN,4,140.0,6,12,True,False,False,Əhmədli,Bakı
6491517,138500,AZN,2,35.0,7,9,True,False,False,9-cu mikrorayon,Bakı
6491514,300000,AZN,2,99.0,26,27,False,False,False,8 Noyabr,Bakı
6491508,380000,AZN,3,110.0,5,14,True,False,False,Nizami,Bakı
6416361,218000,AZN,3,80.0,4,9,True,False,False,Əhmədli,Bakı
6491512,385900,AZN,3,100.0,15,20,True,False,False,Nəsimi,Bakı
6491511,440000,AZN,4,165.0,11,13,True,False,False,Nəsimi,Bakı
5715700,114500,AZN,2,101.0,7,16,False,False,False,Lökbatan,Bakı
6461648,284999,AZN,3,91.0,5,15,True,False,False,Həzi Aslanov,Bakı
6320225,289000,AZN,3,120.0,8,16,True,False,False,Bayıl,Bakı
6491509,179000,AZN,3,73.0,3,12,True,False,False,20 Yanvar,Bakı
6320519,145000,AZN,2,60.0,5,5,True,False,False,20 Yanvar,Bakı
6459279,250000,AZN,2,110.0,2,4,True,False,False,Sahil,Bakı
6293740,173000,AZN,2,71.0,12,16,True,False,False,Yeni Günəşli,Bakı
6397724,125000,AZN,3,85.0,2,4,True,False,False,Qaraçuxur,Bakı
6491505,180000,AZN,2,74.0,18,19,True,False,False,Yeni Yasamal,Bakı
6007146,170000,AZN,3,100.0,18,18,False,False,False,Şah İsmayıl Xətai,Bakı
5867132,1000000,AZN,4,185.0,5,7,False,False,False,Ağ şəhər,Bakı
6430106,140000,AZN,3,85.0,1,2,True,False,False,Xətai,Bakı
6473009,244000,AZN,3,95.0,5,9,True,False,False,Qara Qarayev,Bakı
6429967,210000,AZN,2,71.0,14,16,True,False,False,Həzi Aslanov,Bakı
6491502,170000,AZN,2,57.0,4,5,True,False,False,Binəqədi,Bakı
6463031,328000,AZN,3,113.0,6,17,False,False,False,Nəriman Nərimanov,Bakı
6408350,310000,AZN,4,190.0,7,7,True,False,False,Nizami,Bakı
6024049,355000,AZN,4,125.0,2,5,True,False,False,Nizami,Bakı
6363385,189000,AZN,4,95.0,7,9,True,False,False,Xətai,Bakı
6395021,140000,AZN,3,68.0,2,5,True,False,False,Hövsan,Bakı
6483210,237000,AZN,3,85.0,8,9,True,False,False,Əhmədli,Bakı
5494851,519000,AZN,5,230.0,13,18,False,False,False,Nərimanov,Bakı
6478466,289000,AZN,3,74.0,12,17,True,False,False,28 May,Bakı
5966639,168000,AZN,3,80.0,8,14,True,False,False,Zığ,Bakı
6491494,570000,AZN,4,175.0,5,19,True,False,False,28 May,Bakı
6108258,595000,AZN,7,550.0,12,13,True,False,False,28 May,Bakı
6491489,200000,AZN,3,65.0,3,9,True,False,False,Əhmədli,Bakı
6408396,500000,AZN,3,170.0,12,17,True,False,False,Nəriman Nərimanov,Bakı
6408397,500000,AZN,3,170.0,12,17,True,False,False,Nəriman Nərimanov,Bakı
6482762,500000,AZN,3,156.0,15,20,False,False,False,Nizami,Bakı
6408460,288000,AZN,2,72.0,7,16,True,False,False,Nəriman Nərimanov,Bakı
6435284,273000,AZN,5,110.0,4,9,True,False,False,Xətai,Bakı
6413078,126500,AZN,2,44.0,3,9,True,False,False,Əhmədli,Bakı
6483235,339000,AZN,3,110.0,3,19,True,False,False,Xətai,Bakı
6488552,187000,AZN,3,65.0,5,9,True,False,False,Xalqlar Dostluğu,Bakı
6438317,184000,AZN,2,60.0,2,9,True,False,False,Həzi Aslanov,Bakı
6407743,499000,AZN,3,161.0,13,17,True,False,False,28 May,Bakı
6491482,469000,AZN,3,95.0,3,20,False,False,False,Şah İsmayıl Xətai,Bakı
6407824,310000,AZN,3,80.0,8,16,True,False,False,Nəsimi,Bakı
6491480,267000,AZN,3,80.0,8,14,True,False,False,Neftçilər,Bakı
6491478,665000,AZN,4,190.0,2,12,True,False,False,Nəsimi,Bakı
6491479,220000,AZN,3,85.0,2,9,True,False,False,İnşaatçılar,Bakı
6491472,258000,AZN,3,100.0,3,10,True,False,False,İnşaatçılar,Bakı
6491475,310000,AZN,3,100.0,12,20,True,False,False,Elmlər Akademiyası,Bakı
6491473,209000,AZN,2,62.0,3,6,True,False,False,Nizami,Bakı
6491468,325000,AZN,3,77.0,8,10,True,False,False,Nərimanov,Bakı
6491467,220000,AZN,2,82.0,14,16,True,False,False,Əhmədli,Bakı
6491466,155500,AZN,2,48.0,5,5,True,False,False,Memar Əcəmi,Bakı
6407759,550000,AZN,3,120.0,6,6,True,False,False,Ağ şəhər,Bakı
6408081,490000,AZN,3,98.0,3,7,True,False,False,Ağ şəhər,Bakı
6491458,320000,AZN,3,96.0,10,16,True,False,False,Azadlıq Prospekti,Bakı
6491455,335000,AZN,4,105.0,4,5,True,False,False,28 May,Bakı
6473020,234000,AZN,3,101.0,10,17,True,False,False,Həzi Aslanov,Bakı
6423555,152000,AZN,2,78.0,6,12,True,False,False,Abşeron,Xırdalan
6426395,114000,AZN,1,35.0,2,5,True,False,False,Elmlər Akademiyası,Bakı
5669123,225000,AZN,2,88.0,13,17,True,False,False,Həzi Aslanov,Bakı
6491453,159900,AZN,2,56.0,19,20,True,False,False,Əhmədli,Bakı
6453039,239000,AZN,3,87.0,8,17,True,False,False,Həzi Aslanov,Bakı
6087026,347000,AZN,2,87.0,4,5,True,False,False,Sea Breeze,Bakı
5599080,179000,AZN,2,60.0,8,9,True,False,False,Əhmədli,Bakı
6485616,313000,AZN,3,94.0,14,16,True,False,False,Neftçilər,Bakı
6491450,210000,AZN,3,85.0,1,6,True,False,False,Bayıl,Bakı
6439218,184000,AZN,2,65.0,2,9,True,False,False,Həzi Aslanov,Bakı
6454378,350000,AZN,3,131.0,15,17,True,False,False,Azadlıq Prospekti,Bakı
6163751,242000,AZN,3,88.0,7,20,True,False,False,Xətai,Bakı
6491443,285000,AZN,3,100.0,6,18,True,False,False,Badamdar,Bakı
6491439,124800,AZN,2,45.0,4,5,True,False,False,Memar Əcəmi,Bakı
6444875,295000,AZN,3,87.0,14,17,True,False,False,Qara Qarayev,Bakı
6462897,160000,AZN,2,60.0,4,5,True,False,False,Gənclik,Bakı
6306971,235000,AZN,3,85.0,7,10,True,False,False,Yasamal,Bakı
6491442,174312,AZN,2,49.0,1,14,True,False,False,Yasamal,Bakı
6042533,192000,AZN,2,70.0,4,17,True,False,False,Həzi Aslanov,Bakı
6378972,270000,AZN,2,82.0,5,19,True,False,False,Xətai,Bakı
6409026,190000,AZN,1,52.0,4,7,False,False,False,Nardaran,Bakı
6448481,105000,AZN,3,71.0,4,6,True,False,False,Masazır,Bakı
6393530,218000,AZN,3,70.0,13,16,True,False,False,Memar Əcəmi,Bakı
6450604,205000,AZN,2,63.0,14,16,True,False,False,Qara Qarayev,Bakı
6411613,280000,AZN,2,94.1,13,18,True,False,False,Binəqədi,Bakı
6491434,109000,AZN,2,62.0,15,15,True,False,False,Abşeron,Xırdalan
6408566,277000,AZN,2,79.3,6,17,True,False,False,Nərimanov,Bakı
6444770,210000,AZN,2,52.0,10,16,True,False,False,Qara Qarayev,Bakı
6297859,295000,AZN,3,134.0,10,16,True,False,False,Əhmədli,Bakı
6491433,105000,AZN,2,68.0,4,7,True,False,False,,Xırdalan
6491432,485000,AZN,3,130.0,8,17,True,False,False,28 May,Bakı
6439212,345000,AZN,4,110.0,7,17,True,False,False,Neftçilər,Bakı
6462485,285000,AZN,2,77.0,8,10,True,False,False,Nəriman Nərimanov,Bakı
5783697,250000,AZN,2,65.0,15,17,True,False,False,Azadlıq Prospekti,Bakı
6491431,245000,AZN,3,75.0,7,9,True,False,False,Memar Əcəmi,Bakı
6361743,255000,AZN,2,64.0,7,12,True,False,False,Nərimanov,Bakı
6027663,325000,AZN,3,113.0,16,18,False,False,False,28 May,Bakı
6439181,187000,AZN,3,65.0,5,9,True,False,False,Əhmədli,Bakı
6285996,235000,AZN,3,90.5,15,18,True,False,False,Nizami,Bakı
6491428,180000,AZN,2,78.0,13,17,True,False,False,Yeni Yasamal,Bakı
6451424,235000,AZN,2,69.0,7,16,False,False,False,Böyükşor,Bakı
6407203,290000,AZN,3,70.1,3,17,True,False,False,Bakmil,Bakı
6438746,250000,AZN,2,64.0,8,16,True,False,False,Nərimanov,Bakı
6386233,139500,AZN,2,48.0,7,9,True,False,False,9-cu mikrorayon,Bakı
6467540,195000,AZN,2,70.0,13,19,True,True,False,Nəriman Nərimanov,Bakı
6491426,245000,AZN,2,65.0,6,9,True,False,False,Yasamal,Bakı
6436559,298000,AZN,3,91.0,3,15,True,False,False,Həzi Aslanov,Bakı
6491425,115000,AZN,1,33.0,3,5,True,False,False,Neftçilər,Bakı
6015312,325000,AZN,3,120.0,14,17,True,False,False,Həzi Aslanov,Bakı
6491424,250000,AZN,3,80.0,2,9,True,False,False,Neftçilər,Bakı
6331822,250000,AZN,2,100.0,15,18,True,False,False,Neftçilər,Bakı
6491423,200000,AZN,2,65.0,4,5,True,False,False,Yasamal,Bakı
6329137,170000,AZN,2,90.0,14,17,True,False,False,Yeni Günəşli,Bakı
6463630,155000,AZN,2,64.0,9,15,True,False,False,8-ci kilometr,Bakı
6491419,208000,AZN,3,105.0,9,9,True,False,False,Bayıl,Bakı
6407392,90000,AZN,2,65.0,17,17,True,False,False,Abşeron,Xırdalan
6392273,158000,AZN,3,65.0,4,9,True,False,False,Həzi Aslanov,Bakı
6455058,155000,AZN,2,55.0,10,17,True,False,False,Həzi Aslanov,Bakı
6491412,220000,AZN,2,68.0,14,18,True,False,False,Azadlıq Prospekti,Bakı
6491410,233000,AZN,2,79.0,14,19,True,False,False,8 Noyabr,Bakı
6407531,550000,AZN,3,129.0,2,7,True,False,False,Ağ şəhər,Bakı
6491407,757000,AZN,4,176.0,2,7,False,False,False,Ağ şəhər,Bakı
6491405,225000,AZN,2,70.0,7,17,True,False,False,Qara Qarayev,Bakı
6491404,127000,AZN,3,59.0,7,16,True,False,False,,Xırdalan
6395281,230000,AZN,3,70.0,14,18,True,False,False,Xətai,Bakı
6491400,127000,AZN,3,60.0,7,16,True,False,False,,Xırdalan
6491398,598000,AZN,3,135.0,3,7,False,False,False,Ağ şəhər,Bakı
6491399,355000,AZN,3,130.0,15,17,True,False,False,Nəsimi,Bakı
6405971,295000,AZN,3,135.0,17,17,True,False,False,Neftçilər,Bakı
6445204,360000,AZN,3,80.0,3,4,True,False,False,28 May,Bakı
6471904,358500,AZN,3,147.0,12,16,True,False,False,20 Yanvar,Bakı
6491396,136000,AZN,2,44.0,5,9,True,False,False,Həzi Aslanov,Bakı
6408407,219000,AZN,2,85.0,11,17,True,False,False,Həzi Aslanov,Bakı
6402905,495000,AZN,4,192.0,18,24,True,False,False,Şah İsmayıl Xətai,Bakı
6491394,320000,AZN,4,115.0,3,9,True,False,False,Nərimanov,Bakı
5902098,280000,AZN,3,140.0,16,20,False,False,False,Həzi Aslanov,Bakı
5895998,465000,AZN,4,142.0,16,17,True,False,False,Nəsimi,Bakı
6474956,442000,AZN,2,92.0,4,16,True,False,False,Nizami,Bakı
6491391,307000,AZN,2,120.0,9,14,True,False,False,Şah İsmayıl Xətai,Bakı
6444639,157000,AZN,2,55.0,3,9,True,False,False,Nərimanov,Bakı
6251479,525000,AZN,3,155.0,10,19,True,False,False,Şah İsmayıl Xətai,Bakı
6325091,410000,AZN,3,136.0,7,16,False,False,False,Nəriman Nərimanov,Bakı
6456151,225000,AZN,3,88.0,8,9,True,False,False,Qara Qarayev,Bakı
6491390,178000,AZN,3,86.0,2,5,True,False,False,20 Yanvar,Bakı
6355608,379000,AZN,3,120.0,10,15,True,False,False,28 May,Bakı
6424268,310000,AZN,3,90.0,7,16,True,False,False,Nəriman Nərimanov,Bakı
6302977,515000,AZN,4,175.0,12,15,True,False,False,Gənclik,Bakı
6379441,113000,AZN,2,45.0,11,17,True,False,False,Xətai,Bakı
6351200,205000,AZN,1,50.0,6,14,True,False,False,28 May,Bakı
6491381,133500,AZN,2,38.0,2,5,True,False,False,İnşaatçılar,Bakı
6475779,158000,AZN,3,64.0,3,4,True,False,False,M.Ə.Rəsulzadə,Bakı
6491382,240000,AZN,2,65.0,6,20,True,False,False,28 May,Bakı
6491377,258000,AZN,3,95.0,3,9,True,False,False,İnşaatçılar,Bakı
6491378,255000,AZN,3,85.0,3,19,True,False,False,Əhmədli,Bakı
6244540,150000,AZN,3,70.0,1,4,True,False,False,Qaraçuxur,Bakı
6491372,229000,AZN,2,90.0,16,17,True,False,False,Həzi Aslanov,Bakı
6136616,215000,AZN,3,85.0,1,5,True,False,False,Bakıxanov,Bakı
6450483,233000,AZN,3,78.0,9,16,False,False,False,28 May,Bakı
6394259,479000,AZN,4,161.0,13,16,True,False,False,28 May,Bakı
6408123,145000,AZN,3,60.0,5,5,True,False,False,Bakıxanov,Bakı
6491371,459000,AZN,4,153.0,3,16,False,False,False,Nəsimi,Bakı
6252387,575000,AZN,3,100.0,5,8,True,False,False,Ağ şəhər,Bakı
6402672,320000,AZN,3,123.0,2,19,True,False,False,Nəsimi,Bakı
6396615,379000,AZN,4,158.0,12,14,True,False,False,28 May,Bakı
6491367,339400,AZN,3,135.0,2,4,True,False,False,Sahil,Bakı
6175073,630000,AZN,3,133.0,5,8,True,False,False,Ağ şəhər,Bakı
6378539,148000,AZN,2,55.0,4,5,True,False,False,Nəsimi,Bakı
6407497,230000,AZN,3,70.0,4,5,True,False,False,Yasamal,Bakı
6469538,154000,AZN,2,53.0,8,20,True,False,False,İnşaatçılar,Bakı
6435182,184000,AZN,2,65.0,2,9,True,False,False,Həzi Aslanov,Bakı
6467149,183000,AZN,4,85.0,9,9,True,False,False,Həzi Aslanov,Bakı
6491366,194000,AZN,2,84.0,14,16,False,False,False,Əhmədli,Bakı
6491346,750000,AZN,3,176.0,6,7,True,False,False,Şah İsmayıl Xətai,Bakı
6466981,235000,AZN,3,110.0,15,17,True,False,False,Həzi Aslanov,Bakı
6478767,250000,AZN,3,85.0,6,10,True,False,False,Binəqədi,Bakı
6437058,485000,AZN,3,129.0,8,16,True,False,False,28 May,Bakı
6457192,197000,AZN,2,60.0,3,9,True,False,False,Əhmədli,Bakı
6450746,283000,AZN,2,118.0,4,11,False,False,False,8 Noyabr,Bakı
6484296,189000,AZN,2,88.0,10,17,True,False,False,Həzi Aslanov,Bakı
6474899,336000,AZN,3,143.0,4,14,False,False,False,Nəriman Nərimanov,Bakı
6408283,935000,AZN,4,225.0,7,8,False,False,False,Ağ şəhər,Bakı
6491362,142000,AZN,2,45.0,1,5,True,False,False,Memar Əcəmi,Bakı
5875985,438000,AZN,3,125.0,7,16,True,False,False,Gənclik,Bakı
6377553,425000,AZN,3,130.0,6,8,True,False,False,Gənclik,Bakı
6444735,890000,AZN,4,240.0,13,14,True,False,False,İçəri Şəhər,Bakı
6491361,147500,AZN,2,52.0,4,5,True,False,False,Memar Əcəmi,Bakı
6442455,126000,AZN,1,35.0,3,5,True,False,False,Memar Əcəmi,Bakı
6491359,157000,AZN,2,52.0,4,16,True,False,False,Xalqlar Dostluğu,Bakı
6491360,755000,AZN,4,190.0,5,17,True,False,False,Elmlər Akademiyası,Bakı
6491358,455000,AZN,3,148.0,6,27,True,False,False,8 Noyabr,Bakı
6491357,145000,AZN,3,86.0,17,17,True,False,False,Həzi Aslanov,Bakı
6491353,156000,AZN,2,50.0,3,5,True,False,False,Memar Əcəmi,Bakı
6491354,148000,AZN,2,60.0,5,9,True,False,False,Bakıxanov,Bakı
6491350,275000,AZN,3,80.0,4,9,True,False,False,Səbail,Bakı
6491352,655000,AZN,5,210.0,9,16,True,False,False,Elmlər Akademiyası,Bakı
6355343,189000,AZN,2,80.0,3,7,True,False,False,Həzi Aslanov,Bakı
6491349,227000,AZN,3,130.0,11,12,False,False,False,Sabunçu,Bakı
6491348,250000,AZN,3,965.0,14,16,True,False,False,Elmlər Akademiyası,Bakı
6182703,126000,AZN,2,35.0,2,5,True,False,False,Memar Əcəmi,Bakı
6405663,136500,AZN,2,50.0,4,5,True,False,False,Memar Əcəmi,Bakı
6395075,77000,AZN,2,64.0,4,4,True,False,False,,Xırdalan
6222999,148000,AZN,2,65.0,6,15,True,False,False,Yeni Günəşli,Bakı
6491344,410000,AZN,3,143.0,5,16,True,False,False,Nəsimi,Bakı
6337327,450000,AZN,3,110.0,11,18,True,False,False,Nizami,Bakı
6272871,300000,AZN,3,100.0,8,10,True,False,False,Elmlər Akademiyası,Bakı
6491340,245000,AZN,2,78.0,18,20,True,False,False,İnşaatçılar,Bakı
6089097,290000,AZN,2,60.0,2,4,True,False,False,Sahil,Bakı
6491339,157000,AZN,2,50.0,9,9,True,False,False,Nəsimi,Bakı
6491337,470000,AZN,3,120.0,3,4,True,False,False,28 May,Bakı
6479377,238000,AZN,2,70.0,12,17,True,False,False,Nizami,Bakı
5960817,229900,AZN,3,103.0,16,17,True,False,False,Əhmədli,Bakı
6183846,150000,AZN,3,60.0,1,5,True,False,False,Bayıl,Bakı
6491334,275000,AZN,3,105.0,17,17,False,False,False,Nərimanov,Bakı
6491333,164500,AZN,2,42.0,15,16,True,False,False,Yasamal,Bakı
6465637,114000,AZN,3,60.0,4,5,True,False,False,Bülbülə,Bakı
6491328,280000,AZN,3,105.0,2,16,True,False,False,Neftçilər,Bakı
6491327,305000,AZN,2,68.0,4,17,True,False,False,Elmlər Akademiyası,Bakı
6491329,268000,AZN,2,90.0,16,16,True,False,False,Xətai,Bakı
6491325,245000,AZN,2,62.0,15,17,True,False,False,Nərimanov,Bakı
6300790,480000,AZN,4,160.0,6,17,True,False,False,20 Yanvar,Bakı
6336975,130000,AZN,3,65.0,2,5,True,False,False,Memar Əcəmi,Bakı
6407514,455600,AZN,3,134.0,12,16,True,False,False,8-ci mikrorayon,Bakı
6424170,387000,AZN,3,127.0,10,19,True,False,False,8 Noyabr,Bakı
6407548,330000,AZN,3,128.0,7,10,False,False,False,Azadlıq Prospekti,Bakı
6407708,280000,AZN,3,128.0,9,10,False,False,False,Azadlıq Prospekti,Bakı
6271646,1090000,AZN,5,259.0,13,17,False,False,False,Bayıl,Bakı
6483396,150000,AZN,2,50.0,2,5,True,False,False,İnşaatçılar,Bakı
6491209,129000,AZN,2,42.0,1,16,True,False,False,Avtovağzal,Bakı
6491320,275000,AZN,2,100.0,12,17,True,False,False,İnşaatçılar,Bakı
6491319,250000,AZN,3,100.0,5,5,True,False,False,Şah İsmayıl Xətai,Bakı
6285476,165000,AZN,2,58.5,2,16,True,False,False,Qara Qarayev,Bakı
6491313,270000,AZN,3,130.0,8,14,True,False,False,İnşaatçılar,Bakı
6300056,154000,AZN,2,55.0,8,18,True,False,False,İnşaatçılar,Bakı
6491311,198000,AZN,4,85.0,3,5,True,False,False,Neftçilər,Bakı
6479397,185000,AZN,2,49.0,6,18,True,False,False,20 Yanvar,Bakı
5999099,108000,AZN,2,40.0,5,5,True,False,False,Neftçilər,Bakı
6491310,194500,AZN,3,88.0,2,5,True,False,False,20 Yanvar,Bakı
6491308,215000,AZN,3,61.0,3,16,True,False,False,Neftçilər,Bakı
6431323,154000,AZN,2,65.0,14,17,True,False,False,Bayıl,Bakı
6491309,265000,AZN,3,80.0,1,7,True,False,False,Şah İsmayıl Xətai,Bakı
6255694,237000,AZN,3,90.0,8,9,True,False,False,Əhmədli,Bakı
6491306,290000,AZN,3,175.0,19,19,True,False,False,Nəsimi,Bakı
6438970,185000,AZN,2,80.0,12,16,True,False,False,Bayıl,Bakı
6447122,251000,AZN,3,90.0,5,9,True,False,False,Gənclik,Bakı
6491302,280000,AZN,3,128.0,14,17,True,False,False,İnşaatçılar,Bakı
6491305,233000,AZN,3,73.0,14,16,True,False,False,Yasamal,Bakı
6459433,198000,AZN,3,70.0,3,17,True,False,False,Bayıl,Bakı
6406039,365000,AZN,3,140.0,8,16,True,False,False,İnşaatçılar,Bakı
6491304,155000,AZN,2,50.0,9,9,True,False,False,9-cu mikrorayon,Bakı
6472087,379000,AZN,2,70.0,10,20,True,False,False,Şah İsmayıl Xətai,Bakı
6491303,265000,AZN,4,132.0,13,17,True,False,False,Yeni Yasamal,Bakı
6446661,250000,AZN,3,90.0,6,10,True,False,False,Binəqədi,Bakı
6452657,159000,AZN,2,45.0,4,5,True,False,False,Memar Əcəmi,Bakı
6491301,185000,AZN,2,65.0,6,9,True,False,False,Həzi Aslanov,Bakı
6284612,295000,AZN,3,111.0,8,16,True,False,False,Qara Qarayev,Bakı
6358304,345000,AZN,3,75.0,4,14,True,False,False,Bayıl,Bakı
6484941,175000,AZN,2,55.0,14,19,True,False,False,Xətai,Bakı
6472671,274000,AZN,4,120.0,4,9,True,False,False,Nəsimi,Bakı
6267497,730000,AZN,4,186.0,10,15,True,False,False,28 May,Bakı
6461524,177000,AZN,2,55.0,12,19,True,False,False,Xətai,Bakı
6449236,365000,AZN,2,76.0,11,17,True,False,False,Elmlər Akademiyası,Bakı
6491299,215000,AZN,2,65.0,5,9,True,False,False,İnşaatçılar,Bakı
6484958,255000,AZN,3,90.0,5,9,True,False,False,Əhmədli,Bakı
6491297,97000,AZN,4,105.0,13,13,True,False,False,,Sumqayıt
6449452,172000,AZN,3,78.0,11,16,True,False,False,Bayıl,Bakı
6421322,377000,AZN,3,175.0,2,16,True,False,False,Elmlər Akademiyası,Bakı
6491295,550000,AZN,3,136.0,15,16,True,False,False,28 May,Bakı
6427125,362000,AZN,3,115.0,13,17,True,False,False,Elmlər Akademiyası,Bakı
6145792,265000,AZN,2,100.0,4,16,True,False,False,Qara Qarayev,Bakı
6392394,169000,AZN,3,90.0,4,7,True,False,False,Neftçilər,Bakı
6491293,207000,AZN,2,61.0,5,5,True,False,False,Elmlər Akademiyası,Bakı
6430446,388000,AZN,3,140.0,7,12,True,False,False,Elmlər Akademiyası,Bakı
6486690,137000,AZN,2,50.0,1,9,True,False,False,7-ci mikrorayon,Bakı
6334003,114000,AZN,2,30.0,5,5,True,False,False,Memar Əcəmi,Bakı
5981017,290000,AZN,3,136.0,9,12,True,False,False,Əhmədli,Bakı
6421999,305000,AZN,3,115.0,15,20,True,False,False,İnşaatçılar,Bakı
6474537,190000,AZN,3,68.0,12,19,True,False,False,Azadlıq Prospekti,Bakı
6491291,125000,AZN,2,45.0,3,5,True,False,False,Həzi Aslanov,Bakı
6303374,157000,AZN,2,42.0,2,3,True,False,False,Bayıl,Bakı
6478805,138000,AZN,3,78.0,9,12,True,False,False,Hövsan,Bakı
6388134,238000,AZN,3,80.0,8,9,True,False,False,Xalqlar Dostluğu,Bakı
6405570,538000,AZN,4,148.0,5,14,True,False,False,Nərimanov,Bakı
6472005,154000,AZN,2,47.0,6,9,True,False,False,Koroğlu,Bakı
6471342,325000,AZN,3,79.0,9,12,True,False,False,Nəsimi,Bakı
6018658,155000,AZN,2,50.0,4,5,True,False,False,Memar Əcəmi,Bakı
6469401,260000,AZN,2,95.0,13,16,True,False,False,Qara Qarayev,Bakı
6468506,123000,AZN,2,30.0,5,5,True,False,False,Memar Əcəmi,Bakı
6315901,320000,AZN,3,144.0,5,17,False,False,False,28 May,Bakı
6060596,799000,AZN,4,247.0,16,18,False,False,False,28 May,Bakı
6491285,268000,AZN,3,105.0,13,18,True,False,False,Nəriman Nərimanov,Bakı
6491286,146000,AZN,2,55.0,4,5,True,False,False,İnşaatçılar,Bakı
6491284,235000,AZN,3,117.0,4,6,True,False,False,Həzi Aslanov,Bakı
6152088,650000,AZN,4,137.0,4,12,True,False,False,İçəri Şəhər,Bakı
6491281,583000,AZN,4,170.0,9,17,True,False,False,Elmlər Akademiyası,Bakı
6491278,435000,AZN,3,125.0,6,8,True,False,False,Nəriman Nərimanov,Bakı
6290468,127000,AZN,2,40.0,3,5,True,False,False,Həzi Aslanov,Bakı
6491276,210000,AZN,2,56.6,2,3,True,False,False,Bayıl,Bakı
6491274,120000,AZN,3,78.0,1,5,True,False,False,,Sumqayıt
6404350,140000,AZN,1,35.0,8,9,True,False,False,Yasamal,Bakı
6158383,400000,AZN,3,142.0,15,17,True,False,False,Nəriman Nərimanov,Bakı
6462595,470000,AZN,3,160.0,3,16,True,False,False,Nəsimi,Bakı
5761224,229000,AZN,3,96.0,16,16,True,False,False,İnşaatçılar,Bakı
6491275,700000,AZN,4,160.0,17,19,True,False,False,Nəsimi,Bakı
6485158,288000,AZN,3,110.0,7,20,True,False,False,Həzi Aslanov,Bakı
6427944,110000,AZN,2,45.0,7,10,True,False,False,,Xırdalan
6471780,175000,AZN,2,65.0,2,9,True,False,False,Badamdar,Bakı
6491267,179000,AZN,2,52.0,3,9,True,False,False,Xalqlar Dostluğu,Bakı
6491268,140000,AZN,2,35.0,5,5,True,False,False,Nizami,Bakı
6407777,207000,AZN,2,60.6,5,5,True,False,False,Elmlər Akademiyası,Bakı
6425054,172000,AZN,2,73.0,5,10,True,False,False,,Sumqayıt
6491266,205000,AZN,2,67.0,7,17,True,False,False,Həzi Aslanov,Bakı
6491264,128000,AZN,3,61.0,5,5,True,False,False,Biləcəri,Bakı
6480503,285000,AZN,2,100.0,8,18,True,False,False,Badamdar,Bakı
6491261,148000,AZN,2,55.0,3,5,True,False,False,Həzi Aslanov,Bakı
6491260,300000,AZN,3,100.0,9,10,True,False,False,Elmlər Akademiyası,Bakı
6491258,165000,AZN,2,70.0,12,12,True,False,False,Qaraçuxur,Bakı
6491257,165000,AZN,2,64.0,8,9,True,False,False,Əhmədli,Bakı
6407681,285000,AZN,3,91.0,5,15,True,False,False,Həzi Aslanov,Bakı
6491254,885000,AZN,4,235.0,4,17,True,False,False,Nərimanov,Bakı
6491252,750000,AZN,3,176.0,6,7,True,False,False,Şah İsmayıl Xətai,Bakı
6459113,359000,AZN,3,140.0,8,16,True,False,False,İnşaatçılar,Bakı
6491253,814000,AZN,4,138.0,6,7,False,False,False,Ağ şəhər,Bakı
6374702,280000,AZN,2,61.0,10,16,True,False,False,28 May,Bakı
6491247,575000,AZN,3,127.0,5,12,True,False,False,Nəsimi,Bakı
6491243,245000,AZN,4,96.0,4,5,True,False,False,Nəsimi,Bakı
6491241,148000,AZN,2,48.0,3,5,True,False,False,Xətai,Bakı
6491242,285000,AZN,3,91.0,5,15,True,False,False,Həzi Aslanov,Bakı
6013968,415000,AZN,3,132.0,12,16,False,False,False,Nəriman Nərimanov,Bakı
6491232,170000,AZN,2,45.0,3,5,True,False,False,Elmlər Akademiyası,Bakı
6373995,650000,AZN,4,209.0,7,7,False,False,False,Sea Breeze,Bakı
6491236,97500,AZN,4,70.0,1,5,True,False,False,,Sumqayıt
6491235,500000,AZN,4,160.0,17,17,False,False,False,Nəriman Nərimanov,Bakı
6491234,309000,AZN,2,67.0,2,20,True,False,False,Şah İsmayıl Xətai,Bakı
4595796,275000,AZN,3,120.0,3,14,False,False,False,Memar Əcəmi,Bakı
6491225,165000,AZN,2,66.0,7,14,False,False,False,Həzi Aslanov,Bakı
5831354,360000,AZN,4,180.0,2,15,False,False,False,Xalqlar Dostluğu,Bakı
6247917,320000,AZN,3,110.0,10,11,True,False,False,Qara Qarayev,Bakı
6491231,365000,AZN,3,130.0,13,17,True,False,False,Elmlər Akademiyası,Bakı
6491230,210000,AZN,3,76.0,3,10,True,False,False,Əhmədli,Bakı
6491229,345000,AZN,3,125.0,5,18,True,False,False,Yeni Yasamal,Bakı
6392753,87000,AZN,2,40.0,6,9,True,False,False,Xətai,Bakı
6330399,288000,AZN,3,90.0,4,13,True,False,False,Neftçilər,Bakı
6491227,180000,AZN,2,78.0,13,17,True,False,False,Yeni Yasamal,Bakı
6406130,295000,AZN,4,110.0,11,17,True,False,False,Xalqlar Dostluğu,Bakı
5780857,78000,AZN,3,71.0,4,4,True,False,False,Masazır,Bakı
6491226,355000,AZN,2,84.0,13,14,True,False,False,Nərimanov,Bakı
6218151,235000,AZN,4,100.0,8,9,True,False,False,Əhmədli,Bakı
6297212,238000,AZN,2,110.0,11,13,True,False,False,Memar Əcəmi,Bakı
6406190,400000,AZN,3,135.0,8,17,True,False,False,28 May,Bakı
6408229,265000,AZN,3,131.0,2,17,True,False,False,Həzi Aslanov,Bakı
6491223,313000,AZN,3,131.0,10,17,True,False,False,Memar Əcəmi,Bakı
6315365,260000,AZN,3,110.0,16,17,True,False,False,Xalqlar Dostluğu,Bakı
5858048,138000,AZN,1,35.0,5,5,True,False,False,Yasamal,Bakı
6302237,182000,AZN,3,85.0,1,9,True,False,False,Həzi Aslanov,Bakı
6299740,100000,AZN,5,112.4,5,5,True,False,False,,Gəncə
6477441,90000,AZN,2,55.0,2,6,True,False,False,Masazır,Bakı
6483845,327000,AZN,4,163.7,13,14,False,False,False,Bakıxanov,Bakı
5979682,235000,AZN,4,105.0,8,9,True,False,False,Həzi Aslanov,Bakı
6405356,200000,AZN,2,83.0,9,9,True,False,False,Nərimanov,Bakı
6406090,175000,AZN,3,85.0,9,9,True,False,False,Neftçilər,Bakı
6281589,245000,AZN,2,47.0,5,5,True,False,False,28 May,Bakı
6491218,185000,AZN,3,125.0,7,16,False,False,False,Binəqədi,Bakı
6491217,260000,AZN,3,80.0,5,5,True,False,False,28 May,Bakı
6491216,445000,AZN,3,100.0,1,2,True,False,False,İçəri Şəhər,Bakı
6389684,187000,AZN,3,70.0,3,5,True,False,False,Neftçilər,Bakı
6491206,550000,AZN,3,175.0,21,24,True,False,False,Nizami,Bakı
6408022,600000,AZN,3,157.0,5,17,True,False,False,28 May,Bakı
6491208,650000,AZN,4,190.0,17,18,False,False,False,28 May,Bakı
6164602,79500,AZN,2,44.0,4,6,True,False,False,Masazır,Bakı
6466771,130000,AZN,2,63.0,16,17,True,False,False,,Xırdalan
6164984,175000,AZN,3,70.0,2,5,True,False,False,Xalqlar Dostluğu,Bakı
6324818,140000,AZN,2,60.0,2,5,True,False,False,Əhmədli,Bakı
6407528,169000,AZN,3,85.0,1,9,True,False,False,Xalqlar Dostluğu,Bakı
6345753,145000,AZN,3,73.0,9,10,True,False,False,,Xırdalan
6435275,440000,AZN,3,170.0,17,18,True,False,False,Nərimanov,Bakı
6491200,86000,AZN,2,72.0,5,6,True,False,False,Masazır,Bakı
6428137,119000,AZN,3,77.0,9,10,False,False,False,,Xırdalan
6451270,235000,AZN,3,85.0,8,9,True,False,False,Neftçilər,Bakı
6193987,465000,AZN,4,131.0,16,17,True,False,False,Nəsimi,Bakı
6491201,112000,AZN,1,25.0,2,4,True,False,False,Nəriman Nərimanov,Bakı
6491199,350000,AZN,4,174.5,17,17,False,False,False,Nəriman Nərimanov,Bakı
6442790,245000,AZN,3,85.0,3,9,True,False,False,Qara Qarayev,Bakı
6345134,320000,AZN,3,135.0,8,8,True,False,False,Memar Əcəmi,Bakı
6420297,155000,AZN,3,75.0,17,17,True,False,False,Neftçilər,Bakı
6491198,235000,AZN,2,98.0,8,18,True,False,False,Neftçilər,Bakı
6491197,1169000,AZN,5,272.0,7,14,False,False,False,Gənclik,Bakı
6440078,310000,AZN,3,105.0,8,16,True,False,False,Neftçilər,Bakı
6491193,459000,AZN,3,160.0,13,15,True,False,False,28 May,Bakı
6431601,130000,AZN,2,43.0,8,9,True,False,False,Memar Əcəmi,Bakı
6344397,365000,AZN,3,112.0,14,14,True,False,False,Nəsimi,Bakı
6491191,238000,AZN,3,68.0,4,5,True,False,False,Nəriman Nərimanov,Bakı
6066881,82000,AZN,2,53.0,4,5,True,False,False,Masazır,Bakı
6161535,75000,AZN,2,44.0,4,6,True,False,False,Masazır,Bakı
6396623,242000,AZN,3,103.0,17,17,True,False,False,Səbail,Bakı
6437697,330000,AZN,3,145.0,11,18,False,False,False,Neftçilər,Bakı
6491188,170000,AZN,2,45.5,4,4,True,False,False,Sabunçu,Bakı
6373538,139900,AZN,2,48.0,7,9,True,False,False,Memar Əcəmi,Bakı
6439529,235000,AZN,2,79.0,11,16,True,False,False,Qara Qarayev,Bakı
6491185,185000,AZN,3,70.0,2,5,True,False,False,İnşaatçılar,Bakı
6491172,80000,AZN,2,58.7,3,6,True,False,False,Masazır,Bakı
6405102,139000,AZN,1,50.0,2,2,True,False,False,İçəri Şəhər,Bakı
6491183,493000,AZN,3,136.0,6,7,True,False,False,Sabunçu,Bakı
6245505,145000,AZN,2,60.0,2,4,True,False,False,Xətai,Bakı
6491182,166000,AZN,3,65.0,5,9,True,False,False,Həzi Aslanov,Bakı
6407992,165000,AZN,2,65.0,8,9,True,False,False,Əhmədli,Bakı
6491180,232000,AZN,3,104.0,17,21,False,False,False,Xətai,Bakı
6491178,240000,AZN,5,120.0,5,9,True,False,False,Əhmədli,Bakı
6491174,153000,AZN,3,120.0,2,5,True,False,False,,Xırdalan
6491176,115000,AZN,2,48.0,1,4,True,False,False,Həzi Aslanov,Bakı
6451562,365000,AZN,2,110.0,16,18,False,False,False,28 May,Bakı
6491170,189000,AZN,3,140.0,7,18,False,False,False,İnşaatçılar,Bakı
6491166,283500,AZN,3,105.0,17,17,False,False,False,Nəriman Nərimanov,Bakı
6337276,460000,AZN,3,145.0,10,17,False,False,False,28 May,Bakı
6491169,543000,AZN,3,137.0,8,8,False,False,False,Ağ şəhər,Bakı
6491167,165000,AZN,1,79.0,1,17,True,False,False,Əhmədli,Bakı
6477219,279000,AZN,3,90.0,2,5,True,True,False,Qara Qarayev,Bakı
6491157,600000,AZN,3,125.0,12,17,True,False,False,Nizami,Bakı
6491159,158000,AZN,2,56.0,15,18,True,False,False,Memar Əcəmi,Bakı
6491158,140000,AZN,2,35.0,5,5,True,False,False,Nizami,Bakı
6491156,162000,AZN,2,65.0,3,5,True,False,False,Həzi Aslanov,Bakı
6491154,175000,AZN,3,65.0,4,9,True,False,False,Xətai,Bakı
6479260,160000,AZN,2,81.0,3,4,True,False,False,Yeni Günəşli,Bakı
6491155,250000,AZN,3,140.0,13,13,True,False,False,Əhmədli,Bakı
6491153,105000,AZN,3,70.0,3,4,True,False,False,,Sumqayıt
5982939,233000,AZN,2,92.0,3,17,True,False,False,Memar Əcəmi,Bakı
6491151,310000,AZN,3,120.0,2,14,True,False,False,Neftçilər,Bakı
6491150,180000,AZN,1,72.0,14,17,False,False,False,Əhmədli,Bakı
6187295,245000,AZN,2,77.0,2,16,True,False,False,20 Yanvar,Bakı
6297289,599000,AZN,3,130.0,3,5,True,False,False,Sahil,Bakı
6491148,207000,AZN,2,70.0,5,5,True,False,False,Elmlər Akademiyası,Bakı
6404294,89000,AZN,2,41.0,1,13,True,False,False,Abşeron,Xırdalan
6481366,365000,AZN,3,115.0,5,15,True,False,False,Nizami,Bakı
6328276,262000,AZN,3,120.0,14,17,True,False,False,İnşaatçılar,Bakı
6491143,450000,AZN,3,100.0,3,3,True,False,False,İçəri Şəhər,Bakı
6291407,449000,AZN,3,95.0,9,17,True,False,False,28 May,Bakı
6319157,265000,AZN,3,110.0,13,14,True,False,False,Xalqlar Dostluğu,Bakı
6491140,164000,AZN,2,40.0,1,5,True,False,False,Nəriman Nərimanov,Bakı
5344346,338000,AZN,3,154.0,13,17,False,False,False,Bayıl,Bakı
6491139,395000,AZN,4,172.0,4,16,True,False,False,Nəsimi,Bakı
6459925,170000,AZN,2,55.0,1,17,True,False,False,Bayıl,Bakı
6479186,750000,AZN,4,165.0,4,7,True,False,False,Ağ şəhər,Bakı
5914263,295000,AZN,3,90.0,10,16,True,False,False,Qara Qarayev,Bakı
6491135,145000,AZN,1,40.0,1,5,True,False,False,Memar Əcəmi,Bakı
6463090,230000,AZN,3,90.0,10,18,True,False,False,Həzi Aslanov,Bakı
6491134,750000,AZN,4,195.0,9,16,True,False,False,8-ci mikrorayon,Bakı
6491133,220000,AZN,2,60.4,4,13,True,False,False,Əhmədli,Bakı
6068871,249000,AZN,3,85.0,16,19,True,False,False,20 Yanvar,Bakı
6491132,222000,AZN,2,50.0,13,18,True,False,False,İnşaatçılar,Bakı
6491131,205000,AZN,2,53.0,14,19,True,False,False,20 Yanvar,Bakı
5872935,207000,AZN,3,80.0,9,9,True,False,False,Elmlər Akademiyası,Bakı
6491129,535000,AZN,3,150.0,6,16,True,False,False,28 May,Bakı
6477579,425000,AZN,4,178.0,12,13,False,False,False,Koroğlu,Bakı
6491127,250000,AZN,3,80.0,1,9,True,False,False,Nəsimi,Bakı
6491123,290000,AZN,3,112.0,11,14,False,False,False,7-ci mikrorayon,Bakı
6491119,748000,AZN,3,145.0,8,18,False,False,False,Gənclik,Bakı
5484768,153000,AZN,3,85.0,1,9,True,False,False,Həzi Aslanov,Bakı
6491118,155000,AZN,2,77.0,6,12,False,False,False,Qaraçuxur,Bakı
6472281,323000,AZN,3,99.0,7,17,True,False,False,Koroğlu,Bakı
6262400,460000,AZN,3,92.0,15,20,True,False,False,Şah İsmayıl Xətai,Bakı
5913705,650000,AZN,3,120.0,15,17,True,False,False,Elmlər Akademiyası,Bakı
6491116,250000,AZN,4,135.0,2,9,True,False,False,Masazır,Bakı
6490449,209000,AZN,2,72.0,5,14,True,False,False,,Sumqayıt
6452559,600000,AZN,7,340.0,12,13,True,False,False,Nizami,Bakı
6443504,375000,AZN,3,100.0,3,16,True,False,False,28 May,Bakı
6491111,125000,AZN,2,30.0,4,5,True,False,False,Memar Əcəmi,Bakı
6431632,495000,AZN,3,153.0,4,17,True,False,False,Nəsimi,Bakı
6491108,188000,AZN,2,50.0,3,5,True,False,False,Elmlər Akademiyası,Bakı
6407240,385000,AZN,3,86.0,19,20,True,False,False,Nəsimi,Bakı
6491107,220000,AZN,3,90.0,10,16,True,False,False,Həzi Aslanov,Bakı
6347680,222000,AZN,3,90.0,5,7,True,False,False,,Sumqayıt
6491105,172000,AZN,2,50.0,3,5,True,False,False,Qara Qarayev,Bakı
6326143,135000,AZN,3,70.0,2,9,True,False,False,Yeni Günəşli,Bakı
6491101,232000,AZN,3,117.0,4,6,True,False,False,Əhmədli,Bakı
6491100,192000,AZN,2,65.0,6,9,True,False,False,Əhmədli,Bakı
6491095,165000,AZN,3,70.0,8,9,True,False,False,Yeni Günəşli,Bakı
6491097,330000,AZN,3,125.0,14,17,True,False,False,Qara Qarayev,Bakı
6478586,178000,AZN,2,63.0,8,18,True,False,False,Memar Əcəmi,Bakı
6491098,270000,AZN,3,85.0,14,16,True,False,False,İnşaatçılar,Bakı
6491094,224000,AZN,3,114.0,8,12,False,False,False,Xətai,Bakı
6463686,1350000,AZN,5,230.0,16,17,True,False,False,Elmlər Akademiyası,Bakı
6478544,550000,AZN,4,180.0,10,15,True,False,False,28 May,Bakı
6244320,128000,AZN,2,64.5,4,6,False,False,False,Həzi Aslanov,Bakı
5923928,134000,AZN,2,50.0,5,5,True,False,False,Xalqlar Dostluğu,Bakı
6491090,245000,AZN,2,77.0,2,16,True,False,False,20 Yanvar,Bakı
6239853,145000,AZN,2,50.0,4,5,True,False,False,Neftçilər,Bakı
5963609,179000,AZN,3,85.0,6,9,True,False,False,Həzi Aslanov,Bakı
6491084,225000,AZN,2,74.0,16,17,True,False,False,Gənclik,Bakı
6490361,170000,AZN,2,90.0,1,1,True,False,False,Yasamal,Bakı
6461908,121000,AZN,3,60.0,7,16,True,False,False,Abşeron,Xırdalan
6341116,259000,AZN,3,110.0,6,19,True,False,False,Yeni Yasamal,Bakı
6491081,210000,AZN,2,65.0,14,15,True,False,False,Həzi Aslanov,Bakı
6407544,850000,AZN,4,220.0,11,14,False,False,False,Nizami,Bakı
6491080,137000,AZN,2,42.0,5,5,True,False,False,Nəriman Nərimanov,Bakı
6491078,340000,AZN,2,102.0,4,20,True,False,False,Şah İsmayıl Xətai,Bakı
6490873,289000,AZN,2,90.0,5,18,True,False,False,Elmlər Akademiyası,Bakı
6491077,168000,AZN,2,55.0,3,5,True,False,False,Elmlər Akademiyası,Bakı
6185205,540000,AZN,3,116.0,11,18,True,False,False,Elmlər Akademiyası,Bakı
6479176,145000,AZN,2,50.0,1,5,True,False,False,Həzi Aslanov,Bakı
6491073,220000,AZN,4,105.0,4,5,True,False,False,Əhmədli,Bakı
6405647,78000,AZN,2,56.0,1,6,True,False,False,Masazır,Bakı
6491076,210000,AZN,2,55.0,3,4,True,False,False,Elmlər Akademiyası,Bakı
6112611,215000,AZN,3,87.0,2,9,True,False,False,İnşaatçılar,Bakı
6144668,75000,AZN,2,44.0,4,6,True,False,False,Masazır,Bakı
6491075,235000,AZN,3,85.0,3,5,True,False,False,Nəsimi,Bakı
6450422,305000,AZN,2,95.0,8,18,True,False,False,Gənclik,Bakı
6490913,179000,AZN,3,80.0,14,14,True,False,False,Xətai,Bakı
6117681,150000,AZN,2,93.0,15,16,True,False,False,Abşeron,Xırdalan
6491070,920000,AZN,4,165.0,3,7,True,False,False,Ağ şəhər,Bakı
6491066,129000,AZN,2,48.0,4,9,True,False,False,Yeni Yasamal,Bakı
6491067,86000,AZN,2,42.0,3,4,True,False,False,,Sumqayıt
6491064,160000,AZN,2,65.0,19,20,True,False,False,Əhmədli,Bakı
5828501,255000,AZN,3,90.0,10,12,True,False,False,Badamdar,Bakı
6491060,470000,AZN,2,96.0,5,7,False,False,False,Ağ şəhər,Bakı
6491062,160000,AZN,3,80.0,9,9,True,False,False,M.Ə.Rəsulzadə,Bakı
6413606,300000,AZN,3,92.0,4,12,True,False,False,İnşaatçılar,Bakı
6491059,270000,AZN,3,130.0,11,13,True,False,False,Yeni Yasamal,Bakı
6491058,655000,AZN,3,148.0,6,20,True,False,False,İçəri Şəhər,Bakı
6485526,400000,AZN,4,130.0,3,10,True,False,False,Nizami,Bakı
6491057,115000,AZN,2,55.0,1,4,True,False,False,Həzi Aslanov,Bakı
6491052,177000,AZN,2,49.0,11,16,True,False,False,Yasamal,Bakı
6491048,160000,AZN,2,52.0,1,5,True,False,False,Nəriman Nərimanov,Bakı
6361114,290000,AZN,3,118.0,10,17,True,False,False,Həzi Aslanov,Bakı
6458710,335000,AZN,3,110.0,15,17,True,False,False,Nərimanov,Bakı
6407662,220000,AZN,2,68.0,5,6,True,False,False,Səbail,Bakı
6491045,405000,AZN,3,140.0,8,16,False,False,False,Nəsimi,Bakı
6491043,320000,AZN,3,145.0,3,18,True,False,False,İnşaatçılar,Bakı
5826171,425000,AZN,2,81.8,8,20,False,False,False,Ağ şəhər,Bakı
6453850,193000,AZN,2,54.9,4,18,True,False,False,Əhmədli,Bakı
6235255,814200,AZN,3,135.7,6,8,False,False,False,Ağ şəhər,Bakı
6491039,162000,AZN,2,50.0,3,5,True,False,False,Neftçilər,Bakı
6491033,850000,AZN,4,195.0,12,20,False,False,False,Xətai,Bakı
6165940,325000,AZN,3,100.0,5,16,True,False,False,Nizami,Bakı
6491035,1200000,AZN,4,213.0,5,10,False,False,False,Ağ şəhər,Bakı
6491034,148000,AZN,3,55.0,3,5,True,False,False,Həzi Aslanov,Bakı
6491032,289000,AZN,3,100.0,15,21,True,False,False,Həzi Aslanov,Bakı
6030809,385000,AZN,3,101.0,10,12,True,False,False,Nizami,Bakı
6399318,145000,AZN,1,35.0,4,5,True,False,False,İçəri Şəhər,Bakı
6407709,380000,AZN,3,136.0,4,16,True,False,False,İnşaatçılar,Bakı
6406771,310000,AZN,3,90.0,8,14,True,False,False,Əhmədli,Bakı
6407305,166000,AZN,3,62.0,8,12,True,False,False,İnşaatçılar,Bakı
6458741,81500,AZN,3,50.0,6,8,False,False,False,Masazır,Bakı
6300686,414000,AZN,2,65.0,3,7,True,False,False,Ağ şəhər,Bakı
6394856,230000,AZN,3,70.0,2,5,True,False,False,Elmlər Akademiyası,Bakı
6407226,195000,AZN,2,71.0,5,22,True,False,False,İnşaatçılar,Bakı
6446660,168000,AZN,2,72.0,21,22,True,False,False,Yeni Yasamal,Bakı
6445892,260000,AZN,3,120.0,14,17,True,False,False,Həzi Aslanov,Bakı
6389259,195000,AZN,5,115.0,9,9,True,False,False,Köhnə Günəşli,Bakı
6491023,148000,AZN,2,40.0,2,17,True,False,False,Qara Qarayev,Bakı
6491020,395000,AZN,6,172.0,4,16,True,False,False,Nəsimi,Bakı
6377480,118000,AZN,2,45.0,8,9,True,False,False,Xalqlar Dostluğu,Bakı
6491016,66000,AZN,1,37.0,1,5,True,False,False,,Sumqayıt
6384441,199000,AZN,3,110.0,11,15,True,False,False,,Xırdalan
6407580,340000,AZN,3,95.0,14,19,True,False,False,İnşaatçılar,Bakı
6491010,304000,AZN,3,118.0,9,14,False,False,False,Ulduz,Bakı
6422188,43000,AZN,2,37.3,3,6,False,False,False,Masazır,Bakı
6466916,470000,AZN,3,160.0,3,16,True,False,False,Nizami,Bakı
6369439,130000,AZN,2,50.0,5,5,True,False,False,28 May,Bakı
6292910,470000,AZN,3,144.0,8,10,True,False,False,Elmlər Akademiyası,Bakı
6491009,115000,AZN,1,35.0,1,5,True,False,False,Memar Əcəmi,Bakı
6087017,225000,AZN,3,90.0,2,16,True,False,False,Nəsimi,Bakı
6387425,300000,AZN,2,70.0,4,21,True,False,False,Nərimanov,Bakı
6491007,220000,AZN,3,96.0,10,16,True,False,False,Xətai,Bakı
6491003,188000,AZN,2,65.0,5,5,True,False,False,Yasamal,Bakı
6296610,458000,AZN,3,117.0,8,17,True,False,False,Gənclik,Bakı
6491005,430000,AZN,3,148.0,14,27,False,False,False,8 Noyabr,Bakı
6164472,445000,AZN,3,118.0,2,16,True,False,False,28 May,Bakı
6465348,170000,AZN,3,70.0,5,5,True,False,False,Xalqlar Dostluğu,Bakı
6479074,620000,AZN,3,102.0,2,3,True,False,False,Sahil,Bakı
6332922,255000,AZN,2,57.5,3,17,True,False,False,Nəriman Nərimanov,Bakı
6491002,265000,AZN,3,85.0,4,9,True,False,False,Elmlər Akademiyası,Bakı
6491001,450000,AZN,3,90.0,10,10,True,False,False,28 May,Bakı
6384457,205000,AZN,3,108.0,3,15,True,False,False,,Xırdalan
6490995,200000,AZN,3,120.0,11,12,True,False,False,Abşeron,Xırdalan
6220090,169999,AZN,3,61.0,1,9,True,False,False,20 Yanvar,Bakı
6490994,180000,AZN,2,87.4,6,9,False,False,False,Avtovağzal,Bakı
6490993,225000,AZN,2,85.0,12,13,True,False,False,Əhmədli,Bakı
6427273,160000,AZN,2,65.0,6,9,True,False,False,Əhmədli,Bakı
5892308,135000,AZN,1,58.6,4,9,False,False,False,Sea Breeze,Bakı
6490982,175000,AZN,3,85.0,8,9,True,False,False,Yeni Günəşli,Bakı
6398057,220000,AZN,4,120.0,2,5,True,False,False,Neftçilər,Bakı
6490983,125000,AZN,1,40.0,1,3,True,False,False,28 May,Bakı
6490965,255000,AZN,3,85.0,5,9,True,False,False,Əhmədli,Bakı
6407673,285000,AZN,3,91.0,5,15,True,False,False,Həzi Aslanov,Bakı
5233133,230000,AZN,3,70.0,2,5,True,False,False,Elmlər Akademiyası,Bakı
6490976,140000,AZN,1,33.0,2,5,True,False,False,Nərimanov,Bakı
6328650,200000,AZN,2,65.0,5,9,True,False,False,Gənclik,Bakı
6403806,188000,AZN,2,45.0,4,5,True,False,False,Elmlər Akademiyası,Bakı
6490969,185000,AZN,4,110.0,1,5,True,False,False,Qaraçuxur,Bakı
6474806,169000,AZN,2,70.0,5,5,True,False,False,Badamdar,Bakı
6490973,394000,AZN,3,128.0,11,18,True,False,False,Nərimanov,Bakı
6490974,345000,AZN,3,125.0,5,18,True,False,False,Yasamal,Bakı
6440039,103000,AZN,3,49.6,2,14,True,False,False,,Xırdalan
6473845,220000,AZN,4,100.0,3,9,True,False,False,Həzi Aslanov,Bakı
6490967,89500,AZN,2,70.0,3,6,True,False,False,Masazır,Bakı
6490970,195000,AZN,2,55.0,3,17,True,False,False,İnşaatçılar,Bakı
6441732,318000,AZN,2,110.0,6,17,False,False,False,Yasamal,Bakı
6490966,210000,AZN,3,103.0,20,22,True,False,False,Yeni Yasamal,Bakı
6490964,425000,AZN,3,127.0,12,14,True,False,False,Qara Qarayev,Bakı
6418380,310000,AZN,3,90.0,7,15,True,False,False,Həzi Aslanov,Bakı
6478127,127000,AZN,2,55.0,5,5,True,False,False,Badamdar,Bakı
6480633,175000,AZN,2,60.0,14,18,True,False,False,Həzi Aslanov,Bakı
6490955,145000,AZN,3,70.0,2,5,True,False,False,Azadlıq Prospekti,Bakı
6378560,230000,AZN,3,63.0,9,9,True,False,False,Azadlıq Prospekti,Bakı
6490957,379000,AZN,3,107.0,6,13,True,False,False,8 Noyabr,Bakı
6490949,150000,AZN,3,72.0,8,9,True,False,False,Biləcəri,Bakı
6490947,262000,AZN,3,115.0,13,17,True,False,False,İnşaatçılar,Bakı
6314032,208000,AZN,3,80.0,2,9,True,False,False,Xalqlar Dostluğu,Bakı
6490945,230000,AZN,2,75.0,14,17,True,False,False,Azadlıq Prospekti,Bakı
6490944,455000,AZN,3,156.0,17,17,True,False,False,28 May,Bakı
6490943,125000,AZN,2,29.7,4,5,True,False,False,20 Yanvar,Bakı
5842561,335000,AZN,4,115.0,2,4,True,False,False,Nizami,Bakı
6490939,595000,AZN,4,220.0,11,13,True,False,False,Gənclik,Bakı
6347718,265000,AZN,3,123.0,12,13,True,False,False,Yeni Yasamal,Bakı
5922239,188000,AZN,3,80.0,9,9,True,False,False,Həzi Aslanov,Bakı
6490933,480000,AZN,3,134.0,3,18,True,False,False,Nəsimi,Bakı
6418494,165000,AZN,3,100.0,14,16,True,False,False,,Xırdalan
6465565,190000,AZN,3,75.0,3,9,True,False,False,Xalqlar Dostluğu,Bakı
6490934,128000,AZN,3,60.0,4,16,True,False,False,Abşeron,Xırdalan
6407758,205000,AZN,2,70.0,7,12,True,False,False,Yeni Yasamal,Bakı
6490931,400000,AZN,3,135.0,11,16,False,False,False,Şah İsmayıl Xətai,Bakı
6469164,575000,AZN,4,144.0,14,16,True,False,False,Nəriman Nərimanov,Bakı
6490927,169000,AZN,3,136.0,2,9,True,False,False,,Xırdalan
6490929,230000,AZN,4,105.0,3,9,True,False,False,Xalqlar Dostluğu,Bakı
6436480,355000,AZN,3,145.0,3,17,True,False,False,Həzi Aslanov,Bakı
6282305,920000,AZN,8,412.0,16,17,True,False,False,Elmlər Akademiyası,Bakı
5883735,254000,AZN,3,133.0,11,16,False,False,False,Həzi Aslanov,Bakı
6490916,127000,AZN,2,36.0,3,5,True,False,False,Həzi Aslanov,Bakı
6490917,348000,AZN,3,156.0,12,17,False,False,False,Bayıl,Bakı
6490914,195000,AZN,2,57.0,3,19,True,False,False,İnşaatçılar,Bakı
6490911,397000,AZN,3,137.0,8,17,False,False,False,Nərimanov,Bakı
6490912,335000,AZN,2,75.0,14,22,True,False,False,Ağ şəhər,Bakı
6401392,170000,AZN,2,58.0,7,9,True,False,False,Xalqlar Dostluğu,Bakı
6320419,115000,AZN,2,47.0,5,5,True,False,False,Həzi Aslanov,Bakı
6482816,188000,AZN,2,52.0,5,5,True,False,False,Yasamal,Bakı
6490907,192000,AZN,2,78.0,3,7,True,False,False,Həzi Aslanov,Bakı
6305998,590000,AZN,4,220.0,6,17,True,False,False,Elmlər Akademiyası,Bakı
6490900,155000,AZN,2,55.0,1,5,True,False,False,Azadlıq Prospekti,Bakı
6490899,137000,AZN,2,35.0,3,5,True,False,False,Elmlər Akademiyası,Bakı
6490895,339000,AZN,3,109.0,1,5,True,False,False,,Sumqayıt
6490893,440000,AZN,3,125.0,5,18,True,False,False,Nizami,Bakı
6159263,188000,AZN,2,62.0,3,13,True,False,False,Əhmədli,Bakı
5649358,290000,AZN,3,122.0,4,7,False,False,False,İnşaatçılar,Bakı
5001257,350000,AZN,3,158.0,2,16,True,False,False,Şah İsmayıl Xətai,Bakı
6488488,489000,AZN,3,125.0,8,16,True,False,False,Nizami,Bakı
6490898,235000,AZN,3,75.0,3,9,True,False,False,Gənclik,Bakı
4466675,420000,AZN,3,132.0,5,15,True,False,False,İnşaatçılar,Bakı
6490896,320000,AZN,3,102.0,12,14,True,False,False,28 May,Bakı
6490894,388000,AZN,3,132.0,5,16,True,False,False,Şah İsmayıl Xətai,Bakı
6278425,315000,AZN,3,155.0,14,17,False,False,False,Xətai,Bakı
6379002,525000,AZN,4,201.0,13,17,True,False,False,Nəsimi,Bakı
6490889,258000,AZN,3,106.0,14,17,True,False,False,Həzi Aslanov,Bakı
6376143,148000,AZN,2,34.0,2,17,True,False,False,Qara Qarayev,Bakı
6357487,387000,AZN,2,85.0,8,16,True,False,False,Şah İsmayıl Xətai,Bakı
6490884,258000,AZN,3,87.0,3,14,True,False,False,Neftçilər,Bakı
6135792,480000,AZN,3,95.0,4,20,True,False,False,Ağ şəhər,Bakı
5963267,245000,AZN,2,65.0,15,17,True,False,False,28 May,Bakı
6314879,370000,AZN,3,130.0,8,18,False,False,False,Nəsimi,Bakı
6490881,241000,AZN,5,100.0,6,9,False,False,False,Xalqlar Dostluğu,Bakı
6345663,289000,AZN,3,98.0,15,20,True,False,False,Həzi Aslanov,Bakı
6406469,285000,AZN,4,120.0,10,11,True,False,False,İnşaatçılar,Bakı
6469014,330000,AZN,3,130.0,11,16,True,False,False,20 Yanvar,Bakı
6490868,162000,AZN,3,60.0,5,5,True,False,False,Nəriman Nərimanov,Bakı
5847627,235000,AZN,3,75.0,2,5,True,False,False,Elmlər Akademiyası,Bakı
6490874,265000,AZN,3,83.0,14,16,True,False,False,Yasamal,Bakı
6446869,299000,AZN,2,98.0,15,16,False,False,False,Nərimanov,Bakı
6355119,322000,AZN,3,128.0,4,17,True,False,False,Nəsimi,Bakı
6490872,160000,AZN,2,42.5,15,15,True,False,False,Əhmədli,Bakı
5914450,250000,AZN,3,140.0,13,13,True,False,False,Əhmədli,Bakı
6490687,213200,AZN,1,41.0,2,30,True,False,False,Sea Breeze,Bakı
6471816,210000,AZN,2,68.0,14,16,True,False,False,Həzi Aslanov,Bakı
6490871,360000,AZN,3,96.0,4,4,True,False,False,28 May,Bakı
6490869,210000,AZN,2,65.0,14,16,True,False,False,Həzi Aslanov,Bakı
6490865,450000,AZN,4,202.0,7,12,True,False,False,Gənclik,Bakı
6306806,235000,AZN,3,75.0,7,9,True,False,False,Nəriman Nərimanov,Bakı
6490867,242000,AZN,3,88.0,7,19,True,False,False,Həzi Aslanov,Bakı
6489558,119000,AZN,1,56.0,1,6,True,False,False,Qara Qarayev,Bakı
6164652,468000,AZN,3,117.0,10,11,True,False,False,28 May,Bakı
6490858,258000,AZN,3,95.0,3,9,True,False,False,İnşaatçılar,Bakı
6490843,137000,AZN,2,66.0,6,16,True,False,False,,Xırdalan
6394465,285000,AZN,2,69.0,13,15,True,False,False,Nizami,Bakı
6490854,157800,AZN,2,55.0,2,5,True,False,False,Memar Əcəmi,Bakı
6490853,330000,AZN,3,96.0,14,19,True,False,False,İnşaatçılar,Bakı
6240387,512000,AZN,3,129.0,12,17,True,False,False,Koroğlu,Bakı
6490851,408000,AZN,4,153.0,5,19,True,False,False,Nəriman Nərimanov,Bakı
5838781,250000,AZN,3,130.0,11,11,True,False,False,Nəriman Nərimanov,Bakı
5827087,295000,AZN,3,112.0,9,10,True,False,False,İnşaatçılar,Bakı
6316998,345000,AZN,2,68.0,4,17,True,False,False,Elmlər Akademiyası,Bakı
6490847,173000,AZN,3,80.0,11,14,True,False,False,Suraxanı,Bakı
6128932,295000,AZN,3,91.0,2,5,True,False,False,Nərimanov,Bakı
6163539,335000,AZN,2,68.0,7,17,True,False,False,Elmlər Akademiyası,Bakı
6372371,385000,AZN,3,147.0,2,12,True,False,False,Suraxanı,Bakı
6490840,398000,AZN,3,140.0,5,18,True,False,False,Nəriman Nərimanov,Bakı
6490837,340000,AZN,2,102.0,5,19,True,False,False,Şah İsmayıl Xətai,Bakı
6490836,270000,AZN,3,87.0,12,16,True,False,False,Yasamal,Bakı
6490833,159000,AZN,2,45.0,4,5,True,False,False,Memar Əcəmi,Bakı
6490830,177000,AZN,3,68.0,4,9,True,False,False,Azadlıq Prospekti,Bakı
6403828,425000,AZN,4,186.0,3,18,False,False,False,28 May,Bakı
6479651,129000,AZN,2,40.0,8,9,True,False,False,Əhmədli,Bakı
6460826,220000,AZN,3,82.0,8,9,True,False,False,9-cu mikrorayon,Bakı
6249275,180000,AZN,3,75.0,8,9,True,False,False,Nəsimi,Bakı
6435302,119000,AZN,2,45.0,1,5,True,False,False,Nərimanov,Bakı
6324107,163000,AZN,3,60.0,3,4,True,False,False,Gənclik,Bakı
6467941,210000,AZN,2,70.0,6,9,True,False,False,Gənclik,Bakı
6478273,175000,AZN,3,68.0,6,15,True,False,False,Yeni Günəşli,Bakı
6321550,120000,AZN,2,44.0,4,4,True,False,False,28 May,Bakı
6490825,205000,AZN,3,85.0,5,9,True,False,False,Memar Əcəmi,Bakı
6264989,219000,AZN,2,70.0,15,18,True,False,False,Azadlıq Prospekti,Bakı
6443842,129000,AZN,2,52.0,2,2,True,False,False,28 May,Bakı
6490823,117800,AZN,1,41.0,4,14,False,False,False,Sea Breeze,Bakı
6490822,210000,AZN,4,80.0,5,5,True,False,False,28 May,Bakı
6490820,209999,AZN,2,68.0,14,16,True,False,False,Həzi Aslanov,Bakı
6286846,140000,AZN,4,103.0,4,5,True,False,False,Binə,Bakı
6490818,258000,AZN,3,90.0,3,9,True,False,False,İnşaatçılar,Bakı
6436077,172000,AZN,2,60.0,6,9,True,False,False,Həzi Aslanov,Bakı
6490815,422000,AZN,3,73.0,4,7,True,False,False,Ağ şəhər,Bakı
6382604,160000,AZN,1,55.0,6,9,True,False,False,Nəriman Nərimanov,Bakı
6212237,226000,AZN,3,70.0,4,9,True,False,False,Gənclik,Bakı
6358550,159000,AZN,2,65.0,4,5,True,False,False,Bakıxanov,Bakı
6450672,158000,AZN,2,65.0,4,5,True,False,False,Bakıxanov,Bakı
6490810,268000,AZN,2,64.0,5,16,True,False,False,Gənclik,Bakı
6312534,230000,AZN,3,85.0,2,9,True,False,False,Bakıxanov,Bakı
6216584,290000,AZN,3,96.0,14,18,True,False,False,Qara Qarayev,Bakı
6490811,325000,AZN,3,115.0,12,12,True,False,False,Qara Qarayev,Bakı
6389217,189000,AZN,3,85.0,3,5,True,False,False,Bakıxanov,Bakı
6375796,174000,AZN,3,145.0,5,14,False,False,False,,Sumqayıt
6036421,270000,AZN,5,120.0,3,9,True,False,False,Bakıxanov,Bakı
6187744,74000,AZN,2,46.0,11,17,True,False,False,,Xırdalan
6307365,172000,AZN,3,85.0,5,9,True,False,False,Bakıxanov,Bakı
6457954,205500,AZN,2,79.0,8,8,False,False,False,Sea Breeze,Bakı
6490804,179000,AZN,3,79.0,14,14,True,False,False,Həzi Aslanov,Bakı
6490805,240000,AZN,3,105.0,3,17,True,False,False,Həzi Aslanov,Bakı
6287584,455000,AZN,2,92.0,4,17,True,False,False,28 May,Bakı
6490803,135000,AZN,3,54.0,10,12,True,False,False,Qaraçuxur,Bakı
6102170,485000,AZN,3,133.0,4,18,False,False,False,28 May,Bakı
6469090,166000,AZN,2,50.0,2,5,True,False,False,Gənclik,Bakı
6361647,235000,AZN,3,98.0,7,17,True,False,False,Əhmədli,Bakı
6488805,180000,AZN,3,75.0,4,9,True,False,False,Memar Əcəmi,Bakı
6490794,270000,AZN,2,90.0,2,8,True,False,False,Nəsimi,Bakı
6392694,375000,AZN,3,153.0,11,17,False,False,False,Bayıl,Bakı
6490792,165000,AZN,2,54.0,5,5,True,False,False,Bakıxanov,Bakı
6464989,107000,AZN,1,35.0,5,5,True,False,False,Neftçilər,Bakı
6490789,119500,AZN,1,33.0,2,28,False,False,False,Sea Breeze,Bakı
6490786,185000,AZN,4,110.0,1,5,True,False,False,Qaraçuxur,Bakı
6405751,207000,AZN,2,62.0,5,5,True,False,False,Elmlər Akademiyası,Bakı
6405843,330000,AZN,2,93.0,4,18,True,False,False,Badamdar,Bakı
6459229,185000,AZN,3,75.0,5,5,True,False,False,İnşaatçılar,Bakı
5732047,449999,AZN,4,140.0,14,17,True,False,False,Qara Qarayev,Bakı
6469761,248999,AZN,3,85.0,6,16,True,False,False,Həzi Aslanov,Bakı
5852017,295000,AZN,4,127.0,8,16,False,False,False,Qara Qarayev,Bakı
6444139,108500,AZN,2,46.0,7,9,True,False,False,Həzi Aslanov,Bakı
6490785,638000,AZN,4,128.0,10,20,True,False,False,Şah İsmayıl Xətai,Bakı
6490779,535000,AZN,3,150.0,6,16,True,False,False,Nəsimi,Bakı
6058078,240000,AZN,2,89.0,3,15,True,False,False,Xalqlar Dostluğu,Bakı
6440966,310000,AZN,3,85.0,8,9,True,False,False,Elmlər Akademiyası,Bakı
6001597,180000,AZN,2,70.0,4,14,False,False,False,Koroğlu,Bakı
6338423,80000,AZN,2,50.0,18,18,True,False,False,Gənclik,Bakı
6335590,123000,AZN,3,56.0,8,9,True,False,False,,Xırdalan
6490774,240000,AZN,3,65.0,10,18,True,False,False,Nərimanov,Bakı
6472296,209500,AZN,3,85.0,2,5,True,False,False,İnşaatçılar,Bakı
6258976,391920,AZN,3,98.0,4,18,True,False,False,Bakmil,Bakı
6466106,184000,AZN,3,70.0,2,5,True,False,False,İnşaatçılar,Bakı
6490770,176000,AZN,2,65.0,6,9,True,False,False,Yasamal,Bakı
6099112,260000,AZN,3,78.0,3,17,True,False,False,Elmlər Akademiyası,Bakı
6490768,320000,AZN,3,104.0,6,17,True,False,False,Neftçilər,Bakı
6490769,339000,AZN,4,140.0,3,7,True,False,False,,Sumqayıt
6405889,124000,AZN,1,35.0,1,2,True,False,False,İçəri Şəhər,Bakı
6490767,341000,AZN,4,124.0,5,11,False,False,False,Nəriman Nərimanov,Bakı
6490765,63000,AZN,1,32.0,5,5,True,False,False,,Sumqayıt
6490764,395000,AZN,3,90.0,7,16,True,False,False,28 May,Bakı
6490760,555000,AZN,4,130.0,10,15,True,False,False,Nəriman Nərimanov,Bakı
4418983,315000,AZN,3,155.0,14,17,False,False,False,Həzi Aslanov,Bakı
6395437,299000,AZN,4,110.0,4,10,True,False,False,28 May,Bakı
6490757,210000,AZN,2,64.0,4,5,True,False,False,Şah İsmayıl Xətai,Bakı
6465252,310000,AZN,3,126.0,4,19,False,False,False,Həzi Aslanov,Bakı
6490755,430000,AZN,3,108.0,6,15,True,False,False,28 May,Bakı
5765681,415000,AZN,3,158.0,8,12,,False,False,Elmlər Akademiyası,Bakı
6106161,830000,AZN,4,246.0,8,14,False,False,False,Nizami,Bakı
6481016,1065000,AZN,4,176.8,7,8,False,False,False,Ağ şəhər,Bakı
6490752,559000,AZN,3,125.0,8,14,True,False,False,İçəri Şəhər,Bakı
6490751,255000,AZN,2,75.0,7,12,True,False,False,Bakıxanov,Bakı
6485215,335000,AZN,1,59.8,1,6,False,False,False,Ağ şəhər,Bakı
6490743,260000,AZN,3,118.0,8,17,True,False,False,Həzi Aslanov,Bakı
6292025,260000,AZN,2,60.0,14,18,True,False,False,Şah İsmayıl Xətai,Bakı
6490750,186000,AZN,2,53.0,4,12,True,False,False,Nizami,Bakı
6490746,575000,AZN,4,164.0,12,17,True,False,False,Binəqədi,Bakı
6490742,320000,AZN,2,70.0,4,9,True,False,False,Nərimanov,Bakı
6490741,785000,AZN,4,185.0,3,17,True,False,False,Elmlər Akademiyası,Bakı
6490738,210000,AZN,3,88.0,12,17,True,False,False,Həzi Aslanov,Bakı
6490740,236300,AZN,2,60.0,8,9,True,False,False,Elmlər Akademiyası,Bakı
6490739,178000,AZN,2,55.0,2,4,True,False,False,Sahil,Bakı
6490478,148000,AZN,3,48.0,3,5,True,False,False,Həzi Aslanov,Bakı
6257038,245000,AZN,3,103.0,5,17,False,False,False,Dərnəgül,Bakı
6490730,352000,AZN,3,136.0,5,15,True,False,False,Neftçilər,Bakı
6490686,260000,AZN,2,76.0,9,17,True,False,False,Qara Qarayev,Bakı
6173334,230000,AZN,3,110.0,16,17,True,False,False,Həzi Aslanov,Bakı
6490734,277000,AZN,3,90.0,18,19,True,False,False,Xətai,Bakı
6490729,310000,AZN,2,92.0,5,17,True,False,False,Nizami,Bakı
6314452,228000,AZN,2,75.0,7,9,True,False,False,Nərimanov,Bakı
6339149,305000,AZN,2,87.0,4,17,False,False,False,Nəriman Nərimanov,Bakı
6490732,189000,AZN,2,88.0,10,17,True,False,False,Həzi Aslanov,Bakı
6446448,500000,AZN,3,148.0,14,27,True,False,False,8 Noyabr,Bakı
6420994,205000,AZN,2,61.0,10,13,True,False,False,Memar Əcəmi,Bakı
6490725,394400,AZN,3,129.8,11,16,True,False,False,Yeni Yasamal,Bakı
6406433,198000,AZN,2,60.0,6,9,True,False,False,Elmlər Akademiyası,Bakı
6201508,133000,AZN,2,32.0,3,4,True,False,False,Nəriman Nərimanov,Bakı
6490721,598000,AZN,4,290.0,17,17,True,False,False,20 Yanvar,Bakı
6490720,470000,AZN,3,150.0,8,16,True,False,False,Nəriman Nərimanov,Bakı
6490718,126700,AZN,2,45.0,2,5,True,False,False,Memar Əcəmi,Bakı
6273359,160000,AZN,2,85.0,17,18,True,False,False,Xətai,Bakı
6490702,268000,AZN,3,125.0,3,12,True,False,False,İnşaatçılar,Bakı
6490714,185000,AZN,2,60.0,8,9,True,False,False,Binəqədi,Bakı
6472629,136900,AZN,2,66.0,4,16,True,False,False,,Xırdalan
6490712,320000,AZN,3,77.0,4,15,True,False,False,Nərimanov,Bakı
6481680,235000,AZN,2,62.0,6,10,True,False,False,Yasamal,Bakı
6490711,230180,AZN,3,75.06,10,16,True,False,False,Yeni Yasamal,Bakı
6490710,250000,AZN,2,66.2,20,21,True,False,False,Şah İsmayıl Xətai,Bakı
6478372,420000,AZN,3,165.0,7,12,True,False,False,Nəsimi,Bakı
6490708,235000,AZN,3,88.0,2,5,True,False,False,Elmlər Akademiyası,Bakı
6438456,195000,AZN,2,66.7,8,15,True,False,False,Biləcəri,Bakı
6490707,164500,AZN,2,42.0,15,16,True,False,False,Yasamal,Bakı
6435419,239000,AZN,3,80.0,2,5,True,False,False,Elmlər Akademiyası,Bakı
6391789,188000,AZN,2,62.0,3,13,True,False,False,Əhmədli,Bakı
6465516,151000,AZN,2,75.0,2,9,True,False,False,Həzi Aslanov,Bakı
5832818,223000,AZN,2,88.0,2,16,True,False,False,Həzi Aslanov,Bakı
6490698,250000,AZN,2,40.0,1,4,True,False,False,Elmlər Akademiyası,Bakı
6378485,395000,AZN,3,163.0,19,20,True,False,False,Şah İsmayıl Xətai,Bakı
6490697,123000,AZN,2,40.0,2,5,True,False,False,İnşaatçılar,Bakı
6484635,270000,AZN,3,95.0,16,18,True,False,False,Binəqədi,Bakı
6449524,242000,AZN,2,86.0,8,16,True,False,False,Əhmədli,Bakı
6455083,197000,AZN,2,55.0,5,18,True,False,False,İnşaatçılar,Bakı
6490689,300000,AZN,3,105.0,5,16,True,False,False,Qara Qarayev,Bakı
6490690,210000,AZN,2,68.0,14,15,True,False,False,Əhmədli,Bakı
6490688,275000,AZN,2,65.0,6,17,True,False,False,Elmlər Akademiyası,Bakı
6342071,330000,AZN,3,106.0,3,16,True,False,False,Qara Qarayev,Bakı
5790340,255000,AZN,3,87.0,3,16,True,False,False,Neftçilər,Bakı
6490685,210000,AZN,3,85.0,1,5,True,False,False,Bayıl,Bakı
6379751,185000,AZN,2,47.0,15,16,True,False,False,Qara Qarayev,Bakı
6490682,263738,AZN,3,89.0,10,16,True,False,False,Yeni Yasamal,Bakı
6490681,290000,AZN,2,60.0,3,5,True,False,False,Nizami,Bakı
6490683,205000,AZN,2,60.0,9,9,True,False,False,9-cu mikrorayon,Bakı
6490677,288000,AZN,3,90.0,4,13,True,False,False,Neftçilər,Bakı
5910402,208000,AZN,3,80.5,7,14,True,False,False,Həzi Aslanov,Bakı
6486562,126000,AZN,2,60.0,7,15,True,False,False,,Xırdalan
6451963,399000,AZN,2,115.0,5,21,True,True,True,Xətai,Bakı
6481286,124000,AZN,2,65.0,9,9,True,False,False,,Xırdalan
6447413,153500,AZN,3,84.0,10,11,True,False,False,Məmmədli,Bakı
6490675,390000,AZN,2,85.0,9,16,True,False,False,Şah İsmayıl Xətai,Bakı
6419185,365000,AZN,3,100.0,3,19,True,False,False,Nəriman Nərimanov,Bakı
6490667,270000,AZN,4,157.0,6,16,True,False,False,Əhmədli,Bakı
6476476,310000,AZN,3,95.0,12,20,True,False,False,İnşaatçılar,Bakı
6490666,137000,AZN,2,40.0,1,9,True,False,False,Azadlıq Prospekti,Bakı
6490662,190000,AZN,1,60.0,15,17,True,False,False,20 Yanvar,Bakı
6490660,420000,AZN,3,122.0,10,16,True,False,False,Nəriman Nərimanov,Bakı
6203706,210000,AZN,2,80.0,15,17,True,False,False,Həzi Aslanov,Bakı
6345829,250000,AZN,2,72.0,16,16,True,False,False,Koroğlu,Bakı
6447703,129000,AZN,2,65.0,9,9,True,False,False,Əhmədli,Bakı
6444126,365000,AZN,3,165.0,14,15,True,False,False,Neftçilər,Bakı
6390201,130000,AZN,2,60.0,8,9,True,False,False,Yeni Günəşli,Bakı
6428033,175000,AZN,3,74.0,3,9,True,False,False,Yeni Günəşli,Bakı
6186813,485000,AZN,3,100.0,12,15,True,False,False,Elmlər Akademiyası,Bakı
6350338,145000,AZN,2,113.0,13,15,False,False,False,Yeni Günəşli,Bakı
6300232,133500,AZN,2,48.0,15,18,True,False,False,Yeni Günəşli,Bakı
5928175,215000,AZN,2,65.0,8,9,True,False,False,İnşaatçılar,Bakı
6490656,460000,AZN,3,92.0,15,20,True,False,False,Ağ şəhər,Bakı
6479417,249000,AZN,3,83.0,6,18,True,False,False,Həzi Aslanov,Bakı
6387737,245000,AZN,2,65.0,11,14,True,False,False,Dərnəgül,Bakı
6393131,165000,AZN,1,45.0,6,9,True,False,False,Gənclik,Bakı
6490655,258000,AZN,3,106.0,14,17,True,False,False,Həzi Aslanov,Bakı
6473993,174900,AZN,2,60.0,14,18,True,False,False,Həzi Aslanov,Bakı
6394580,170000,AZN,2,50.0,18,19,True,False,False,Həzi Aslanov,Bakı
6007298,820000,AZN,4,195.0,7,17,True,False,False,28 May,Bakı
6037768,715000,AZN,4,219.0,6,6,False,False,False,Sea Breeze,Bakı
6248144,252000,AZN,2,75.0,16,16,False,False,False,Şah İsmayıl Xətai,Bakı
6466190,143000,AZN,2,55.0,4,5,True,False,False,Memar Əcəmi,Bakı
6490654,258000,AZN,4,120.0,5,5,True,False,False,Elmlər Akademiyası,Bakı
5569779,363500,AZN,2,85.5,2,5,False,False,False,Sea Breeze,Bakı
6293273,298000,AZN,3,75.0,14,17,True,False,False,Yasamal,Bakı
6011006,580000,AZN,4,175.0,6,17,True,False,False,8 Noyabr,Bakı
6049668,303000,AZN,2,102.0,3,6,False,False,False,Sea Breeze,Bakı
6388783,218900,AZN,2,88.0,12,17,True,False,False,Həzi Aslanov,Bakı
6490653,365000,AZN,3,132.0,13,17,True,False,False,Elmlər Akademiyası,Bakı
6010198,815000,AZN,3,171.0,12,18,True,False,False,Nəsimi,Bakı
6309725,140000,AZN,1,40.0,2,5,True,False,False,Nərimanov,Bakı
6490644,410000,AZN,3,90.0,3,8,True,False,False,Sahil,Bakı
6391024,240000,AZN,2,65.0,8,19,True,False,False,8-ci mikrorayon,Bakı
6449579,215000,AZN,3,92.0,5,16,True,False,False,Əhmədli,Bakı
6481539,390000,AZN,4,197.0,12,14,True,False,False,Memar Əcəmi,Bakı
6408535,176000,AZN,3,70.0,6,17,True,False,False,Yeni Günəşli,Bakı
6490641,153000,AZN,2,55.0,2,5,True,False,False,Memar Əcəmi,Bakı
6472600,175000,AZN,2,60.0,13,16,True,False,False,Həzi Aslanov,Bakı
6490640,259000,AZN,3,87.0,10,14,True,False,False,Neftçilər,Bakı
6465772,185000,AZN,2,35.0,2,5,True,False,False,28 May,Bakı
6490643,125000,AZN,1,36.0,5,5,True,False,False,Xalqlar Dostluğu,Bakı
6470340,219900,AZN,3,146.0,14,15,True,False,False,Abşeron,Xırdalan
6490637,162000,AZN,2,50.0,3,5,True,False,False,Neftçilər,Bakı
6476850,118000,AZN,2,40.0,8,9,True,False,False,Xalqlar Dostluğu,Bakı
6490635,188000,AZN,2,68.0,17,19,True,False,False,Həzi Aslanov,Bakı
6476809,165000,AZN,3,80.0,1,5,True,False,False,Neftçilər,Bakı
6293731,425000,AZN,2,92.2,8,17,False,False,False,Elmlər Akademiyası,Bakı
6490627,255000,AZN,2,63.0,3,7,True,False,False,Qara Qarayev,Bakı
6490633,175000,AZN,3,86.0,8,9,True,False,False,Neftçilər,Bakı
6490630,318000,AZN,2,86.0,5,14,False,False,False,Nəriman Nərimanov,Bakı
6490629,349000,AZN,3,126.0,5,19,True,False,False,Nəriman Nərimanov,Bakı
6490626,303000,AZN,3,110.0,5,11,False,False,False,Nəriman Nərimanov,Bakı
6490624,190000,AZN,3,116.0,9,14,False,False,False,Suraxanı,Bakı
6477625,195000,AZN,2,53.0,4,20,True,False,False,20 Yanvar,Bakı
6490623,400000,AZN,3,158.0,16,18,False,False,False,Nərimanov,Bakı
6314410,236000,AZN,3,90.0,3,5,True,False,False,Nəriman Nərimanov,Bakı
6490617,168000,AZN,2,65.0,8,9,True,False,False,Əhmədli,Bakı
6314779,170000,AZN,3,70.0,5,9,True,False,False,Nəriman Nərimanov,Bakı
6490613,128000,AZN,2,56.0,7,14,False,False,False,Suraxanı,Bakı
6261679,438000,AZN,3,147.0,9,16,False,False,False,Nizami,Bakı
6305952,205000,AZN,2,70.0,7,9,True,False,False,Gənclik,Bakı
6490614,330000,AZN,4,170.0,9,14,True,False,False,Xalqlar Dostluğu,Bakı
6440151,310000,AZN,3,95.0,7,9,True,False,False,Elmlər Akademiyası,Bakı
6295345,247000,AZN,2,65.0,4,11,False,False,False,Nizami,Bakı
6490610,75000,AZN,3,60.0,2,4,True,False,False,,Xırdalan
6490607,335000,AZN,4,110.0,16,17,True,False,False,7-ci mikrorayon,Bakı
6490604,110000,AZN,2,45.0,3,5,True,False,False,Bakıxanov,Bakı
6427839,430000,AZN,3,155.0,5,17,True,False,False,Elmlər Akademiyası,Bakı
6325125,150000,AZN,2,45.0,1,5,True,False,False,Neftçilər,Bakı
6466145,179000,AZN,2,60.0,8,9,True,False,False,Əhmədli,Bakı
6490595,170000,AZN,3,70.0,5,5,True,False,False,Xalqlar Dostluğu,Bakı
6490593,363000,AZN,3,122.0,7,17,False,False,False,Gənclik,Bakı
6490597,140000,AZN,2,40.0,5,5,True,False,False,Nizami,Bakı
6490596,70000,AZN,1,34.0,2,15,True,False,False,,Sumqayıt
6490587,268600,AZN,1,46.0,7,13,False,False,False,Sea Breeze,Bakı
6407523,260000,AZN,3,95.0,12,17,True,False,False,Bayıl,Bakı
6490591,285000,AZN,3,136.0,16,18,True,False,False,Yeni Yasamal,Bakı
6490589,138000,AZN,2,40.0,4,9,True,False,False,Həzi Aslanov,Bakı
6490585,235000,AZN,4,90.0,2,9,True,False,False,Azadlıq Prospekti,Bakı
6490586,250000,AZN,2,100.0,4,16,False,False,False,Bayıl,Bakı
6490583,435000,AZN,3,150.0,4,18,True,False,False,Elmlər Akademiyası,Bakı
6490580,140000,AZN,2,35.0,5,5,True,False,False,Nizami,Bakı
6490577,135000,AZN,2,65.0,1,9,True,False,False,Həzi Aslanov,Bakı
6407628,295000,AZN,2,90.0,4,16,True,False,False,Şah İsmayıl Xətai,Bakı
6490576,118000,AZN,2,58.0,1,7,True,False,False,Hövsan,Bakı
6490573,137000,AZN,2,42.0,5,5,True,False,False,Nəriman Nərimanov,Bakı
6451197,360000,AZN,3,98.0,13,20,True,False,False,Şah İsmayıl Xətai,Bakı
6399812,150000,AZN,2,45.0,6,9,True,False,False,Azadlıq Prospekti,Bakı
6209759,230000,AZN,2,65.0,7,9,True,False,False,8-ci mikrorayon,Bakı
6490574,232000,AZN,2,73.0,2,16,True,False,False,Gənclik,Bakı
6090390,265000,AZN,3,80.0,6,9,True,False,False,Azadlıq Prospekti,Bakı
6490571,185000,AZN,2,62.0,11,16,True,False,False,Yeni Yasamal,Bakı
6472089,200000,AZN,2,70.0,9,9,True,False,False,Gənclik,Bakı
6470423,340000,AZN,3,127.0,12,17,True,False,False,20 Yanvar,Bakı
6490569,350000,AZN,3,115.0,9,10,True,False,False,Yasamal,Bakı
6221797,239000,AZN,3,90.0,3,9,True,False,False,Nəsimi,Bakı
6285602,210000,AZN,3,83.0,10,14,True,False,False,Neftçilər,Bakı
6490568,209000,AZN,2,78.8,2,14,True,False,False,İnşaatçılar,Bakı
6489103,205000,AZN,2,55.0,14,20,True,False,False,20 Yanvar,Bakı
6261656,457000,AZN,3,145.0,10,18,True,False,False,Gənclik,Bakı
6490566,154000,AZN,2,48.0,2,9,True,False,False,Xalqlar Dostluğu,Bakı
6349563,455000,AZN,3,160.0,4,18,True,False,False,8 Noyabr,Bakı
6424431,310000,AZN,3,86.6,7,16,True,False,False,Nəriman Nərimanov,Bakı
6490564,285000,AZN,3,105.0,16,18,True,False,False,Nəriman Nərimanov,Bakı
6490565,495000,AZN,3,130.0,7,17,True,False,False,Nəriman Nərimanov,Bakı
6122525,465000,AZN,4,165.0,9,17,True,False,False,Nəriman Nərimanov,Bakı
6161989,260000,AZN,3,78.0,4,17,True,False,False,Elmlər Akademiyası,Bakı
6490563,157000,AZN,2,52.0,3,9,True,False,False,Nərimanov,Bakı
6474585,215000,AZN,2,84.0,11,14,False,False,False,Qara Qarayev,Bakı
6490558,400000,AZN,4,161.0,11,16,True,False,False,Əhmədli,Bakı
5001931,580000,AZN,4,203.0,14,17,True,False,False,Elmlər Akademiyası,Bakı
6268608,280000,AZN,3,110.0,19,21,True,False,False,8 Noyabr,Bakı
6490557,390000,AZN,3,96.0,5,16,True,False,False,Nəriman Nərimanov,Bakı
6490556,180000,AZN,3,60.0,12,18,False,False,False,Gənclik,Bakı
5904295,278000,AZN,2,63.0,10,12,True,False,False,Nizami,Bakı
6085436,258000,AZN,3,77.0,5,18,True,False,False,20 Yanvar,Bakı
6490549,229000,AZN,3,98.0,10,15,True,False,False,Həzi Aslanov,Bakı
6482084,305000,AZN,2,95.0,8,16,True,False,False,Gənclik,Bakı
6405475,165000,AZN,2,82.0,2,12,False,False,False,Xətai,Bakı
6239520,455000,AZN,4,152.0,13,17,True,False,False,Qara Qarayev,Bakı
6407174,259000,AZN,3,75.0,3,4,True,False,False,Nərimanov,Bakı
6490554,650000,AZN,3,128.0,4,7,False,False,False,Ağ şəhər,Bakı
6451705,225000,AZN,2,53.0,17,18,True,False,False,28 May,Bakı
6490553,285000,AZN,3,98.0,8,18,True,False,False,Nəriman Nərimanov,Bakı
6409184,520000,AZN,3,157.0,14,17,True,False,False,Elmlər Akademiyası,Bakı
6490548,400000,AZN,4,120.0,10,18,True,False,False,Gənclik,Bakı
6471698,95000,AZN,2,62.0,14,17,True,False,False,,Xırdalan
6355820,102000,AZN,2,46.0,6,10,True,False,False,,Xırdalan
6386610,357000,AZN,3,107.0,4,17,False,False,False,28 May,Bakı
6490551,191000,AZN,2,70.0,4,16,True,False,False,Həzi Aslanov,Bakı
6490550,270000,AZN,3,80.0,4,9,True,False,False,İçəri Şəhər,Bakı
6451757,385000,AZN,4,145.0,16,17,False,False,False,28 May,Bakı
6490546,380000,AZN,3,116.0,10,14,True,False,False,28 May,Bakı
6451636,259000,AZN,2,60.0,14,17,True,False,False,28 May,Bakı
6284017,305000,AZN,3,90.0,9,17,False,False,False,28 May,Bakı
6464440,227000,AZN,3,90.0,7,9,True,False,False,Xalqlar Dostluğu,Bakı
6474506,290000,AZN,3,70.0,6,18,True,False,False,28 May,Bakı
6490541,355000,AZN,3,142.0,3,16,False,False,False,Nərimanov,Bakı
5408775,218000,AZN,2,62.5,6,16,True,False,False,Qara Qarayev,Bakı
6305850,290000,AZN,2,62.0,12,20,True,False,False,Nəsimi,Bakı
6283975,82000,AZN,3,68.0,5,5,True,False,False,,Xırdalan
6490540,170000,AZN,2,55.0,2,5,True,False,False,Gənclik,Bakı
6401653,279000,AZN,2,62.0,3,20,True,False,False,8 Noyabr,Bakı
6451727,615000,AZN,4,200.0,6,17,True,False,False,28 May,Bakı
6416186,227000,AZN,3,110.0,3,16,True,False,False,Neftçilər,Bakı
6490537,98500,AZN,2,83.2,9,17,False,False,False,Lökbatan,Bakı
6180685,350000,AZN,2,70.0,5,14,False,False,False,Gənclik,Bakı
6490535,142000,AZN,3,60.5,13,14,False,False,False,Qaraçuxur,Bakı
6045764,255000,AZN,3,88.0,3,14,True,False,False,Neftçilər,Bakı
6185697,259000,AZN,3,87.0,10,14,True,False,False,Neftçilər,Bakı
6162930,255000,AZN,2,76.0,3,17,True,False,False,Qara Qarayev,Bakı
6458429,228000,AZN,2,71.0,9,16,True,False,False,Qara Qarayev,Bakı
6475790,129500,AZN,2,35.0,4,5,True,False,False,Qara Qarayev,Bakı
6470720,166000,AZN,1,56.0,5,10,True,False,False,Gənclik,Bakı
6309565,1080000,AZN,4,176.7,7,10,False,False,False,Ağ şəhər,Bakı
6490530,425000,AZN,3,136.0,13,15,True,False,False,8 Noyabr,Bakı
6490525,552000,AZN,3,138.0,10,17,True,False,False,Nizami,Bakı
6309094,183000,AZN,4,90.0,9,9,True,False,False,Həzi Aslanov,Bakı
6033826,264000,AZN,3,110.0,12,17,True,False,False,Həzi Aslanov,Bakı
6483341,265000,AZN,2,98.0,15,17,True,False,False,İnşaatçılar,Bakı
6309453,430000,AZN,4,180.0,12,19,True,False,False,Nəsimi,Bakı
6490523,158000,AZN,3,65.0,9,9,True,False,False,Əhmədli,Bakı
6316169,510000,AZN,4,173.0,13,15,True,False,False,Nəsimi,Bakı
6434440,345000,AZN,2,79.0,6,17,True,False,False,Şah İsmayıl Xətai,Bakı
6298282,182000,AZN,3,75.0,14,15,True,False,False,Memar Əcəmi,Bakı
6490516,395000,AZN,3,90.0,7,16,True,False,False,Nərimanov,Bakı
6336348,450000,AZN,3,141.0,7,18,True,False,False,Şah İsmayıl Xətai,Bakı
6490479,485000,AZN,3,160.0,9,10,True,False,False,8-ci mikrorayon,Bakı
6490216,245000,AZN,3,75.0,7,9,True,False,False,Memar Əcəmi,Bakı
6480370,207000,AZN,2,75.0,15,17,True,False,False,Həzi Aslanov,Bakı
6490303,300000,AZN,3,95.0,4,12,True,False,False,İnşaatçılar,Bakı
6490044,189000,AZN,3,86.0,9,9,True,False,False,Nəsimi,Bakı
6317035,230000,AZN,2,69.0,9,14,True,False,False,Badamdar,Bakı
6375205,1100000,AZN,4,120.0,9,9,True,False,False,Sahil,Bakı
4677945,420000,AZN,4,220.0,16,17,True,False,False,Nərimanov,Bakı
6490501,143000,AZN,2,60.0,5,12,True,False,False,Xalqlar Dostluğu,Bakı
6407115,340000,AZN,2,97.0,4,12,False,False,False,Bayıl,Bakı
6490498,325000,AZN,3,140.0,12,17,True,False,False,Nəsimi,Bakı
6490495,285000,AZN,3,92.0,5,12,True,False,False,Bakıxanov,Bakı
6067114,300000,AZN,3,130.0,4,5,True,False,False,Bayıl,Bakı
6468246,389000,AZN,3,102.0,12,17,True,False,False,28 May,Bakı
6138079,165000,AZN,3,84.0,12,16,True,False,False,,Xırdalan
6322124,1250000,AZN,4,200.0,17,20,True,False,False,Yasamal,Bakı
6315225,299000,AZN,3,127.0,15,18,True,False,False,Nəsimi,Bakı
4825216,900000,AZN,4,250.0,25,27,True,False,False,Şah İsmayıl Xətai,Bakı
4298832,850000,AZN,3,220.0,19,23,True,False,False,Şah İsmayıl Xətai,Bakı
6489666,94000,AZN,2,53.0,3,6,True,False,False,Masazır,Bakı
6490481,239000,AZN,2,74.0,7,25,True,False,False,Yasamal,Bakı
6490483,380000,AZN,4,209.0,5,17,False,False,False,Nərimanov,Bakı
6306450,439000,AZN,3,174.0,5,17,True,False,False,8 Noyabr,Bakı
6310386,600000,AZN,4,240.0,16,18,False,False,False,8 Noyabr,Bakı
6179767,77000,AZN,2,48.0,1,6,True,False,False,Masazır,Bakı
6310297,207000,AZN,3,90.0,9,9,True,False,False,Yasamal,Bakı
6445070,96000,AZN,3,64.0,4,5,True,False,False,Masazır,Bakı
6128327,59400,AZN,1,54.0,1,6,False,False,False,Masazır,Bakı
6311969,300000,AZN,3,150.0,8,16,False,False,False,Memar Əcəmi,Bakı
6318761,457000,AZN,3,114.0,5,14,True,False,False,Nəsimi,Bakı
6476193,184000,AZN,3,83.0,7,9,True,False,False,Bakıxanov,Bakı
6311745,664500,AZN,3,137.1,11,19,False,False,False,Nəsimi,Bakı
6403935,390000,AZN,4,128.7,5,15,False,False,False,İnşaatçılar,Bakı
6319359,520000,AZN,3,160.0,6,25,False,False,False,Nizami,Bakı
6465325,535000,AZN,3,150.0,6,14,True,False,False,Nəsimi,Bakı
6404152,205000,AZN,3,123.7,3,9,False,False,False,Avtovağzal,Bakı
6490473,155000,AZN,2,76.0,6,12,False,False,False,Qaraçuxur,Bakı
6490472,160000,AZN,3,63.0,13,13,True,False,False,Yeni Yasamal,Bakı
5896224,650000,AZN,5,700.0,17,18,False,False,False,Koroğlu,Bakı
5727117,430000,AZN,4,180.0,3,18,True,False,False,Nəsimi,Bakı
6490465,455000,AZN,3,146.0,8,11,False,False,False,Gənclik,Bakı
6490469,145000,AZN,2,45.0,1,5,True,False,False,Həzi Aslanov,Bakı
6179447,192000,AZN,2,71.0,5,22,True,False,False,İnşaatçılar,Bakı
6490458,560000,AZN,3,175.0,12,16,True,False,False,Elmlər Akademiyası,Bakı
6490459,287000,AZN,3,129.0,2,10,True,False,False,Nizami,Bakı
6490457,457000,AZN,3,120.0,7,17,True,False,False,Gənclik,Bakı
6464581,470000,AZN,3,175.0,15,17,True,False,False,Şah İsmayıl Xətai,Bakı
6059720,295000,AZN,3,127.0,10,12,False,False,False,İnşaatçılar,Bakı
6291026,245000,AZN,3,72.0,7,10,True,False,False,Dərnəgül,Bakı
5799684,438000,AZN,2,86.0,9,17,True,False,False,Elmlər Akademiyası,Bakı
6046493,480000,AZN,3,91.0,4,20,True,False,False,Şah İsmayıl Xətai,Bakı
5859380,595000,AZN,4,172.5,15,16,True,False,False,Şah İsmayıl Xətai,Bakı
6340986,575000,AZN,3,128.0,5,19,True,False,False,Ağ şəhər,Bakı
6490448,395000,AZN,3,100.0,5,17,True,False,False,Nəsimi,Bakı
6490444,330000,AZN,3,96.0,12,18,True,False,False,20 Yanvar,Bakı
4036247,345000,AZN,3,100.0,7,18,True,False,False,Şah İsmayıl Xətai,Bakı
6452092,79500,AZN,2,50.0,11,11,True,False,False,,Xırdalan
6490443,220000,AZN,4,100.0,2,5,True,False,False,Neftçilər,Bakı
6490441,158000,AZN,2,60.0,6,9,True,False,False,İnşaatçılar,Bakı
6490436,157300,AZN,2,46.0,2,5,True,False,False,Memar Əcəmi,Bakı
6490432,175000,AZN,2,58.0,7,9,True,False,False,Xalqlar Dostluğu,Bakı
6323889,165900,AZN,3,78.0,7,10,True,False,False,,Xırdalan
6479986,312000,AZN,3,135.0,6,18,True,False,False,İnşaatçılar,Bakı
6441320,135000,AZN,2,65.0,8,15,True,False,False,Abşeron,Xırdalan
6490434,153000,AZN,2,65.0,5,9,True,False,False,8-ci kilometr,Bakı
6241103,178000,AZN,2,72.0,10,12,True,False,False,İnşaatçılar,Bakı
6490433,118000,AZN,2,56.0,1,7,True,False,False,Hövsan,Bakı
6490430,530000,AZN,4,148.0,5,14,False,False,False,Səbail,Bakı
6483074,160000,AZN,2,65.0,2,9,True,False,False,Həzi Aslanov,Bakı
6473958,175000,AZN,3,85.0,5,9,True,False,False,Xətai,Bakı
6237330,150000,AZN,2,67.0,2,13,False,False,False,Həzi Aslanov,Bakı
6490423,92000,AZN,2,91.7,6,16,False,False,False,,Xırdalan
6459740,127000,AZN,2,42.0,3,5,True,False,False,Həzi Aslanov,Bakı
6490419,245000,AZN,2,70.0,14,17,True,False,False,Qara Qarayev,Bakı
6490425,175000,AZN,2,55.0,14,18,True,False,False,Həzi Aslanov,Bakı
6490424,370000,AZN,3,147.0,6,17,True,False,False,Neftçilər,Bakı
6490420,219000,AZN,2,55.0,3,18,True,False,False,Gənclik,Bakı
6386374,538000,AZN,4,148.0,4,16,True,False,False,Nəriman Nərimanov,Bakı
6485947,155000,AZN,2,65.0,6,9,True,False,False,Həzi Aslanov,Bakı
6490421,92000,AZN,2,56.2,10,11,False,False,False,Məmmədli,Bakı
6465165,184000,AZN,2,65.0,2,9,True,False,False,Həzi Aslanov,Bakı
6490416,268000,AZN,3,135.0,3,12,True,False,False,İnşaatçılar,Bakı
6428034,330000,AZN,3,117.0,7,14,True,False,False,Nərimanov,Bakı
6461123,235000,AZN,2,58.0,3,6,True,False,False,Elmlər Akademiyası,Bakı
6490413,270000,AZN,2,85.0,3,14,True,False,False,Memar Əcəmi,Bakı
6476937,148000,AZN,2,38.0,5,9,True,False,False,Azadlıq Prospekti,Bakı
6490408,225000,AZN,4,100.0,1,9,True,False,False,Həzi Aslanov,Bakı
6465972,285000,AZN,5,120.0,2,9,True,False,False,Əhmədli,Bakı
6490407,127000,AZN,2,50.0,5,9,True,False,False,Nəsimi,Bakı
6490404,230000,AZN,3,58.0,3,16,True,False,False,Gənclik,Bakı
6304113,155000,AZN,1,50.0,3,17,True,False,False,Qara Qarayev,Bakı
6443717,123000,AZN,2,56.0,8,9,True,False,False,,Xırdalan
6490405,66000,AZN,1,37.0,1,5,True,False,False,,Sumqayıt
6487502,320000,AZN,3,110.0,9,14,True,False,False,Qara Qarayev,Bakı
6461194,205000,AZN,2,63.0,7,9,True,False,False,Gənclik,Bakı
6467142,158000,AZN,2,58.0,2,5,True,False,False,Memar Əcəmi,Bakı
6478715,135000,AZN,2,45.0,8,9,True,False,False,İnşaatçılar,Bakı
6490399,150000,AZN,2,67.0,8,15,False,False,False,Həzi Aslanov,Bakı
6490401,265000,AZN,3,100.0,15,19,True,False,False,8 Noyabr,Bakı
6490396,160000,AZN,2,66.0,15,19,True,False,False,Yeni Yasamal,Bakı
6490369,350000,AZN,3,130.0,6,11,True,False,False,20 Yanvar,Bakı
6429553,900000,AZN,4,254.0,12,27,True,False,False,8 Noyabr,Bakı
6490398,319000,AZN,3,132.0,6,17,True,False,False,Əhmədli,Bakı
6482956,178000,AZN,3,65.0,2,9,True,False,False,Həzi Aslanov,Bakı
6490397,400000,AZN,3,161.0,11,17,True,False,False,Əhmədli,Bakı
6490394,237000,AZN,3,80.0,8,9,True,False,False,Həzi Aslanov,Bakı
6490395,219000,AZN,2,80.0,17,24,False,False,False,Şah İsmayıl Xətai,Bakı
6082922,168000,AZN,2,65.0,7,9,True,False,False,Azadlıq Prospekti,Bakı
6490390,379000,AZN,3,95.0,13,18,True,False,False,Şah İsmayıl Xətai,Bakı
6490389,335000,AZN,3,134.0,21,22,True,False,False,Nizami,Bakı
6490386,300000,AZN,4,110.0,6,9,True,False,False,Elmlər Akademiyası,Bakı
6350551,210000,AZN,2,70.0,4,5,True,False,False,Badamdar,Bakı
6490388,103000,AZN,3,54.0,6,9,True,False,False,,Sumqayıt
6478496,300000,AZN,3,130.0,10,16,True,False,False,Bayıl,Bakı
6490385,161500,AZN,1,37.3,2,13,True,False,False,Sea Breeze,Bakı
6109010,83500,AZN,1,67.0,2,15,False,False,False,,Sumqayıt
6490380,113500,AZN,3,85.0,8,11,True,False,False,,Xırdalan
6490383,185000,AZN,2,60.0,2,9,True,False,False,Əhmədli,Bakı
6442222,163000,AZN,4,100.0,2,9,True,False,False,Hövsan,Bakı
6490378,365000,AZN,3,130.0,13,17,True,False,False,Elmlər Akademiyası,Bakı
6490376,268000,AZN,2,90.0,16,17,True,False,False,Həzi Aslanov,Bakı
6146735,285000,AZN,3,95.0,8,16,True,False,False,Şah İsmayıl Xətai,Bakı
6468704,84000,AZN,1,30.0,2,2,True,False,False,İçəri Şəhər,Bakı
6490371,410000,AZN,3,125.0,10,16,True,False,False,Gənclik,Bakı
6399409,170000,AZN,2,80.0,7,12,True,False,False,Həzi Aslanov,Bakı
6490370,140000,AZN,3,45.0,2,5,True,False,False,Memar Əcəmi,Bakı
6406898,245000,AZN,1,65.0,12,17,True,False,False,Nizami,Bakı
6246806,155000,AZN,2,67.0,8,13,False,False,False,Həzi Aslanov,Bakı
6490364,400500,AZN,3,133.5,9,12,False,False,False,Nəsimi,Bakı
6366018,310000,AZN,3,80.0,5,5,True,False,False,Nizami,Bakı
6490362,230000,AZN,3,65.0,18,19,True,False,False,Şah İsmayıl Xətai,Bakı
6467933,189000,AZN,3,90.0,3,5,True,False,False,Bakıxanov,Bakı
6490355,748230,AZN,3,143.9,5,18,False,False,False,Gənclik,Bakı
6490352,214000,AZN,2,66.0,16,16,True,False,False,Nəriman Nərimanov,Bakı
6116588,253500,AZN,4,195.0,11,14,False,False,False,,Sumqayıt
6482717,203000,AZN,2,55.0,6,20,True,False,False,20 Yanvar,Bakı
4574119,330000,AZN,3,150.0,2,4,True,False,False,Sahil,Bakı
6490353,175000,AZN,2,42.0,4,5,True,False,False,Nəriman Nərimanov,Bakı
6367769,109500,AZN,1,33.0,1,5,True,False,False,7-ci mikrorayon,Bakı
6467889,185000,AZN,3,67.0,2,5,True,False,False,İnşaatçılar,Bakı
6490351,265000,AZN,3,90.0,2,5,True,False,False,Nəriman Nərimanov,Bakı
6472360,425000,AZN,4,180.0,12,13,False,False,False,Koroğlu,Bakı
6490349,255000,AZN,3,100.0,2,9,True,False,False,Gənclik,Bakı
6479956,185000,AZN,2,45.0,4,16,True,False,False,Nəriman Nərimanov,Bakı
6490345,249000,AZN,3,76.0,17,17,True,False,False,Azadlıq Prospekti,Bakı
6222307,103000,AZN,1,34.0,5,5,True,False,False,Neftçilər,Bakı
6400512,159000,AZN,2,48.0,6,10,True,False,False,Gənclik,Bakı
6490341,142500,AZN,2,47.0,2,5,True,False,False,Memar Əcəmi,Bakı
6478271,148000,AZN,2,60.0,2,5,True,False,False,20 Yanvar,Bakı
6490334,169000,AZN,3,90.0,4,7,True,False,False,Nizami,Bakı
6386735,105000,AZN,2,92.0,5,14,False,False,False,,Xırdalan
6478451,145000,AZN,2,67.0,6,14,True,False,False,Saray,Bakı
6093269,270000,AZN,2,70.0,14,18,True,False,False,Nərimanov,Bakı
6490332,280000,AZN,3,94.0,8,16,True,False,False,Şah İsmayıl Xətai,Bakı
6460117,190000,AZN,3,85.0,2,9,True,False,False,Əhmədli,Bakı
6406127,115000,AZN,2,51.9,9,14,False,False,False,Zığ,Bakı
6420272,120000,AZN,2,56.2,6,11,True,False,False,Məmmədli,Bakı
6406158,117000,AZN,2,55.0,3,14,False,False,False,Zığ,Bakı
6181455,285000,AZN,3,86.0,15,18,True,False,False,28 May,Bakı
6490326,264000,AZN,3,96.0,6,11,False,False,False,Nəriman Nərimanov,Bakı
5696083,115000,AZN,2,40.0,3,5,True,False,False,Memar Əcəmi,Bakı
5688542,293000,AZN,2,85.0,3,15,True,False,False,Qara Qarayev,Bakı
6092607,437000,AZN,3,115.0,13,17,True,False,False,28 May,Bakı
6490322,699000,AZN,5,240.0,14,16,True,False,False,Nəsimi,Bakı
5831059,698000,AZN,4,222.0,11,17,True,False,False,Elmlər Akademiyası,Bakı
6180874,220000,AZN,2,65.0,11,16,True,False,False,İnşaatçılar,Bakı
6490319,300000,AZN,2,92.0,8,16,True,False,False,Xətai,Bakı
6490318,105000,AZN,3,72.0,9,9,True,False,False,,Sumqayıt
6490315,220000,AZN,4,100.0,4,5,True,False,False,Həzi Aslanov,Bakı
6490312,98500,AZN,2,70.0,3,11,True,False,False,,Xırdalan
6490311,66000,AZN,3,62.0,1,6,True,False,False,,Xırdalan
6406697,184900,AZN,5,125.0,2,5,True,False,False,Abşeron,Xırdalan
6357543,128000,AZN,2,45.0,3,9,True,False,False,Əhmədli,Bakı
6490301,300000,AZN,4,110.0,6,9,True,False,False,Elmlər Akademiyası,Bakı
4677782,1200000,AZN,5,268.0,7,22,True,False,False,Şah İsmayıl Xətai,Bakı
6490302,91000,AZN,2,52.0,3,6,True,False,False,,Xırdalan
6490300,210000,AZN,2,64.0,11,16,False,False,False,Koroğlu,Bakı
6490299,187000,AZN,2,35.0,3,3,True,False,False,Sahil,Bakı
6490297,190000,AZN,3,105.0,17,17,True,False,False,Həzi Aslanov,Bakı
6469072,285000,AZN,3,90.0,2,6,True,False,False,Nizami,Bakı
6490293,175000,AZN,3,62.0,8,9,True,False,False,Koroğlu,Bakı
6191571,135000,AZN,3,77.0,8,12,True,False,False,Hövsan,Bakı
6282477,285000,AZN,2,74.0,3,17,True,False,False,Elmlər Akademiyası,Bakı
6323293,273000,AZN,2,67.0,3,17,True,False,False,28 May,Bakı
6490292,165000,AZN,3,71.0,2,9,True,False,False,Həzi Aslanov,Bakı
6014946,185000,AZN,4,110.0,2,9,True,False,False,Yeni Günəşli,Bakı
6101153,170000,AZN,2,75.0,3,14,False,False,False,Qara Qarayev,Bakı
6490291,480000,AZN,4,160.0,11,18,True,False,False,Nərimanov,Bakı
6478819,185000,AZN,2,47.0,6,17,True,False,False,Qara Qarayev,Bakı
6081843,245000,AZN,3,70.0,4,5,True,False,False,Nizami,Bakı
6490288,133000,AZN,2,60.0,8,17,True,False,False,Memar Əcəmi,Bakı
5441185,265000,AZN,2,85.0,14,15,True,False,False,Qara Qarayev,Bakı
6490287,376000,AZN,3,146.0,11,16,True,False,False,8 Noyabr,Bakı
6451466,175000,AZN,3,115.0,2,3,False,False,False,Buzovna,Bakı
6479534,135000,AZN,3,44.0,2,5,True,False,False,Memar Əcəmi,Bakı
6444906,162000,AZN,2,40.0,4,16,True,False,False,Qara Qarayev,Bakı
6490275,450000,AZN,3,136.0,13,15,True,False,False,Nəsimi,Bakı
6162028,174000,AZN,2,48.0,4,5,True,False,False,Elmlər Akademiyası,Bakı
6264116,270000,AZN,2,70.0,13,18,True,False,False,Nərimanov,Bakı
6490271,375000,AZN,3,100.0,2,16,True,False,False,28 May,Bakı
6490269,310000,AZN,3,86.0,7,16,True,False,False,Nəriman Nərimanov,Bakı
6490268,340000,AZN,2,100.0,16,18,True,False,False,Nərimanov,Bakı
5074996,3500000,AZN,7,545.0,4,12,True,False,False,İçəri Şəhər,Bakı
6406843,128000,AZN,3,60.0,1,9,True,False,False,Yeni Günəşli,Bakı
6379613,330000,AZN,2,100.0,8,9,True,False,False,Bayıl,Bakı
6490263,136000,AZN,2,32.0,5,5,True,False,False,Yasamal,Bakı
6088221,270000,AZN,2,68.0,9,13,True,False,False,28 May,Bakı
6229462,236000,AZN,3,80.0,2,5,True,False,False,Elmlər Akademiyası,Bakı
6405305,175000,AZN,3,70.0,6,17,True,False,False,Yeni Günəşli,Bakı
6483546,258000,AZN,3,140.0,5,18,False,False,False,Əhmədli,Bakı
6407175,225000,AZN,2,69.0,3,9,True,False,False,Gənclik,Bakı
6490259,192000,AZN,2,68.0,6,9,True,False,False,Əhmədli,Bakı
6490257,290000,AZN,2,100.0,5,19,True,False,False,8 Noyabr,Bakı
6490250,255000,AZN,2,55.0,16,18,True,False,False,Nərimanov,Bakı
6490253,380000,AZN,3,156.0,4,18,True,False,False,Şah İsmayıl Xətai,Bakı
6206537,338000,AZN,2,110.0,13,14,True,False,False,Gənclik,Bakı
6490251,218000,AZN,2,68.0,4,17,True,False,False,Elmlər Akademiyası,Bakı
6490245,207000,AZN,2,70.0,5,5,True,False,False,Elmlər Akademiyası,Bakı
6368967,170000,AZN,2,45.0,3,5,True,False,False,Elmlər Akademiyası,Bakı
6477004,109000,AZN,1,40.0,9,9,True,False,False,Həzi Aslanov,Bakı
6490244,190000,AZN,2,60.0,9,16,True,False,False,Yasamal,Bakı
6490238,122000,AZN,2,40.0,2,5,True,False,False,Memar Əcəmi,Bakı
6490240,500000,AZN,3,115.0,14,18,True,False,False,Nərimanov,Bakı
5984167,205000,AZN,2,64.0,6,20,True,False,False,Həzi Aslanov,Bakı
6482501,247000,AZN,3,94.0,2,18,True,False,False,Nəsimi,Bakı
6490236,219000,AZN,2,75.0,14,16,False,False,False,Nəriman Nərimanov,Bakı
6399399,170000,AZN,2,85.0,6,17,True,False,False,Xətai,Bakı
6300363,97500,AZN,2,43.0,6,9,True,False,False,Hövsan,Bakı
6490235,157000,AZN,2,51.3,4,14,True,False,False,Xalqlar Dostluğu,Bakı
6490233,320000,AZN,3,126.0,2,16,True,False,False,Nəriman Nərimanov,Bakı
6285336,184000,AZN,2,68.0,10,13,True,False,False,Həzi Aslanov,Bakı
6398756,230000,AZN,4,100.0,2,9,True,False,False,Əhmədli,Bakı
6213273,205000,AZN,3,85.0,3,5,True,False,False,Həzi Aslanov,Bakı
6419912,180000,AZN,3,85.0,1,9,True,False,False,Həzi Aslanov,Bakı
6490224,275000,AZN,3,80.0,4,9,True,False,False,İçəri Şəhər,Bakı
6469664,290000,AZN,2,85.0,3,16,True,False,False,Nizami,Bakı
6490222,288000,AZN,3,110.0,7,17,True,False,False,Nəsimi,Bakı
6373290,890000,AZN,4,240.0,13,14,True,False,False,İçəri Şəhər,Bakı
6486609,240000,AZN,3,97.0,3,17,False,False,False,Azadlıq Prospekti,Bakı
6398790,276000,AZN,3,88.0,3,17,True,False,False,Həzi Aslanov,Bakı
6376673,179000,AZN,2,60.0,8,9,True,False,False,Əhmədli,Bakı
6311532,189000,AZN,2,71.0,12,13,False,False,False,Qara Qarayev,Bakı
6366704,215000,AZN,3,85.0,4,9,True,False,False,Nəsimi,Bakı
6323861,635000,AZN,4,255.0,17,22,False,False,False,28 May,Bakı
6490218,109000,AZN,2,36.0,8,9,True,False,False,Qaraçuxur,Bakı
6398817,240000,AZN,3,82.0,14,17,True,False,False,Həzi Aslanov,Bakı
6458101,225000,AZN,3,81.0,9,10,True,False,False,Xalqlar Dostluğu,Bakı
6307789,172000,AZN,3,75.0,5,9,True,False,False,Bakıxanov,Bakı
6490213,240000,AZN,4,100.0,4,9,True,False,False,Əhmədli,Bakı
6444804,123000,AZN,2,62.0,6,13,True,False,False,,Xırdalan
6490211,275000,AZN,3,125.0,4,12,True,False,False,İnşaatçılar,Bakı
6445095,184000,AZN,2,50.0,15,20,True,False,False,20 Yanvar,Bakı
6445358,188000,AZN,2,50.0,12,20,True,False,False,20 Yanvar,Bakı
6164501,275000,AZN,2,90.0,9,16,True,False,False,Nəriman Nərimanov,Bakı
5591535,305000,AZN,4,150.0,3,17,False,False,False,Azadlıq Prospekti,Bakı
6490201,280000,AZN,2,80.0,15,16,True,False,False,Gənclik,Bakı
6490198,165000,AZN,2,62.0,18,18,True,False,False,Həzi Aslanov,Bakı
5329184,285000,AZN,3,82.0,7,16,True,False,False,Nəriman Nərimanov,Bakı
6375963,225000,AZN,3,80.0,8,9,True,False,False,Əhmədli,Bakı
6413328,150000,AZN,2,62.0,2,19,True,False,False,Həzi Aslanov,Bakı
6459429,187000,AZN,3,98.0,4,7,True,False,False,Xətai,Bakı
6465493,155000,AZN,2,55.0,4,16,True,False,False,Həzi Aslanov,Bakı
6402576,450000,AZN,4,138.0,14,17,True,False,False,Qara Qarayev,Bakı
6435223,345000,AZN,3,108.0,14,17,True,False,False,Qara Qarayev,Bakı
6490196,255000,AZN,3,132.5,11,16,False,False,False,Xətai,Bakı
6459726,278000,AZN,3,125.0,9,17,True,False,False,Həzi Aslanov,Bakı
6460812,355000,AZN,3,146.0,6,18,True,False,False,Xətai,Bakı
5782457,138000,AZN,3,65.0,2,5,True,False,False,Biləcəri,Bakı
6473918,175000,AZN,2,55.0,14,17,True,False,False,Həzi Aslanov,Bakı
6469680,198000,AZN,2,65.0,14,17,True,False,False,Həzi Aslanov,Bakı
6490195,269000,AZN,2,63.0,6,7,True,False,False,Nəsimi,Bakı
6467748,310000,AZN,3,90.0,7,14,True,False,False,Həzi Aslanov,Bakı
6467588,229000,AZN,3,105.0,16,18,True,False,False,Həzi Aslanov,Bakı
6481889,171000,AZN,2,53.0,18,19,True,False,False,Xətai,Bakı
6490192,255000,AZN,3,127.0,16,17,True,False,False,Memar Əcəmi,Bakı
6483088,165000,AZN,2,68.0,15,19,True,False,False,Həzi Aslanov,Bakı
6473484,175000,AZN,2,60.0,14,18,True,False,False,Həzi Aslanov,Bakı
6265106,155000,AZN,2,44.0,5,13,True,False,False,Həzi Aslanov,Bakı
6483104,242000,AZN,3,88.0,6,19,True,False,False,Xətai,Bakı
6459687,249000,AZN,2,53.0,9,17,True,False,False,Nəriman Nərimanov,Bakı
6474220,290000,AZN,3,110.0,7,20,True,False,False,Xətai,Bakı
6468781,185000,AZN,2,65.0,14,17,True,False,False,Həzi Aslanov,Bakı
6490191,235000,AZN,2,80.0,16,17,True,False,False,Azadlıq Prospekti,Bakı
6459414,253000,AZN,3,106.0,10,19,True,False,False,Nizami,Bakı
6467648,179000,AZN,2,53.0,3,16,True,False,False,Həzi Aslanov,Bakı
6397913,699000,AZN,3,160.0,6,8,True,False,False,Xətai,Bakı
6483223,240000,AZN,2,89.0,3,12,True,False,False,Əhmədli,Bakı
6429396,99000,AZN,2,49.0,2,9,True,False,False,,Xırdalan
6368018,367000,AZN,4,132.0,5,16,False,False,False,28 May,Bakı
6483241,289000,AZN,3,95.0,15,20,True,False,False,Həzi Aslanov,Bakı
6483245,184000,AZN,2,69.0,10,14,True,False,False,Həzi Aslanov,Bakı
6472870,210000,AZN,2,68.0,14,15,True,False,False,Həzi Aslanov,Bakı
6490187,160000,AZN,2,60.0,2,9,True,False,False,Əhmədli,Bakı
6481853,175000,AZN,2,53.0,12,19,True,False,False,Xətai,Bakı
6404061,459000,AZN,3,117.0,8,16,True,False,False,Gənclik,Bakı
6481834,175000,AZN,3,53.0,15,19,True,False,False,Xətai,Bakı
6414629,142000,AZN,3,70.0,5,5,True,False,False,Həzi Aslanov,Bakı
6483469,190000,AZN,2,67.0,15,18,True,False,False,Əhmədli,Bakı
6404213,605000,AZN,4,240.0,5,18,True,False,False,Gənclik,Bakı
6485414,218000,AZN,2,63.0,6,16,True,False,False,Qara Qarayev,Bakı
6490180,294000,AZN,3,112.0,8,17,False,False,False,Azadlıq Prospekti,Bakı
6311289,239900,AZN,3,110.0,11,17,True,False,False,Həzi Aslanov,Bakı
6485424,260000,AZN,2,76.0,9,17,True,False,False,Qara Qarayev,Bakı
6038183,293000,AZN,3,112.8,11,14,False,False,False,Azadlıq Prospekti,Bakı
6382577,142000,AZN,3,75.0,2,5,True,False,False,Mərdəkan,Bakı
6468119,635000,AZN,4,160.0,8,17,True,False,False,Elmlər Akademiyası,Bakı
6478812,239000,AZN,2,95.0,14,20,True,False,False,Xətai,Bakı
6490177,219000,AZN,3,85.0,6,9,True,False,False,Memar Əcəmi,Bakı
6483490,188000,AZN,2,68.0,17,20,True,False,False,Həzi Aslanov,Bakı
6399640,335000,AZN,2,85.0,5,17,True,False,False,Nəsimi,Bakı
6490176,124900,AZN,2,60.0,2,5,True,False,False,Xalqlar Dostluğu,Bakı
6438890,535000,AZN,4,210.0,2,8,True,False,False,Nərimanov,Bakı
6184475,175000,AZN,3,75.0,3,5,True,False,False,Xətai,Bakı
6377529,318000,AZN,3,105.0,6,15,True,False,False,Xətai,Bakı
6187381,144000,AZN,3,80.0,1,9,True,False,False,Yeni Günəşli,Bakı
6204248,207000,AZN,4,105.0,3,9,True,False,False,Əhmədli,Bakı
5852747,105000,AZN,2,30.0,6,9,True,False,False,Əhmədli,Bakı
6201347,195000,AZN,5,120.0,9,9,True,False,False,Köhnə Günəşli,Bakı
6352272,290000,AZN,4,104.0,5,7,True,False,False,Şah İsmayıl Xətai,Bakı
6490172,360000,AZN,2,108.8,5,17,False,False,False,28 May,Bakı
6490171,195000,AZN,3,80.0,4,5,True,False,False,Xalqlar Dostluğu,Bakı
6210968,175000,AZN,3,80.0,9,9,True,False,False,Xətai,Bakı
6474355,156000,AZN,2,60.0,3,16,True,False,False,Yeni Yasamal,Bakı
6490170,776000,AZN,4,194.0,10,14,False,False,False,Nizami,Bakı
6364024,115900,AZN,2,57.0,2,10,True,False,False,Yeni Günəşli,Bakı
6473907,795000,AZN,4,171.0,12,17,True,False,False,Gənclik,Bakı
6256009,178000,AZN,3,80.0,9,9,True,False,False,Əhmədli,Bakı
6148318,530000,AZN,4,222.0,10,18,True,False,False,Elmlər Akademiyası,Bakı
6400064,160000,AZN,2,41.0,6,9,True,False,False,Gənclik,Bakı
5795419,143000,AZN,2,55.0,3,5,True,False,False,Memar Əcəmi,Bakı
6406825,123000,AZN,2,51.0,19,19,True,False,False,Xalqlar Dostluğu,Bakı
6436808,139000,AZN,2,65.0,8,9,True,False,False,Həzi Aslanov,Bakı
6168607,320000,AZN,2,72.1,5,7,True,False,False,Sea Breeze,Bakı
6404113,670000,AZN,4,198.0,2,12,True,False,False,Gənclik,Bakı
6472428,158000,AZN,2,65.0,9,18,True,False,False,İnşaatçılar,Bakı
6387376,93500,AZN,2,57.0,11,11,True,False,False,Masazır,Bakı
6404161,670000,AZN,4,215.0,9,17,True,False,False,Nizami,Bakı
6490162,248000,AZN,2,61.5,10,20,True,False,False,8 Noyabr,Bakı
5548722,660000,AZN,3,148.4,6,8,False,False,False,Ağ şəhər,Bakı
6346507,460000,AZN,3,95.0,15,20,True,False,False,Ağ şəhər,Bakı
6432807,178000,AZN,3,76.0,2,11,True,False,False,Yeni Günəşli,Bakı
6444202,79500,AZN,2,53.0,4,6,True,False,False,Masazır,Bakı
6490155,420000,AZN,3,120.0,12,17,True,False,False,Gənclik,Bakı
6490154,300000,AZN,3,138.0,3,18,False,False,False,8 Noyabr,Bakı
6490156,179000,AZN,2,65.0,8,17,True,False,False,Nəsimi,Bakı
6387070,105000,AZN,3,67.0,5,7,True,False,False,Masazır,Bakı
6269569,77500,AZN,2,51.0,1,6,True,False,False,Masazır,Bakı
6382206,85000,AZN,2,51.0,3,6,True,False,False,Masazır,Bakı
6490151,174000,AZN,3,65.0,3,5,True,False,False,Memar Əcəmi,Bakı
6478257,229900,AZN,2,85.3,9,15,False,False,False,Qara Qarayev,Bakı
6434185,275000,AZN,3,120.0,10,17,True,False,False,Həzi Aslanov,Bakı
6490150,215000,AZN,2,54.0,3,16,True,False,False,Nərimanov,Bakı
6334975,160000,AZN,3,60.0,4,6,True,False,False,Həzi Aslanov,Bakı
6489053,135000,AZN,2,48.0,4,9,True,False,False,İnşaatçılar,Bakı
5330355,265000,AZN,3,148.0,16,17,False,False,False,Həzi Aslanov,Bakı
6485754,136000,AZN,2,50.0,9,17,True,False,False,Yeni Günəşli,Bakı
6490149,179000,AZN,3,85.0,2,6,False,False,False,Elmlər Akademiyası,Bakı
6490147,355000,AZN,3,108.0,8,18,True,False,False,Badamdar,Bakı
6490146,173000,AZN,2,44.0,7,11,True,False,False,Gənclik,Bakı
6215193,259000,AZN,2,71.5,15,16,True,False,False,Koroğlu,Bakı
6322778,134000,AZN,2,65.0,5,5,True,False,False,Həzi Aslanov,Bakı
6490138,185000,AZN,2,44.0,4,17,True,False,False,Gənclik,Bakı
6429354,255000,AZN,2,55.0,1,2,True,False,False,İçəri Şəhər,Bakı
6243484,225000,AZN,3,80.0,4,9,True,False,False,Həzi Aslanov,Bakı
6490130,350000,AZN,2,95.0,16,20,True,False,False,Nərimanov,Bakı
6449641,300000,AZN,3,80.0,5,5,True,False,False,Nizami,Bakı
6463960,165000,AZN,2,65.0,8,9,True,False,False,Əhmədli,Bakı
6464010,235000,AZN,2,70.0,18,19,True,False,False,Qara Qarayev,Bakı
6345311,342000,AZN,3,150.0,11,17,True,False,False,Həzi Aslanov,Bakı
5750655,250000,AZN,3,120.0,1,5,True,False,False,Həzi Aslanov,Bakı
6393153,205000,AZN,3,85.0,6,9,True,False,False,Həzi Aslanov,Bakı
6391038,233000,AZN,5,110.0,2,9,True,False,False,Həzi Aslanov,Bakı
6450515,199000,AZN,2,60.0,2,5,True,False,False,Nəsimi,Bakı
6490123,191500,AZN,2,66.0,4,9,True,False,False,Əhmədli,Bakı
6459695,188000,AZN,2,60.0,5,5,True,False,False,Yasamal,Bakı
6456057,270000,AZN,3,98.0,7,14,True,False,False,Səbail,Bakı
6473085,175000,AZN,3,75.0,8,9,True,False,False,Yeni Günəşli,Bakı
6482544,209900,AZN,2,60.0,7,9,True,False,False,Gənclik,Bakı
5979057,419500,AZN,3,101.0,14,16,False,False,False,Nəriman Nərimanov,Bakı
6353725,157000,AZN,2,67.0,2,5,True,False,False,Xətai,Bakı
6389945,145000,AZN,2,55.0,5,6,True,False,False,Həzi Aslanov,Bakı
6347233,276000,AZN,3,88.0,3,17,True,False,False,Həzi Aslanov,Bakı
6290794,340000,AZN,2,90.0,6,17,True,False,False,Nərimanov,Bakı
6371385,280000,AZN,4,130.0,2,17,True,False,False,Həzi Aslanov,Bakı
5947586,318000,AZN,3,105.0,6,15,True,False,False,Həzi Aslanov,Bakı
6421408,169000,AZN,2,59.0,14,16,True,False,False,Həzi Aslanov,Bakı
6347275,237000,AZN,3,85.0,2,16,True,False,False,Səbail,Bakı
6105522,229000,AZN,3,98.0,5,15,True,False,False,Yeni Günəşli,Bakı
6490117,145000,AZN,3,72.9,7,9,True,False,False,Suraxanı,Bakı
6380864,205000,AZN,2,65.0,7,9,True,False,False,Gənclik,Bakı
6405381,300000,AZN,3,100.0,3,10,True,False,False,Nəsimi,Bakı
6345986,475000,AZN,4,192.0,16,20,False,False,False,Nəsimi,Bakı
6347004,276000,AZN,3,88.0,3,17,True,False,False,Həzi Aslanov,Bakı
6435822,238000,AZN,2,73.0,14,14,False,False,False,Nəriman Nərimanov,Bakı
6430916,409000,AZN,3,118.0,6,17,True,False,False,Nərimanov,Bakı
6435750,455000,AZN,3,136.0,9,16,True,False,False,Nəsimi,Bakı
5620193,215000,AZN,3,120.0,13,14,True,False,False,Bakıxanov,Bakı
6476338,192000,AZN,2,67.0,4,17,True,False,False,Həzi Aslanov,Bakı
6407172,155000,AZN,2,55.0,2,9,True,False,False,Bakıxanov,Bakı
6394431,189000,AZN,3,70.0,7,9,True,False,False,Həzi Aslanov,Bakı
6076334,245000,AZN,2,77.0,2,16,True,False,False,20 Yanvar,Bakı
6490105,600000,AZN,4,260.0,18,18,True,False,False,Şah İsmayıl Xətai,Bakı
6411821,285000,AZN,3,98.0,9,18,True,False,False,28 May,Bakı
6490104,160000,AZN,2,62.0,3,9,True,False,False,Yeni Yasamal,Bakı
6003725,290000,AZN,2,75.0,14,18,True,False,False,Şah İsmayıl Xətai,Bakı
6490101,475000,AZN,4,195.0,10,17,False,False,False,Şah İsmayıl Xətai,Bakı
6237817,660000,AZN,4,174.0,5,16,True,False,False,Nəriman Nərimanov,Bakı
4850287,620000,AZN,4,112.0,3,5,True,False,False,Sahil,Bakı
6490099,265000,AZN,3,100.0,8,16,False,False,False,Qara Qarayev,Bakı
6169020,349000,AZN,2,92.0,8,18,True,False,False,Nəriman Nərimanov,Bakı
5988314,575000,AZN,4,125.0,8,16,True,False,False,Nəsimi,Bakı
6236143,156000,AZN,2,62.0,5,6,True,False,False,Həzi Aslanov,Bakı
4842535,365000,AZN,4,160.0,17,18,False,False,False,Nəsimi,Bakı
6481718,229000,AZN,2,96.0,16,17,True,False,False,Həzi Aslanov,Bakı
6401701,189000,AZN,3,65.0,7,9,True,False,False,Həzi Aslanov,Bakı
6232955,455000,AZN,3,115.0,6,16,True,False,False,Nəsimi,Bakı
6490089,185000,AZN,3,47.0,5,9,True,False,False,Elmlər Akademiyası,Bakı
6157368,139000,AZN,2,65.0,6,12,True,False,False,Bakıxanov,Bakı
6411536,428000,AZN,3,155.0,7,17,True,False,False,Elmlər Akademiyası,Bakı
6490086,395000,AZN,3,105.0,18,19,True,False,False,Nəriman Nərimanov,Bakı
6490087,285000,AZN,5,125.0,2,9,True,False,False,Əhmədli,Bakı
6490085,158000,AZN,2,60.0,2,5,True,False,False,Memar Əcəmi,Bakı
6490070,157000,AZN,2,44.0,5,5,True,False,False,İnşaatçılar,Bakı
6490051,170000,AZN,2,85.0,7,13,True,False,False,Həzi Aslanov,Bakı
6421633,275000,AZN,3,88.0,6,16,True,False,False,Həzi Aslanov,Bakı
6490083,105000,AZN,2,36.0,2,5,True,False,False,8-ci mikrorayon,Bakı
6484118,64000,AZN,2,36.0,3,16,True,False,False,,Xırdalan
6490079,158000,AZN,3,60.0,9,9,True,False,False,Əhmədli,Bakı
6362756,323000,AZN,4,170.0,4,7,False,False,False,Nərimanov,Bakı
6490077,459000,AZN,3,93.0,14,20,True,False,False,Ağ şəhər,Bakı
6431798,119472,AZN,1,33.0,28,29,True,False,False,Sea Breeze,Bakı
6490074,87000,AZN,2,42.0,2,8,True,False,False,Masazır,Bakı
6490069,207000,AZN,2,61.0,5,5,True,False,False,Elmlər Akademiyası,Bakı
6490071,343000,AZN,3,126.0,2,16,True,False,False,Badamdar,Bakı
5797463,178000,AZN,3,75.0,3,5,True,False,False,İnşaatçılar,Bakı
6221710,1320000,AZN,4,220.0,4,20,False,False,False,Ağ şəhər,Bakı
6490066,387000,AZN,2,85.0,8,16,True,False,False,Şah İsmayıl Xətai,Bakı
5717511,247000,AZN,3,75.0,4,5,True,False,False,Elmlər Akademiyası,Bakı
6490065,330000,AZN,3,93.0,14,19,True,False,False,İnşaatçılar,Bakı
6490063,325000,AZN,3,135.0,12,17,True,False,False,9-cu mikrorayon,Bakı
6399186,185000,AZN,3,60.0,3,17,True,False,False,Həzi Aslanov,Bakı
6490061,280000,AZN,4,99.0,3,9,True,False,False,Hövsan,Bakı
6490060,103200,AZN,2,68.8,15,17,False,False,False,Binəqədi,Bakı
6490055,380000,AZN,3,150.0,16,21,True,False,False,28 May,Bakı
6490057,177000,AZN,2,55.0,13,15,True,False,False,Həzi Aslanov,Bakı
6449194,270000,AZN,3,90.0,14,19,True,False,False,Şah İsmayıl Xətai,Bakı
6474221,250000,AZN,3,93.0,2,20,True,False,False,Nəsimi,Bakı
6470636,380000,AZN,3,95.0,13,16,True,False,False,Nəriman Nərimanov,Bakı
5668264,360000,AZN,3,96.0,14,18,True,False,False,Şah İsmayıl Xətai,Bakı
6490046,198000,AZN,2,55.0,4,5,True,False,False,Nərimanov,Bakı
6484274,435000,AZN,3,145.0,7,17,True,False,False,Elmlər Akademiyası,Bakı
6490040,265000,AZN,3,127.0,11,12,True,False,False,Yeni Yasamal,Bakı
6490041,540000,AZN,4,192.0,6,14,True,False,False,28 May,Bakı
6490039,205000,AZN,3,62.0,3,5,True,False,False,Neftçilər,Bakı
6376335,178000,AZN,2,55.0,9,20,True,False,False,20 Yanvar,Bakı
6464680,376300,AZN,3,156.8,13,18,False,False,False,Nərimanov,Bakı
6490033,177000,AZN,2,55.0,13,15,True,False,False,Həzi Aslanov,Bakı
6464653,379200,AZN,3,158.0,15,18,False,False,False,Nərimanov,Bakı
6464656,271000,AZN,2,113.1,5,17,False,False,False,Nərimanov,Bakı
6451401,127500,AZN,2,36.0,4,5,True,False,False,Nəsimi,Bakı
6133658,289000,AZN,2,75.0,17,21,True,False,False,Şah İsmayıl Xətai,Bakı
6490034,460000,AZN,3,148.0,9,21,True,False,False,8 Noyabr,Bakı
6461186,165000,AZN,2,61.0,15,17,True,False,False,Yeni Günəşli,Bakı
6439142,165000,AZN,3,70.0,2,15,True,False,False,Yeni Günəşli,Bakı
6490031,158000,AZN,2,55.0,2,5,True,False,False,Memar Əcəmi,Bakı
6490028,425000,AZN,3,137.0,13,16,True,False,False,Nəsimi,Bakı
6425230,233000,AZN,3,95.0,14,17,True,False,False,Memar Əcəmi,Bakı
6490027,345000,AZN,3,125.0,5,17,True,False,False,Yeni Yasamal,Bakı
6490025,165000,AZN,2,65.0,8,9,True,False,False,Əhmədli,Bakı
5966293,208000,AZN,2,51.0,10,16,True,False,False,Dərnəgül,Bakı
6121960,460000,AZN,3,122.0,4,17,True,False,False,Gənclik,Bakı
6337642,310000,AZN,3,105.0,8,16,True,False,False,Neftçilər,Bakı
6490015,450000,AZN,3,115.0,5,16,True,False,False,Nəsimi,Bakı
6490021,198000,AZN,3,62.0,2,5,True,False,False,Elmlər Akademiyası,Bakı
6403128,195000,AZN,2,65.0,6,9,True,False,False,Azadlıq Prospekti,Bakı
6373865,91000,AZN,2,62.0,6,16,True,False,False,Abşeron,Xırdalan
6395966,120000,AZN,3,68.0,2,6,True,False,False,Masazır,Bakı
5956024,166000,AZN,3,80.0,1,9,True,False,False,Əhmədli,Bakı
6490016,310000,AZN,4,240.0,13,13,True,False,False,Nəsimi,Bakı
6490014,157800,AZN,2,55.0,2,5,True,False,False,Memar Əcəmi,Bakı
6490013,225000,AZN,3,103.3,4,16,False,False,False,Həzi Aslanov,Bakı
6490012,375000,AZN,2,68.0,10,20,True,False,False,Şah İsmayıl Xətai,Bakı
6430939,165000,AZN,3,69.0,3,17,True,False,False,Yeni Günəşli,Bakı
6468762,585000,AZN,4,181.2,6,16,True,False,False,Nəriman Nərimanov,Bakı
6069827,345000,AZN,3,92.0,13,18,True,False,False,8 Noyabr,Bakı
6382648,270000,AZN,3,82.0,7,7,True,False,False,Şah İsmayıl Xətai,Bakı
6490008,206000,AZN,3,115.0,11,15,False,False,False,Avtovağzal,Bakı
6490005,164500,AZN,3,80.0,1,9,True,False,False,Köhnə Günəşli,Bakı
5386639,206000,AZN,3,96.0,7,17,True,False,False,Yeni Yasamal,Bakı
6098496,165000,AZN,2,83.0,10,16,True,False,False,Abşeron,Xırdalan
6490001,80000,AZN,2,44.0,3,5,True,False,False,Masazır,Bakı
5461356,830000,AZN,8,250.0,2,2,True,False,False,Nizami,Bakı
6438994,238000,AZN,4,110.0,6,9,True,False,False,Yeni Yasamal,Bakı
5340767,183000,AZN,2,56.0,8,18,True,False,False,Memar Əcəmi,Bakı
6315270,232000,AZN,3,132.0,7,20,False,False,False,İnşaatçılar,Bakı
6474796,397000,AZN,2,96.0,4,19,True,False,False,28 May,Bakı
6311913,360000,AZN,4,180.0,4,18,True,False,False,Memar Əcəmi,Bakı
5829390,150000,AZN,2,55.0,4,5,True,False,False,20 Yanvar,Bakı
6489994,245000,AZN,3,87.0,10,15,True,False,False,Azadlıq Prospekti,Bakı
6489997,220000,AZN,3,90.0,10,16,True,False,False,Həzi Aslanov,Bakı
6489996,185000,AZN,2,65.0,7,9,True,False,False,9-cu mikrorayon,Bakı
6489995,274000,AZN,2,59.0,5,18,True,False,False,Nəriman Nərimanov,Bakı
6489950,228300,AZN,2,68.0,13,14,True,False,False,,Sumqayıt
6154628,192000,AZN,2,71.0,6,10,True,False,False,Həzi Aslanov,Bakı
6376906,295000,AZN,3,125.0,17,21,True,False,False,İnşaatçılar,Bakı
5703477,162000,AZN,2,57.0,6,16,True,False,False,Həzi Aslanov,Bakı
6405767,202000,AZN,2,83.0,15,15,False,False,False,Nəriman Nərimanov,Bakı
6122549,170000,AZN,2,55.0,14,20,True,False,False,Həzi Aslanov,Bakı
6466824,185000,AZN,2,65.0,7,9,True,False,False,Memar Əcəmi,Bakı
6155749,83000,AZN,2,57.0,1,6,True,False,False,Masazır,Bakı
6407034,547000,AZN,3,154.0,9,16,False,False,False,Nizami,Bakı
5442671,280000,AZN,3,110.0,19,20,True,False,False,8 Noyabr,Bakı
6486488,89500,AZN,2,42.0,3,4,True,False,False,Masazır,Bakı
5824417,144450,AZN,4,107.0,7,11,False,False,False,Məmmədli,Bakı
6405835,295000,AZN,2,90.0,4,16,True,False,False,Şah İsmayıl Xətai,Bakı
6489990,208000,AZN,3,75.0,16,18,True,False,False,Yasamal,Bakı
6489986,585000,AZN,4,181.4,6,16,True,False,False,Nəriman Nərimanov,Bakı
6471309,116000,AZN,2,36.0,5,5,True,False,False,Memar Əcəmi,Bakı
6489987,278000,AZN,5,110.0,3,5,True,False,False,Azadlıq Prospekti,Bakı
6136176,226000,AZN,5,125.0,2,9,True,False,False,Əhmədli,Bakı
6323457,105000,AZN,4,83.0,4,6,True,False,False,Masazır,Bakı
6489981,197000,AZN,4,90.0,2,9,True,False,False,Neftçilər,Bakı
6093208,280000,AZN,4,142.0,18,20,True,False,False,Yeni Yasamal,Bakı
6489978,169000,AZN,3,90.0,3,5,True,False,False,Memar Əcəmi,Bakı
4887581,440000,AZN,3,127.0,16,18,True,False,False,Səbail,Bakı
4887615,665000,AZN,5,222.0,8,18,True,False,False,Səbail,Bakı
6160764,400000,AZN,3,117.0,6,15,True,False,False,28 May,Bakı
6489875,205000,AZN,2,67.0,7,17,True,False,False,Əhmədli,Bakı
4813690,605000,AZN,3,189.0,4,14,False,False,False,Nizami,Bakı
6489976,179000,AZN,2,65.0,3,10,True,False,False,Xalqlar Dostluğu,Bakı
6163462,1325000,AZN,5,265.0,16,17,False,False,False,Elmlər Akademiyası,Bakı
6086520,225000,AZN,4,85.0,6,9,True,False,False,Həzi Aslanov,Bakı
5617629,290000,AZN,3,158.0,3,6,True,False,False,Şıxov,Bakı
5853595,875000,AZN,5,203.0,3,8,False,False,False,Ağ şəhər,Bakı
6456243,205000,AZN,2,70.0,7,9,True,False,False,Gənclik,Bakı
6460893,520071,AZN,2,83.0,6,6,True,False,False,Ağ şəhər,Bakı
6402302,530000,AZN,3,155.0,17,19,True,False,False,Nizami,Bakı
6402334,500000,AZN,4,200.0,18,19,True,False,False,Nizami,Bakı
5730140,340000,AZN,3,120.0,5,14,True,False,False,28 May,Bakı
6183902,110000,AZN,3,71.0,3,6,True,False,False,Masazır,Bakı
6395218,255000,AZN,3,90.0,3,18,True,False,False,Neftçilər,Bakı
6405856,173000,AZN,2,50.0,7,11,True,False,False,28 May,Bakı
6489972,223000,AZN,2,73.0,9,18,True,False,False,Azadlıq Prospekti,Bakı
6118053,365000,AZN,3,90.0,2,17,True,False,False,İçəri Şəhər,Bakı
6311840,85000,AZN,2,62.0,12,13,True,False,False,Masazır,Bakı
6462412,208000,AZN,3,80.0,11,13,True,False,False,Neftçilər,Bakı
6197918,150000,AZN,2,46.0,12,12,True,False,False,Bakıxanov,Bakı
5968407,310000,AZN,3,108.0,11,16,True,False,False,Qara Qarayev,Bakı
5923895,177000,AZN,2,51.0,13,15,True,False,False,Həzi Aslanov,Bakı
6483527,175000,AZN,4,120.0,3,6,True,False,False,Masazır,Bakı
6459461,175000,AZN,3,65.0,4,9,True,False,False,Əhmədli,Bakı
6354316,115000,AZN,3,64.0,9,9,True,False,False,Hövsan,Bakı
6352412,215000,AZN,3,60.0,5,5,True,False,False,Gənclik,Bakı
6489966,154000,AZN,2,55.0,3,5,True,False,False,Memar Əcəmi,Bakı
6489965,268000,AZN,2,90.0,16,17,True,False,False,Xətai,Bakı
6489964,210000,AZN,3,85.0,1,5,True,False,False,Səbail,Bakı
6379053,380000,AZN,3,116.0,10,14,True,False,False,28 May,Bakı
6255467,201042,AZN,1,43.8,3,10,False,False,False,Nardaran,Bakı
6355895,157000,AZN,2,52.0,3,9,True,False,False,Nərimanov,Bakı
6477514,165000,AZN,4,110.0,7,9,True,False,False,Qaraçuxur,Bakı
6238023,156500,AZN,2,62.0,5,6,True,False,False,Xətai,Bakı
6389645,525000,AZN,4,178.0,12,17,True,False,False,Nəsimi,Bakı
6322749,342000,AZN,3,150.0,11,18,True,False,False,Həzi Aslanov,Bakı
6255499,187000,AZN,1,40.7,4,10,False,False,False,Nardaran,Bakı
6470606,89500,AZN,2,69.0,3,8,True,False,False,,Xırdalan
6476977,174700,AZN,2,60.0,14,18,True,False,False,Həzi Aslanov,Bakı
6489957,235000,AZN,2,60.0,3,6,True,False,False,Nizami,Bakı
6243391,156000,AZN,2,62.0,5,6,True,False,False,Həzi Aslanov,Bakı
6489956,185000,AZN,2,40.0,2,5,True,False,False,28 May,Bakı
3778417,760000,AZN,4,200.0,7,16,True,False,False,Nəriman Nərimanov,Bakı
6147804,305000,AZN,2,100.0,15,21,False,False,False,Nəsimi,Bakı
6489953,460000,AZN,3,161.0,13,16,True,False,False,28 May,Bakı
6489948,198000,AZN,2,62.0,5,18,True,False,False,20 Yanvar,Bakı
6317320,1200000,AZN,4,245.0,15,22,True,False,False,28 May,Bakı
5926688,490000,AZN,3,130.0,12,16,True,False,False,Nəriman Nərimanov,Bakı
6489947,130000,AZN,2,50.0,8,16,True,False,False,Massiv D,Bakı
6438481,510000,AZN,4,120.0,3,4,True,False,False,İçəri Şəhər,Bakı
6087146,349000,AZN,3,90.0,4,5,True,False,False,Nizami,Bakı
5346247,210000,AZN,5,120.0,2,9,True,False,False,Xətai,Bakı
6032887,340000,AZN,3,146.0,15,16,False,False,False,20 Yanvar,Bakı
6475202,270000,AZN,3,80.0,4,5,True,False,False,Yasamal,Bakı
6459357,610000,AZN,3,172.0,6,17,True,False,False,Elmlər Akademiyası,Bakı
6489941,1214000,AZN,4,213.0,5,8,False,False,False,Ağ şəhər,Bakı
6309945,167000,AZN,4,65.0,1,9,True,False,False,Hövsan,Bakı
6390593,182000,AZN,2,62.0,6,12,True,False,False,İnşaatçılar,Bakı
6322728,175000,AZN,3,65.0,7,9,True,False,False,Neftçilər,Bakı
6489937,170000,AZN,4,107.0,5,11,True,False,False,Məmmədli,Bakı
6489933,340000,AZN,3,94.0,7,16,True,False,False,Neftçilər,Bakı
6489932,345000,AZN,3,150.0,5,18,True,False,False,Nəsimi,Bakı
6404442,141000,AZN,1,35.0,2,5,True,False,False,Yasamal,Bakı
6402680,380000,AZN,2,75.0,6,18,True,False,False,Səbail,Bakı
6402750,585000,AZN,3,130.0,6,12,True,False,False,Nizami,Bakı
6489925,150000,AZN,2,50.0,5,20,True,False,False,Yeni Yasamal,Bakı
6489931,279000,AZN,3,140.0,16,19,True,False,False,İnşaatçılar,Bakı
6431026,290000,AZN,3,69.0,16,18,True,False,False,Bakmil,Bakı
6352017,65000,AZN,1,20.0,1,6,True,False,False,Bayıl,Bakı
6421775,139000,AZN,2,45.0,3,5,True,False,False,Memar Əcəmi,Bakı
6489924,495000,AZN,3,92.0,5,18,True,False,False,28 May,Bakı
6467349,1039600,AZN,4,226.1,12,18,False,False,False,Gənclik,Bakı
6421737,114000,AZN,2,68.0,4,9,True,False,False,Masazır,Bakı
6489922,160000,AZN,2,52.0,10,12,True,False,False,,Sumqayıt
6467370,1251000,AZN,4,272.4,12,18,False,False,False,Gənclik,Bakı
6489923,240000,AZN,2,62.0,12,16,True,False,False,Dərnəgül,Bakı
6356846,140000,AZN,3,55.0,2,5,True,False,False,Memar Əcəmi,Bakı
5946803,80500,AZN,2,57.0,5,6,True,False,False,Masazır,Bakı
6485810,295000,AZN,3,110.0,16,17,True,False,False,Səbail,Bakı
6489921,227500,AZN,3,130.0,10,12,False,False,False,Bakıxanov,Bakı
5739939,200000,AZN,2,65.0,7,9,True,False,False,Gənclik,Bakı
6252317,210000,AZN,2,66.0,14,16,True,False,False,Həzi Aslanov,Bakı
6327495,157000,AZN,2,55.0,3,9,True,False,False,Nərimanov,Bakı
6310988,59000,AZN,1,54.0,5,6,False,False,False,Masazır,Bakı
6477535,348000,AZN,3,135.0,12,14,True,False,False,Nərimanov,Bakı
6473719,175000,AZN,2,60.0,14,18,True,False,False,Həzi Aslanov,Bakı
6460943,134000,AZN,1,36.0,4,5,True,False,False,Şah İsmayıl Xətai,Bakı
6123470,470000,AZN,2,105.0,11,15,True,False,False,Nəsimi,Bakı
6489917,232000,AZN,3,132.0,8,20,False,False,False,İnşaatçılar,Bakı
6150088,150000,AZN,2,65.0,3,5,True,False,False,Memar Əcəmi,Bakı
5799767,720000,AZN,4,230.0,5,16,True,False,False,Nəsimi,Bakı
5885251,145000,AZN,2,58.0,3,5,True,False,False,Memar Əcəmi,Bakı
6489914,275000,AZN,3,80.0,4,9,True,False,False,İçəri Şəhər,Bakı
6182246,378000,AZN,4,146.0,5,19,True,False,False,Həzi Aslanov,Bakı
6145180,420000,AZN,3,170.0,8,15,True,False,False,Nəriman Nərimanov,Bakı
6317570,310000,AZN,3,158.0,4,6,True,False,False,Səbail,Bakı
6489913,165000,AZN,2,61.0,15,17,True,False,False,Massiv D,Bakı
6334493,122000,AZN,2,65.0,6,7,True,False,False,Hövsan,Bakı
6299148,180000,AZN,3,65.0,5,5,True,False,False,Neftçilər,Bakı
6299451,165000,AZN,2,75.0,3,20,True,False,False,Nizami,Bakı
6476051,245000,AZN,3,89.5,6,16,True,False,False,Yeni Yasamal,Bakı
6296375,79500,AZN,2,48.0,4,8,True,False,False,Masazır,Bakı
6489912,520000,AZN,4,191.0,9,16,True,False,False,Elmlər Akademiyası,Bakı
6486532,130000,AZN,2,65.0,4,4,True,False,False,,Sumqayıt
6091284,280312,AZN,2,90.5,6,14,False,False,False,Nardaran,Bakı
6414082,177000,AZN,2,55.0,13,15,True,False,False,Həzi Aslanov,Bakı
6433364,235000,AZN,3,90.0,7,14,True,False,False,Neftçilər,Bakı
6453021,230000,AZN,3,90.0,12,16,True,False,False,Neftçilər,Bakı
6365859,215000,AZN,2,63.7,11,16,True,False,False,Xətai,Bakı
6433616,143000,AZN,2,40.0,3,16,True,False,False,Qara Qarayev,Bakı
6489903,190000,AZN,2,74.5,8,16,True,False,False,Həzi Aslanov,Bakı
6489905,190000,AZN,3,72.0,13,17,True,False,False,Həzi Aslanov,Bakı
6433863,158000,AZN,2,50.0,1,5,True,False,False,Qara Qarayev,Bakı
6489904,135000,AZN,3,62.0,8,9,True,False,False,Yeni Günəşli,Bakı
6453051,225000,AZN,2,70.0,15,16,True,False,False,Neftçilər,Bakı
6215049,490000,AZN,6,270.0,19,20,True,False,False,8 Noyabr,Bakı
6476544,368000,AZN,4,132.0,5,15,False,False,False,28 May,Bakı
6347540,132000,AZN,2,35.0,1,5,True,False,False,Neftçilər,Bakı
6489900,234000,AZN,1,54.4,4,16,False,False,False,Nizami,Bakı
6489897,1530000,AZN,4,198.0,9,13,True,False,False,Nəsimi,Bakı
6423669,250000,AZN,3,100.0,7,11,True,False,False,Neftçilər,Bakı
6472417,190000,AZN,3,90.0,8,14,True,False,False,Xətai,Bakı
5848902,335000,AZN,4,156.0,16,17,False,False,False,Badamdar,Bakı
6091372,856600,AZN,3,229.0,10,14,False,False,False,Nardaran,Bakı
6471337,115000,AZN,1,32.0,5,5,True,False,False,Nəsimi,Bakı
6091409,196900,AZN,1,58.9,8,14,False,False,False,Nardaran,Bakı
6385790,458000,AZN,3,130.0,12,16,True,False,False,Şah İsmayıl Xətai,Bakı
6091254,197520,AZN,1,58.2,10,14,False,False,False,Nardaran,Bakı
6091810,209305,AZN,1,63.5,6,14,False,False,False,Nardaran,Bakı
6091770,140280,AZN,1,43.0,13,14,False,False,False,Nardaran,Bakı
6091786,239955,AZN,2,73.9,4,14,False,False,False,Nardaran,Bakı
6248327,240000,AZN,2,100.0,4,16,True,False,False,Nəsimi,Bakı
6255412,499000,AZN,3,132.5,6,14,False,False,False,Nardaran,Bakı
6479131,210000,AZN,3,75.0,17,20,True,False,False,Memar Əcəmi,Bakı
6091419,139300,AZN,1,43.0,12,14,False,False,False,Nardaran,Bakı
6453571,365000,AZN,3,133.0,13,15,True,False,False,Nəsimi,Bakı
6450796,355000,AZN,3,115.0,4,14,True,False,False,8-ci mikrorayon,Bakı
6489893,244000,AZN,3,137.0,13,13,True,False,False,Yeni Günəşli,Bakı
6193923,124000,AZN,2,45.0,3,5,True,False,False,Həzi Aslanov,Bakı
6233820,200000,AZN,2,54.0,3,18,True,False,False,Nərimanov,Bakı
6322077,177000,AZN,2,62.0,5,16,True,False,False,Memar Əcəmi,Bakı
6412056,310000,AZN,4,110.0,16,18,True,False,False,Dərnəgül,Bakı
6433265,273000,AZN,2,60.0,4,17,True,False,False,Nəriman Nərimanov,Bakı
6489887,225000,AZN,3,75.0,2,5,True,False,False,Nərimanov,Bakı
6405766,250000,AZN,3,112.0,14,19,,False,False,Bakıxanov,Bakı
6425776,249000,AZN,2,54.0,9,16,True,False,False,Nəriman Nərimanov,Bakı
6489888,340000,AZN,4,130.0,19,20,True,False,False,Xalqlar Dostluğu,Bakı
6374519,95900,AZN,2,35.0,1,3,True,False,False,Sahil,Bakı
6480909,255000,AZN,2,49.0,8,20,True,False,False,Nəsimi,Bakı
6480969,355000,AZN,3,108.0,8,18,True,False,False,Badamdar,Bakı
6454613,225000,AZN,3,90.0,8,9,True,False,False,Nəsimi,Bakı
6281819,273000,AZN,2,113.1,10,16,False,False,False,Nərimanov,Bakı
6454657,245000,AZN,3,90.0,7,9,True,False,False,Nəsimi,Bakı
6489885,160000,AZN,2,74.6,2,20,True,False,False,Əhmədli,Bakı
6487693,485000,AZN,3,130.0,8,17,True,False,False,28 May,Bakı
6489882,160000,AZN,2,65.0,3,9,True,False,False,Yeni Yasamal,Bakı
6489883,295000,AZN,4,110.0,18,19,True,False,False,Badamdar,Bakı
6487496,695000,AZN,4,178.0,5,16,True,False,False,Nəriman Nərimanov,Bakı
6489878,212000,AZN,3,80.0,7,9,True,False,False,Xalqlar Dostluğu,Bakı
6130738,276000,AZN,3,135.0,5,12,True,False,False,Həzi Aslanov,Bakı
6430181,149900,AZN,1,42.0,3,4,True,False,False,28 May,Bakı
6469459,165000,AZN,1,62.0,18,18,True,False,False,Xətai,Bakı
6489876,239000,AZN,4,94.0,4,9,True,False,False,Əhmədli,Bakı
6402578,229500,AZN,3,178.0,7,15,True,False,False,Bakıxanov,Bakı
6489871,205000,AZN,2,67.0,7,17,True,False,False,Həzi Aslanov,Bakı
6475076,649000,AZN,4,190.0,16,18,False,False,False,28 May,Bakı
6465246,80000,AZN,2,50.0,18,18,True,False,False,Binəqədi,Bakı
6489869,420000,AZN,4,202.0,10,16,True,False,False,Nizami,Bakı
6478453,174500,AZN,2,60.0,4,4,True,False,False,Şah İsmayıl Xətai,Bakı
6489870,429000,AZN,3,151.0,16,18,True,False,False,Badamdar,Bakı
6446929,745000,AZN,4,196.1,6,17,False,False,False,Nəsimi,Bakı
6489868,380000,AZN,3,138.0,13,17,True,False,False,Nəsimi,Bakı
6460720,480000,AZN,3,95.0,5,20,True,False,False,Şah İsmayıl Xətai,Bakı
6460672,480000,AZN,3,146.0,9,17,False,False,False,28 May,Bakı
6469161,340000,AZN,3,120.0,9,15,True,False,False,İnşaatçılar,Bakı
5734677,285000,AZN,1,45.0,6,6,True,False,False,Ağ şəhər,Bakı
6489865,161000,AZN,1,61.0,13,14,True,False,False,Dərnəgül,Bakı
6489862,345000,AZN,3,141.0,3,19,True,False,False,20 Yanvar,Bakı
6439338,145000,AZN,2,41.0,3,5,True,False,False,Memar Əcəmi,Bakı
6468566,565000,AZN,3,120.0,8,15,True,False,False,İçəri Şəhər,Bakı
6468649,560000,AZN,3,110.0,5,17,True,False,False,28 May,Bakı
6474321,288000,AZN,2,100.0,11,18,False,False,False,Gənclik,Bakı
6489852,155000,AZN,2,58.0,9,9,True,False,False,Memar Əcəmi,Bakı
6489851,225000,AZN,3,80.0,8,9,True,False,False,Əhmədli,Bakı
6472217,310000,AZN,3,80.0,8,16,True,False,False,28 May,Bakı
6489850,185000,AZN,2,68.0,5,5,True,False,False,Elmlər Akademiyası,Bakı
6489849,220000,AZN,3,85.0,8,16,True,False,False,Xətai,Bakı
6489848,485000,AZN,5,190.0,8,17,True,False,False,Elmlər Akademiyası,Bakı
6489845,200000,AZN,2,35.0,1,17,True,False,False,28 May,Bakı
6489846,210000,AZN,3,76.0,3,11,True,False,False,Əhmədli,Bakı
5987475,870000,AZN,4,181.0,6,17,True,False,False,Elmlər Akademiyası,Bakı
6069447,920000,AZN,4,185.0,3,17,True,False,False,Elmlər Akademiyası,Bakı
6404923,850000,AZN,6,360.0,10,11,True,False,False,Şah İsmayıl Xətai,Bakı
6489842,123000,AZN,2,61.0,3,13,True,False,False,,Sumqayıt
6489841,259000,AZN,3,107.0,15,19,True,False,False,İnşaatçılar,Bakı
6427487,99000,AZN,2,41.0,5,11,True,False,False,Abşeron,Xırdalan
6489840,309000,AZN,4,124.0,7,14,True,False,False,Əhmədli,Bakı
6058848,175000,AZN,3,60.0,8,9,True,False,False,Həzi Aslanov,Bakı
6379422,274000,AZN,3,120.0,4,18,True,False,False,Həzi Aslanov,Bakı
6369639,219000,AZN,4,85.0,2,5,True,False,False,Neftçilər,Bakı
6489837,169000,AZN,3,85.0,3,5,True,False,False,Memar Əcəmi,Bakı
6381079,162000,AZN,2,58.0,6,16,True,False,False,Həzi Aslanov,Bakı
6476620,118900,AZN,2,53.0,8,12,True,False,False,,Xırdalan
6489836,91000,AZN,2,54.0,10,11,True,False,False,Masazır,Bakı
6069722,226000,AZN,2,80.0,6,19,True,False,False,Xətai,Bakı
6476715,119000,AZN,2,64.0,4,16,True,False,False,,Xırdalan
6434027,330000,AZN,3,95.0,14,20,True,False,False,İnşaatçılar,Bakı
6273887,189000,AZN,3,90.0,4,16,True,False,False,Nəsimi,Bakı
6489834,175000,AZN,2,71.0,4,9,True,False,False,Nəsimi,Bakı
6473200,175000,AZN,2,55.0,14,17,True,False,False,Həzi Aslanov,Bakı
5998125,240000,AZN,3,100.0,2,5,True,False,False,Bakıxanov,Bakı
6287117,102000,AZN,3,55.0,3,4,True,False,False,Qaraçuxur,Bakı
6345950,195000,AZN,4,100.0,1,5,True,False,False,Nərimanov,Bakı
6330746,395000,AZN,3,118.0,5,12,False,False,False,28 May,Bakı
6240318,251000,AZN,3,85.0,5,9,True,False,False,Nərimanov,Bakı
5783735,470000,AZN,3,165.0,1,12,True,False,False,Nəriman Nərimanov,Bakı
6189951,212000,AZN,2,92.0,17,18,True,False,False,Qara Qarayev,Bakı
6489829,210000,AZN,2,65.0,14,16,True,False,False,Həzi Aslanov,Bakı
6489036,289000,AZN,2,90.0,4,17,True,False,False,Qara Qarayev,Bakı
6187056,235000,AZN,2,100.0,8,16,True,False,False,Nizami,Bakı
6176452,167000,AZN,3,70.0,1,5,True,False,False,Memar Əcəmi,Bakı
6464698,395000,AZN,3,103.0,18,19,True,False,False,Nəriman Nərimanov,Bakı
6252975,219000,AZN,3,85.0,7,9,True,False,False,Xalqlar Dostluğu,Bakı
6489825,127500,AZN,1,42.0,10,12,True,False,False,Yasamal,Bakı
4862606,62000,AZN,1,57.0,5,6,False,False,False,Masazır,Bakı
6393408,465000,AZN,3,140.0,15,16,True,False,False,Gənclik,Bakı
6405046,151000,AZN,2,52.0,12,18,True,False,False,İnşaatçılar,Bakı
6403698,225000,AZN,5,130.0,7,9,True,False,False,Yeni Yasamal,Bakı
6450128,123500,AZN,2,62.0,6,13,True,False,False,,Xırdalan
6404972,159000,AZN,2,68.0,9,16,True,False,False,Yeni Yasamal,Bakı
6440642,365000,AZN,3,101.0,3,18,True,False,False,Nəriman Nərimanov,Bakı
6322591,230000,AZN,3,115.0,19,20,True,False,False,İnşaatçılar,Bakı
6399537,272000,AZN,3,125.0,18,19,True,False,False,İnşaatçılar,Bakı
6440596,255000,AZN,2,68.0,18,19,True,False,False,Nəriman Nərimanov,Bakı
6486148,89000,AZN,2,62.0,1,6,True,False,False,Masazır,Bakı
6405653,655000,AZN,3,150.0,6,18,True,False,False,Elmlər Akademiyası,Bakı
6470331,190000,AZN,3,64.0,12,18,True,False,False,7-ci mikrorayon,Bakı
6387656,95000,AZN,3,73.0,2,5,True,False,False,Masazır,Bakı
6429734,265000,AZN,3,106.0,8,16,True,False,False,Həzi Aslanov,Bakı
6484494,245000,AZN,3,102.0,13,18,True,False,False,Memar Əcəmi,Bakı
6478623,188000,AZN,2,62.0,5,18,True,False,False,Memar Əcəmi,Bakı
6392498,355000,AZN,2,84.0,7,20,True,False,False,Elmlər Akademiyası,Bakı
6485583,154000,AZN,2,48.0,2,9,True,False,False,Xalqlar Dostluğu,Bakı
6476828,198000,AZN,3,75.0,13,17,True,False,False,Nəsimi,Bakı
6432134,288000,AZN,3,110.0,7,20,True,False,False,Həzi Aslanov,Bakı
6385040,795000,AZN,4,171.0,12,17,True,False,False,Nəsimi,Bakı
6489818,495000,AZN,4,182.0,4,17,True,False,False,Dərnəgül,Bakı
6489005,225000,AZN,4,90.0,4,16,True,False,False,20 Yanvar,Bakı
6484385,225000,AZN,2,80.0,10,16,True,False,False,7-ci mikrorayon,Bakı
6467501,230000,AZN,3,115.0,5,10,True,False,False,Xalqlar Dostluğu,Bakı
6399387,158000,AZN,3,71.0,2,5,True,False,False,Badamdar,Bakı
6489815,62000,AZN,2,32.0,1,15,True,False,False,Abşeron,Xırdalan
6486396,149000,AZN,3,85.0,4,5,True,False,False,Əhmədli,Bakı
6489813,186000,AZN,2,80.0,3,17,True,False,False,Əhmədli,Bakı
6474999,129000,AZN,3,60.0,7,15,True,False,False,,Xırdalan
6163165,305000,AZN,3,135.0,5,17,True,False,False,Memar Əcəmi,Bakı
6487419,295000,AZN,3,101.0,12,17,True,False,False,20 Yanvar,Bakı
6469414,285000,AZN,2,70.0,13,19,True,False,False,8-ci mikrorayon,Bakı
6426411,207000,AZN,4,90.0,2,5,True,False,False,Xalqlar Dostluğu,Bakı
6445828,320000,AZN,4,110.0,3,9,True,False,False,Nəriman Nərimanov,Bakı
6405644,178000,AZN,3,68.8,8,17,True,False,False,Massiv D,Bakı
5727068,309999,AZN,3,126.0,4,19,False,False,False,Həzi Aslanov,Bakı
6403967,165000,AZN,2,65.0,8,9,True,False,False,Əhmədli,Bakı
6470528,90000,AZN,2,63.0,3,8,True,False,False,,Xırdalan
6461435,77000,AZN,1,42.0,11,16,True,False,False,,Xırdalan
6489811,293000,AZN,2,80.0,10,11,True,False,False,8 Noyabr,Bakı
6489810,350000,AZN,3,125.0,7,19,True,False,False,Xalqlar Dostluğu,Bakı
6471481,108500,AZN,2,50.0,10,17,True,False,False,,Xırdalan
6480966,128000,AZN,2,45.0,3,9,True,False,False,Əhmədli,Bakı
6489806,220000,AZN,3,87.0,2,9,True,False,False,20 Yanvar,Bakı
6339484,250000,AZN,4,94.0,9,9,True,False,False,Memar Əcəmi,Bakı
6332772,141000,AZN,2,50.0,3,5,True,False,False,Neftçilər,Bakı
6354972,81500,AZN,2,50.0,7,11,True,False,False,Abşeron,Xırdalan
6361144,103000,AZN,2,70.0,8,11,True,False,False,,Xırdalan
6480891,172000,AZN,5,120.0,9,9,True,False,False,Suraxanı,Bakı
6489808,105000,AZN,2,60.0,4,4,True,False,False,Lökbatan,Bakı
6445349,254000,AZN,4,110.0,4,9,True,False,False,İnşaatçılar,Bakı
6406193,205000,AZN,3,105.0,8,11,True,False,False,Qaraçuxur,Bakı
6119689,220000,AZN,4,115.0,6,9,True,False,False,Bakıxanov,Bakı
6473427,420000,AZN,3,118.0,13,16,True,False,False,Gənclik,Bakı
6460924,237000,AZN,4,95.0,2,5,True,False,False,Bakıxanov,Bakı
6268529,679000,AZN,4,195.0,4,16,False,False,False,28 May,Bakı
6311125,82000,AZN,2,50.0,5,16,True,False,False,Abşeron,Xırdalan
6410322,170000,AZN,2,55.0,15,17,True,False,False,Xətai,Bakı
6488630,160000,AZN,2,56.0,19,20,True,False,False,Əhmədli,Bakı
6163129,235000,AZN,3,103.0,12,19,True,False,False,,Sumqayıt
6344713,82000,AZN,2,50.0,5,16,True,False,False,Avtovağzal,Bakı
6398886,227000,AZN,3,112.0,7,14,True,False,False,,Sumqayıt
6406856,70000,AZN,2,36.0,5,5,True,False,False,,Sumqayıt
6489804,218000,AZN,3,92.0,5,9,True,False,False,Nəsimi,Bakı
6326042,121000,AZN,2,50.2,9,20,True,False,False,İnşaatçılar,Bakı
6328187,210000,AZN,3,96.0,7,17,True,False,False,İnşaatçılar,Bakı
6239981,266800,AZN,3,116.0,15,15,False,False,False,Bakıxanov,Bakı
6489803,178000,AZN,2,65.0,4,9,True,False,False,Həzi Aslanov,Bakı
6489801,171000,AZN,3,85.0,3,5,True,False,False,Memar Əcəmi,Bakı
6489798,220000,AZN,3,85.0,6,9,True,False,False,Memar Əcəmi,Bakı
6486759,245000,AZN,3,80.0,16,18,True,False,False,Memar Əcəmi,Bakı
6097692,181000,AZN,2,65.0,2,9,True,False,False,Azadlıq Prospekti,Bakı
6335515,215000,AZN,2,88.0,8,12,True,False,False,İnşaatçılar,Bakı
6468928,155000,AZN,1,51.0,2,16,True,False,False,Azadlıq Prospekti,Bakı
5369579,330000,AZN,3,100.0,2,5,True,False,False,Şah İsmayıl Xətai,Bakı
6335424,78500,AZN,3,63.0,4,4,True,False,False,Abşeron,Xırdalan
6400859,227000,AZN,4,105.0,4,5,True,False,False,Həzi Aslanov,Bakı
6489796,170000,AZN,3,60.0,1,9,True,False,False,Neftçilər,Bakı
6434825,148000,AZN,2,58.0,2,5,True,False,False,Memar Əcəmi,Bakı
6405258,215000,AZN,3,75.0,7,9,True,False,False,Xalqlar Dostluğu,Bakı
6489795,265000,AZN,4,85.0,3,5,True,False,False,Yasamal,Bakı
5936000,235000,AZN,3,85.0,2,9,True,False,False,Qara Qarayev,Bakı
5831598,175000,AZN,2,60.0,1,9,True,False,False,Qara Qarayev,Bakı
6344256,224000,AZN,1,60.0,5,7,True,False,False,Sea Breeze,Bakı
6026415,110000,AZN,2,48.0,5,5,True,False,False,Memar Əcəmi,Bakı
5995041,295000,AZN,3,92.0,10,14,True,False,False,Qara Qarayev,Bakı
6482472,350000,AZN,3,160.0,4,22,True,False,False,20 Yanvar,Bakı
6489794,160000,AZN,2,75.0,2,20,True,False,False,Əhmədli,Bakı
5954644,510000,AZN,4,147.0,7,7,False,False,False,Ağ şəhər,Bakı
6489791,105000,AZN,3,105.0,2,10,False,False,False,,Sumqayıt
6214795,637000,AZN,4,150.0,8,8,False,False,False,Ağ şəhər,Bakı
6036951,720000,AZN,4,195.0,2,7,False,False,False,Ağ şəhər,Bakı
6489792,148000,AZN,1,55.0,13,17,True,False,False,Yeni Yasamal,Bakı
6489788,320000,AZN,3,97.5,3,16,False,False,False,Nəriman Nərimanov,Bakı
6489789,150000,AZN,3,80.0,2,9,True,False,False,,Xırdalan
6452457,385000,AZN,3,156.0,6,16,True,False,False,Şah İsmayıl Xətai,Bakı
6251971,171000,AZN,2,70.0,10,18,True,False,False,Nəsimi,Bakı
6036936,490000,AZN,2,95.0,2,8,True,False,False,Ağ şəhər,Bakı
6424463,640000,AZN,4,150.0,5,8,False,False,False,Ağ şəhər,Bakı
6425785,121000,AZN,2,64.0,5,5,True,False,False,Memar Əcəmi,Bakı
6378269,598000,AZN,3,136.0,3,7,False,False,False,Ağ şəhər,Bakı
6192806,600000,AZN,3,157.0,18,20,False,False,False,Ağ şəhər,Bakı
6164704,134500,AZN,2,65.0,8,16,True,False,False,,Xırdalan
6482539,289000,AZN,3,134.0,8,17,True,False,False,Nəsimi,Bakı
6334686,235000,AZN,3,75.0,2,5,True,False,False,Memar Əcəmi,Bakı
6325302,228000,AZN,3,72.0,7,14,True,False,False,İnşaatçılar,Bakı
6239655,250000,AZN,2,65.0,5,17,True,False,False,Koroğlu,Bakı
6336807,180000,AZN,2,63.0,3,18,True,False,False,İnşaatçılar,Bakı
6021477,265000,AZN,3,106.0,8,16,True,False,False,Həzi Aslanov,Bakı
6329741,157000,AZN,3,80.0,1,9,True,False,False,Əhmədli,Bakı
6474700,695000,AZN,4,152.0,9,18,True,False,False,Nəsimi,Bakı
6406161,132000,AZN,2,66.0,15,17,True,False,False,,Xırdalan
6474006,290000,AZN,2,62.0,11,18,True,False,False,Nəsimi,Bakı
6489781,205000,AZN,2,67.0,7,17,True,False,False,Əhmədli,Bakı
6489779,184000,AZN,2,65.0,4,11,True,False,False,Elmlər Akademiyası,Bakı
6022216,160000,AZN,3,65.0,1,4,True,False,False,Sahil,Bakı
6359380,3200000,AZN,8,890.0,14,15,False,False,False,Nizami,Bakı
6489775,84900,AZN,2,40.0,2,5,True,False,False,,Xırdalan
6439408,121000,AZN,2,68.0,19,20,True,False,False,Bakıxanov,Bakı
6489773,125900,AZN,2,62.0,7,16,True,False,False,,Xırdalan
6489767,96900,AZN,1,35.0,5,9,True,False,False,Yeni Günəşli,Bakı
6270462,160000,AZN,5,125.0,1,5,True,False,False,Bakıxanov,Bakı
6199121,235000,AZN,2,102.0,6,17,True,False,False,Bayıl,Bakı
6489764,181000,AZN,2,70.0,7,12,True,False,False,Biləcəri,Bakı
6447067,165000,AZN,1,62.0,18,18,True,False,False,Həzi Aslanov,Bakı
6458411,82500,AZN,2,52.7,2,7,True,False,False,Abşeron,Bakı
6386306,385000,AZN,3,100.0,12,17,True,False,False,28 May,Bakı
6235025,465000,AZN,4,171.0,5,16,False,False,False,Şah İsmayıl Xətai,Bakı
6486119,125000,AZN,2,55.0,7,9,True,False,False,,Sumqayıt
6286241,116000,AZN,2,80.0,15,16,False,False,False,Abşeron,Xırdalan
6489761,218000,AZN,2,95.0,11,14,True,False,False,,Sumqayıt
6463866,125000,AZN,2,48.0,9,9,True,False,False,İnşaatçılar,Bakı
6489759,105000,AZN,3,70.0,7,11,True,False,False,Abşeron,Xırdalan
6489755,135000,AZN,1,35.0,2,5,True,False,False,Yasamal,Bakı
6489752,400000,AZN,3,158.0,16,18,False,False,False,Nəsimi,Bakı
6489748,255000,AZN,3,90.0,11,16,True,False,False,Əhmədli,Bakı
6489747,160372,AZN,2,77.3,7,14,True,False,False,,Sumqayıt
6235692,345000,AZN,3,132.0,3,16,True,False,False,İnşaatçılar,Bakı
6489746,124000,AZN,2,65.0,16,17,True,False,False,Binəqədi,Bakı
6112716,720000,AZN,5,395.0,16,16,True,False,False,28 May,Bakı
6332182,365000,AZN,3,116.0,14,15,True,False,False,Nəsimi,Bakı
6489742,258000,AZN,3,114.0,6,17,True,False,False,Əhmədli,Bakı
6489739,160000,AZN,2,56.0,19,19,True,False,False,Əhmədli,Bakı
6489738,205000,AZN,3,90.0,6,9,True,False,False,20 Yanvar,Bakı
6489737,185000,AZN,2,72.0,3,14,True,False,False,İnşaatçılar,Bakı
6489736,195000,AZN,3,78.0,5,9,True,False,False,İnşaatçılar,Bakı
6489734,119000,AZN,1,56.0,1,6,True,False,False,Qara Qarayev,Bakı
6489733,198000,AZN,4,75.0,3,5,True,False,False,8-ci kilometr,Bakı
6489729,255000,AZN,3,65.0,1,4,True,False,False,Gənclik,Bakı
6489728,475000,AZN,4,168.0,7,16,True,False,False,Nəsimi,Bakı
6489723,500000,AZN,3,143.0,16,16,True,False,False,Neftçilər,Bakı
6489721,105000,AZN,3,67.6,1,5,True,False,False,,Sumqayıt
6489720,90000,AZN,2,65.0,3,5,True,False,False,Binə,Bakı
6489717,216000,AZN,3,73.0,5,5,True,False,False,İnşaatçılar,Bakı
6489716,139000,AZN,2,68.0,16,16,False,False,False,7-ci mikrorayon,Bakı
6489715,245000,AZN,3,74.0,7,10,True,False,False,7-ci mikrorayon,Bakı
6488020,129000,AZN,3,64.0,6,16,True,False,False,,Xırdalan
6305486,230000,AZN,3,85.0,2,9,True,False,False,Bakıxanov,Bakı
6489588,235000,AZN,5,120.0,3,9,True,False,False,Həzi Aslanov,Bakı
6056975,232000,AZN,3,132.0,8,19,False,False,False,İnşaatçılar,Bakı
6057026,410000,AZN,3,155.0,9,16,False,False,False,28 May,Bakı
6232029,170000,AZN,1,68.4,11,14,False,False,False,Qara Qarayev,Bakı
6453201,318000,AZN,2,74.0,7,14,False,False,False,28 May,Bakı
6487552,116000,AZN,2,55.0,8,14,True,False,False,,Xırdalan
6385382,190000,AZN,3,70.0,9,9,True,False,False,Memar Əcəmi,Bakı
6473315,110000,AZN,1,30.0,1,2,True,False,False,İçəri Şəhər,Bakı
6383932,60000,AZN,2,40.0,1,2,True,False,False,Bayıl,Bakı
6440552,168000,AZN,2,40.0,1,4,True,False,False,Sahil,Bakı
6469602,189000,AZN,2,70.2,12,13,False,False,False,Qara Qarayev,Bakı
6278576,469000,AZN,3,153.0,8,16,True,False,False,Gənclik,Bakı
5859229,1400000,AZN,7,285.0,8,20,True,False,False,28 May,Bakı
5190011,970000,AZN,4,200.0,6,16,True,False,False,28 May,Bakı
6332550,275000,AZN,2,91.0,8,17,True,False,False,20 Yanvar,Bakı
6078737,495000,AZN,3,113.0,7,17,True,False,False,Nizami,Bakı
5557692,575000,AZN,3,127.0,18,20,True,False,False,Şah İsmayıl Xətai,Bakı
6398200,189000,AZN,3,70.0,7,9,True,False,False,Əhmədli,Bakı
6385772,153000,AZN,2,47.5,10,17,True,False,False,20 Yanvar,Bakı
6486526,75000,AZN,2,46.3,5,8,True,False,False,,Xırdalan
6280447,335000,AZN,2,66.0,8,16,True,False,False,Nəriman Nərimanov,Bakı
6371513,455000,AZN,3,145.0,5,27,True,False,False,8 Noyabr,Bakı
6382006,285000,AZN,3,85.0,7,17,True,False,False,Gənclik,Bakı
5820426,266999,AZN,2,105.0,7,16,True,False,False,Neftçilər,Bakı
6473901,376000,AZN,3,155.0,11,16,True,False,False,Nəsimi,Bakı
6463209,179000,AZN,3,65.0,2,9,True,False,False,Xalqlar Dostluğu,Bakı
6477450,175000,AZN,2,53.0,14,18,True,False,False,Həzi Aslanov,Bakı
5984658,265000,AZN,3,113.0,12,17,True,False,False,Həzi Aslanov,Bakı
6457714,215000,AZN,2,71.0,10,17,True,False,False,Qara Qarayev,Bakı
6320587,135000,AZN,3,86.0,4,6,True,False,False,Masazır,Bakı
6319587,245000,AZN,3,101.1,4,16,False,False,False,7-ci mikrorayon,Bakı
6459938,225000,AZN,3,75.0,4,5,True,False,False,Nərimanov,Bakı
6426512,225000,AZN,3,90.0,2,9,True,False,False,Memar Əcəmi,Bakı
6434112,165000,AZN,2,70.0,3,16,True,False,False,Xalqlar Dostluğu,Bakı
6463664,220000,AZN,3,95.0,2,17,True,False,False,Yeni Yasamal,Bakı
6447483,195000,AZN,3,115.0,11,17,True,False,False,Xalqlar Dostluğu,Bakı
6460281,275000,AZN,3,130.0,9,16,True,False,False,Həzi Aslanov,Bakı
6461872,142000,AZN,2,67.0,3,11,True,False,False,Xətai,Bakı
6473779,130000,AZN,2,35.0,4,5,True,False,False,Xətai,Bakı
6416926,165000,AZN,2,66.0,7,14,False,False,False,Əhmədli,Bakı
6442888,165000,AZN,2,55.0,4,20,True,False,False,Xətai,Bakı
6197401,245000,AZN,3,77.0,15,16,True,False,False,20 Yanvar,Bakı
6377924,230000,AZN,3,118.0,8,17,True,False,False,Həzi Aslanov,Bakı
6477835,185000,AZN,4,110.0,1,5,True,False,False,Qaraçuxur,Bakı
6488166,145000,AZN,2,73.0,10,16,False,False,False,Avtovağzal,Bakı
4931059,487000,AZN,4,192.0,8,9,True,False,False,İçəri Şəhər,Bakı
6441028,212000,AZN,2,65.0,2,9,True,False,False,Azadlıq Prospekti,Bakı
6442147,305000,AZN,3,110.0,7,15,False,False,False,Nərimanov,Bakı
6489703,554000,AZN,2,80.0,10,21,True,False,False,Şah İsmayıl Xətai,Bakı
6481400,153000,AZN,2,90.0,3,10,False,False,False,Avtovağzal,Bakı
6440638,130000,AZN,2,99.0,17,17,False,False,False,Dərnəgül,Bakı
6489702,124500,AZN,2,55.0,13,14,True,False,False,,Xırdalan
6430044,598000,AZN,3,127.0,5,8,False,False,False,Ağ şəhər,Bakı
6489700,137000,AZN,2,55.0,5,5,True,False,False,Dərnəgül,Bakı
6370503,100000,AZN,2,35.0,1,4,True,False,False,İçəri Şəhər,Bakı
6371854,289000,AZN,2,91.0,5,18,True,False,False,Elmlər Akademiyası,Bakı
6441407,795000,AZN,4,180.0,3,18,True,False,False,Elmlər Akademiyası,Bakı
6489695,285000,AZN,3,125.0,9,17,True,False,False,7-ci mikrorayon,Bakı
6456476,215000,AZN,3,75.0,4,5,True,False,False,İnşaatçılar,Bakı
6468086,67500,AZN,2,50.0,6,6,False,False,False,Masazır,Bakı
6489693,27000,AZN,1,26.0,3,5,True,False,False,,Sumqayıt
6489689,280000,AZN,2,53.8,15,17,True,False,False,Nəsimi,Bakı
6427724,200000,AZN,2,100.0,10,13,False,False,False,M.Ə.Rəsulzadə,Bakı
6313958,72000,AZN,2,60.0,4,8,False,False,False,Binəqədi,Bakı
6337392,345000,AZN,3,131.0,14,17,True,False,False,20 Yanvar,Bakı
6453953,230000,AZN,3,90.0,2,9,True,False,False,Bakıxanov,Bakı
6285100,190000,AZN,4,100.0,5,9,True,False,False,Bakıxanov,Bakı
6489682,540000,AZN,4,191.8,6,14,True,False,False,28 May,Bakı
6467192,185000,AZN,3,75.0,2,5,True,False,False,İnşaatçılar,Bakı
6412940,149000,AZN,2,50.0,3,5,True,False,False,Neftçilər,Bakı
6373969,259000,AZN,3,90.0,9,18,True,False,False,Neftçilər,Bakı
6489675,280000,AZN,3,125.0,16,24,True,False,False,Memar Əcəmi,Bakı
6489668,250000,AZN,3,109.0,16,17,True,False,False,Həzi Aslanov,Bakı
6461929,313000,AZN,3,131.0,10,17,True,False,False,Nəsimi,Bakı
6477783,127000,AZN,2,52.0,5,5,True,False,False,Badamdar,Bakı
6246772,390000,AZN,3,148.0,16,17,False,False,False,28 May,Bakı
6206140,380000,AZN,3,130.0,3,16,True,False,False,Nəsimi,Bakı
6475088,405000,AZN,2,86.0,3,17,True,False,False,Elmlər Akademiyası,Bakı
6489664,135500,AZN,2,42.0,1,5,True,False,False,Memar Əcəmi,Bakı
6368157,330000,AZN,3,102.0,8,17,True,False,False,Elmlər Akademiyası,Bakı
6489663,146000,AZN,2,50.0,4,5,True,False,False,İnşaatçılar,Bakı
6489660,275000,AZN,3,87.0,6,17,True,False,False,Həzi Aslanov,Bakı
6425407,315000,AZN,2,100.0,8,16,True,False,False,Şah İsmayıl Xətai,Bakı
5819620,160000,AZN,3,80.0,8,9,True,False,False,Yeni Günəşli,Bakı
6460638,155000,AZN,2,68.0,15,17,True,False,False,Yeni Günəşli,Bakı
6248319,118000,AZN,2,43.0,6,9,True,False,False,Yeni Günəşli,Bakı
6254134,249000,AZN,1,63.3,3,4,False,False,False,Nardaran,Bakı
6405370,130000,AZN,3,110.0,1,4,True,False,False,Abşeron,Xırdalan
6489424,250000,AZN,4,110.0,3,9,True,False,False,Yeni Yasamal,Bakı
6489654,150000,AZN,2,60.0,3,5,True,False,False,Nərimanov,Bakı
6489653,220000,AZN,3,85.0,7,9,True,False,False,İnşaatçılar,Bakı
6489652,305000,AZN,4,126.0,19,20,True,False,False,Nizami,Bakı
6450190,156000,AZN,1,30.0,3,5,True,False,False,İnşaatçılar,Bakı
6185939,209900,AZN,3,122.0,11,12,True,False,False,,Xırdalan
6483097,530000,AZN,3,110.0,9,16,True,False,False,Nəriman Nərimanov,Bakı
6471120,195000,AZN,2,52.0,10,10,True,False,False,Dərnəgül,Bakı
6471352,365000,AZN,4,160.0,15,16,True,False,False,20 Yanvar,Bakı
6489647,260000,AZN,3,130.0,3,5,False,False,False,Badamdar,Bakı
6370605,235000,AZN,3,90.0,6,9,True,False,False,Azadlıq Prospekti,Bakı
6455641,197000,AZN,2,75.0,11,17,True,False,False,Həzi Aslanov,Bakı
6489641,145000,AZN,2,50.0,2,5,True,False,False,Memar Əcəmi,Bakı
6489640,550000,AZN,4,227.0,9,16,False,False,False,Elmlər Akademiyası,Bakı
6489637,169000,AZN,2,38.0,5,5,True,False,False,İçəri Şəhər,Bakı
6454181,305000,AZN,3,125.0,8,12,True,False,False,Memar Əcəmi,Bakı
6281902,330000,AZN,3,105.0,3,16,True,False,False,Qara Qarayev,Bakı
6489634,275000,AZN,4,157.0,9,16,True,False,False,Əhmədli,Bakı
6489633,136500,AZN,3,105.0,3,16,False,False,False,,Sumqayıt
6319612,143000,AZN,2,55.0,5,5,True,False,False,İnşaatçılar,Bakı
6479280,235000,AZN,2,70.0,6,9,True,False,False,İçəri Şəhər,Bakı
6400617,121900,AZN,3,75.0,3,4,True,False,False,Abşeron,Xırdalan
6489629,275000,AZN,3,125.0,4,11,True,False,False,İnşaatçılar,Bakı
6309360,360000,AZN,3,120.0,4,12,True,False,False,Badamdar,Bakı
6450934,210000,AZN,3,67.0,2,5,True,False,False,İnşaatçılar,Bakı
6489628,137000,AZN,3,75.0,5,5,True,False,False,,Xırdalan
6444983,255000,AZN,2,76.0,15,17,True,False,False,Qara Qarayev,Bakı
6243388,289000,AZN,3,90.0,11,15,True,False,False,Həzi Aslanov,Bakı
6051551,186000,AZN,3,103.0,19,19,True,False,False,Əhmədli,Bakı
6444978,255000,AZN,2,76.0,13,17,True,False,False,Qara Qarayev,Bakı
5906635,217000,AZN,3,82.0,2,9,True,False,False,Həzi Aslanov,Bakı
6489352,235000,AZN,3,110.0,14,17,True,False,False,Həzi Aslanov,Bakı
6489626,59900,AZN,2,53.0,4,4,True,False,False,Masazır,Bakı
6351553,221000,AZN,3,96.0,13,19,True,False,False,Nəsimi,Bakı
6350728,285000,AZN,2,83.0,12,18,True,False,False,Nəsimi,Bakı
6489620,132000,AZN,2,52.0,7,15,True,False,False,,Sumqayıt
6467129,177000,AZN,2,53.0,7,19,True,False,False,Həzi Aslanov,Bakı
6297776,179000,AZN,3,92.0,16,16,True,False,False,Həzi Aslanov,Bakı
6059140,230000,AZN,3,65.0,10,15,True,False,False,Həzi Aslanov,Bakı
6398927,188000,AZN,2,53.0,17,19,True,False,False,Həzi Aslanov,Bakı
6399035,210000,AZN,2,65.0,10,16,True,False,False,Xalqlar Dostluğu,Bakı
6398996,287000,AZN,3,110.0,7,20,True,False,False,Həzi Aslanov,Bakı
6307787,148000,AZN,2,50.0,8,9,True,False,False,Bakıxanov,Bakı
5971175,345000,AZN,2,115.0,8,16,True,False,False,Səbail,Bakı
6392499,225000,AZN,2,70.0,6,12,True,False,False,Yasamal,Bakı
6489608,165000,AZN,3,70.0,3,3,True,False,False,28 May,Bakı
6489607,109000,AZN,2,58.0,2,6,True,False,False,,Xırdalan
6489606,310000,AZN,3,105.0,13,20,True,False,False,Azadlıq Prospekti,Bakı
6349864,154000,AZN,2,65.0,8,9,True,False,False,Xətai,Bakı
6489604,255000,AZN,3,100.0,5,16,True,False,False,Nəsimi,Bakı
6489603,220000,AZN,3,70.0,3,4,True,False,False,Qara Qarayev,Bakı
6159821,74500,AZN,3,50.0,2,3,True,False,False,,Xırdalan
6450510,450000,AZN,2,81.8,9,18,False,False,False,Ağ şəhər,Bakı
6231765,123000,AZN,3,82.3,4,5,False,False,False,,Qusar
6489599,215000,AZN,3,85.0,6,10,True,False,False,Xalqlar Dostluğu,Bakı
6489598,121500,AZN,3,76.5,9,10,False,False,False,,Xırdalan
6401666,138000,AZN,3,80.0,2,5,True,False,False,,Xırdalan
6477629,125500,AZN,3,60.0,7,16,True,False,False,,Xırdalan
6489597,145000,AZN,3,50.0,5,5,True,False,False,Memar Əcəmi,Bakı
6035032,146000,AZN,2,73.0,8,15,False,False,False,Avtovağzal,Bakı
6417475,70000,AZN,3,90.0,5,5,False,False,False,Binəqədi,Bakı
6489592,210000,AZN,3,85.0,1,5,True,False,False,Səbail,Bakı
6452961,137000,AZN,2,45.0,3,5,True,False,False,Memar Əcəmi,Bakı
6366990,110000,AZN,1,63.0,15,16,True,False,False,,Xırdalan
6489586,188000,AZN,2,75.0,17,18,True,False,False,Azadlıq Prospekti,Bakı
6352456,198000,AZN,3,75.0,13,17,True,False,False,Azadlıq Prospekti,Bakı
6349289,218000,AZN,3,90.0,8,9,True,False,False,Nəsimi,Bakı
6269519,317000,AZN,3,107.0,7,20,True,False,False,Dərnəgül,Bakı
6489585,199000,AZN,5,136.0,2,5,True,False,False,,Sumqayıt
6454818,328000,AZN,3,135.0,10,17,True,False,False,İnşaatçılar,Bakı
6475634,335000,AZN,2,100.0,12,20,True,False,False,Nəsimi,Bakı
6489576,136500,AZN,2,62.0,8,15,True,False,False,,Xırdalan
6284687,190000,AZN,3,90.0,8,11,True,False,False,Zığ,Bakı
6489571,380000,AZN,3,110.0,6,16,True,False,False,Şah İsmayıl Xətai,Bakı
6489570,210000,AZN,3,86.0,15,15,True,False,False,Həzi Aslanov,Bakı
6482534,295000,AZN,3,98.0,3,17,True,False,False,Qara Qarayev,Bakı
6039771,400000,AZN,3,145.0,20,27,False,False,False,8 Noyabr,Bakı
6489565,220000,AZN,3,85.0,3,4,True,False,False,Qara Qarayev,Bakı
6079373,490000,AZN,4,175.0,9,10,True,False,False,Nizami,Bakı
5636867,295000,AZN,3,120.0,5,6,True,False,False,Sahil,Bakı
6450933,172000,AZN,3,72.0,2,9,True,False,False,Əhmədli,Bakı
6250027,79000,AZN,2,57.0,3,4,True,False,False,Masazır,Bakı
5975312,495000,AZN,5,200.0,9,10,True,False,False,İçəri Şəhər,Bakı
6482054,189000,AZN,2,55.0,12,14,True,False,False,Neftçilər,Bakı
6487480,217000,AZN,2,82.0,14,16,True,False,False,Əhmədli,Bakı
5792439,579000,AZN,4,206.0,16,17,True,False,False,Nəriman Nərimanov,Bakı
6489560,355000,AZN,3,118.0,8,18,True,False,False,Elmlər Akademiyası,Bakı
6489559,140000,AZN,3,140.0,10,14,True,False,False,Abşeron,Xırdalan
6489554,301000,AZN,2,67.0,3,4,True,False,False,Sea Breeze,Bakı
6489553,434000,AZN,3,150.0,4,17,True,False,False,Elmlər Akademiyası,Bakı
6471578,325000,AZN,4,127.0,3,6,True,False,False,Həzi Aslanov,Bakı
6238408,850000,AZN,4,214.0,6,8,False,False,False,Ağ şəhər,Bakı
6131444,617000,AZN,4,121.0,5,6,False,False,False,Ağ şəhər,Bakı
6489548,95000,AZN,2,70.0,6,11,True,False,False,,Xırdalan
6489546,317000,AZN,2,78.0,2,6,True,False,False,Sea Breeze,Bakı
6489545,205000,AZN,3,101.0,2,14,True,False,False,Zığ,Bakı
6461541,108000,AZN,1,35.0,5,5,True,False,False,Neftçilər,Bakı
6489542,165000,AZN,3,65.0,4,5,True,False,False,20 Yanvar,Bakı
6475681,275000,AZN,4,125.0,2,5,True,False,False,Avtovağzal,Bakı
6442314,129000,AZN,1,35.0,5,5,True,False,False,Nəriman Nərimanov,Bakı
6442272,165000,AZN,2,60.0,5,5,True,False,False,Nəsimi,Bakı
6348227,279000,AZN,2,80.0,14,17,True,False,False,İçəri Şəhər,Bakı
6241529,230000,AZN,3,107.0,11,17,True,False,False,Bakıxanov,Bakı
5943230,550000,AZN,4,227.0,9,17,False,False,False,Elmlər Akademiyası,Bakı
6453687,128900,AZN,2,40.0,3,5,True,False,False,Memar Əcəmi,Bakı
5758266,285000,AZN,4,110.0,8,9,True,False,False,Azadlıq Prospekti,Bakı
6489530,284000,AZN,3,91.0,5,15,True,False,False,Həzi Aslanov,Bakı
6387889,189000,AZN,3,75.0,3,5,True,False,False,Bakıxanov,Bakı
6489527,228000,AZN,3,85.0,2,9,True,False,False,Memar Əcəmi,Bakı
6297908,325000,AZN,3,100.0,8,12,True,False,False,Bakıxanov,Bakı
6458024,140000,AZN,3,69.0,6,15,True,False,False,,Xırdalan
6489524,168000,AZN,3,70.0,1,5,True,False,False,Elmlər Akademiyası,Bakı
6489522,315000,AZN,3,103.0,12,18,True,False,False,İnşaatçılar,Bakı
6489510,240000,AZN,3,72.0,8,10,True,False,False,Azadlıq Prospekti,Bakı
6461481,238000,AZN,3,80.0,8,9,True,False,False,Xalqlar Dostluğu,Bakı
6210196,235000,AZN,2,97.0,10,16,True,False,False,Xətai,Bakı
6066851,170000,AZN,3,108.0,11,11,True,False,False,Xətai,Bakı
6333498,219000,AZN,2,88.0,11,17,True,False,False,Həzi Aslanov,Bakı
6486432,185400,AZN,3,65.0,4,5,True,False,False,Memar Əcəmi,Bakı
6448183,189000,AZN,2,65.0,2,9,True,False,False,Həzi Aslanov,Bakı
5836636,162000,AZN,2,57.0,6,17,True,False,False,Həzi Aslanov,Bakı
6487711,200000,AZN,3,65.0,3,5,True,False,False,Memar Əcəmi,Bakı
6422161,309900,AZN,3,105.0,8,16,True,False,False,Neftçilər,Bakı
6487708,133000,AZN,2,36.0,1,5,True,False,False,Nəriman Nərimanov,Bakı
6367369,120000,AZN,2,45.0,9,9,True,False,False,Köhnə Günəşli,Bakı
6391796,60000,AZN,3,87.0,8,14,True,False,False,Zığ,Bakı
6489516,142000,AZN,2,70.0,3,10,True,False,False,,Sumqayıt
6452360,260000,AZN,2,85.0,16,17,True,False,False,Həzi Aslanov,Bakı
6446921,170000,AZN,4,110.0,1,9,True,False,False,Həzi Aslanov,Bakı
6489509,253000,AZN,3,73.0,8,16,False,False,False,28 May,Bakı
6489511,220000,AZN,1,40.0,2,4,True,False,False,Sahil,Bakı
5208350,1100000,AZN,6,220.0,2,3,False,False,False,Sahil,Bakı
6304937,570000,AZN,3,130.0,3,5,True,False,False,Sahil,Bakı
6468485,235000,AZN,3,110.0,15,17,True,False,False,Həzi Aslanov,Bakı
6489507,83000,AZN,3,76.0,6,6,True,False,False,Masazır,Bakı
6450818,299000,AZN,3,130.0,2,16,True,False,False,İnşaatçılar,Bakı
6487658,195000,AZN,2,75.0,11,17,True,False,False,Həzi Aslanov,Bakı
6428604,137500,AZN,1,38.0,3,5,True,False,False,Memar Əcəmi,Bakı
6486589,163500,AZN,2,55.0,2,5,True,False,False,Memar Əcəmi,Bakı
6452572,111000,AZN,1,45.0,8,9,True,False,False,Həzi Aslanov,Bakı
6489499,160000,AZN,2,65.0,4,9,True,False,False,Qaraçuxur,Bakı
6489498,410000,AZN,3,122.0,10,18,True,False,False,Gənclik,Bakı
6362320,179000,AZN,2,53.0,3,16,True,False,False,Həzi Aslanov,Bakı
6194572,430000,AZN,3,94.0,6,7,True,False,False,Ağ şəhər,Bakı
6468500,275000,AZN,2,60.0,4,16,True,False,False,Nəriman Nərimanov,Bakı
6483480,309000,AZN,4,133.0,4,6,True,False,False,Həzi Aslanov,Bakı
6452348,175000,AZN,2,45.0,4,5,True,False,False,Nəriman Nərimanov,Bakı
6459619,455000,AZN,3,145.0,5,27,True,False,False,8 Noyabr,Bakı
6154081,850000,AZN,4,190.0,7,20,True,False,False,Ağ şəhər,Bakı
6378905,469000,AZN,4,170.0,14,17,True,False,False,Nəriman Nərimanov,Bakı
6447188,310000,AZN,4,115.0,16,18,True,False,False,Azadlıq Prospekti,Bakı
6489497,183000,AZN,2,55.0,8,12,True,False,False,Bakıxanov,Bakı
6154014,495000,AZN,3,110.0,2,7,False,False,False,Ağ şəhər,Bakı
6489494,96000,AZN,1,39.0,4,7,True,False,False,Hövsan,Bakı
6486973,378000,AZN,3,120.0,4,16,True,False,False,Nərimanov,Bakı
6489496,315000,AZN,3,115.0,8,17,True,False,False,Həzi Aslanov,Bakı
6154790,750000,AZN,4,144.0,6,7,True,False,False,Ağ şəhər,Bakı
6371201,145000,AZN,2,60.0,5,16,True,False,False,Köhnə Günəşli,Bakı
6489495,250000,AZN,3,80.0,2,7,True,False,False,Nizami,Bakı
6150744,529000,AZN,3,110.0,2,7,True,False,False,Şah İsmayıl Xətai,Bakı
6489493,145000,AZN,1,40.0,1,5,True,False,False,8 Noyabr,Bakı
6482628,409000,AZN,2,65.0,11,20,True,False,False,Ağ şəhər,Bakı
6488862,660000,AZN,3,120.0,3,6,False,False,False,Ağ şəhər,Bakı
6489492,175000,AZN,2,58.0,14,17,True,False,False,Həzi Aslanov,Bakı
6489491,115000,AZN,3,78.0,3,9,True,False,False,,Gəncə
6489490,141500,AZN,3,85.0,3,11,True,False,False,,Xırdalan
6489488,268000,AZN,2,91.0,2,16,True,False,False,Neftçilər,Bakı
6446737,169000,AZN,3,75.0,8,9,True,False,False,Xətai,Bakı
5358502,170000,AZN,2,60.0,2,16,True,False,False,Neftçilər,Bakı
6489487,320000,AZN,3,115.0,6,17,True,False,False,Binəqədi,Bakı
6489484,110000,AZN,2,48.0,2,6,True,False,False,Mehdiabad,Bakı
6489483,605000,AZN,3,170.0,2,20,False,False,False,Şah İsmayıl Xətai,Bakı
6489477,103000,AZN,2,50.0,14,17,True,False,False,,Xırdalan
6489475,369000,AZN,3,85.0,4,5,True,False,False,Sea Breeze,Bakı
6489470,295000,AZN,4,110.0,11,17,True,False,False,Əhmədli,Bakı
6489468,350000,AZN,3,125.0,6,7,True,False,False,Səbail,Bakı
5733536,220000,AZN,3,135.0,11,11,True,False,False,Memar Əcəmi,Bakı
6489464,340000,AZN,2,82.0,2,4,True,False,False,Sea Breeze,Bakı
6489463,110000,AZN,2,30.0,1,3,True,False,False,Sahil,Bakı
6489462,138000,AZN,3,75.2,8,12,True,False,False,Hövsan,Bakı
6489461,147000,AZN,2,54.0,1,9,True,False,False,Həzi Aslanov,Bakı
6476605,135000,AZN,3,78.0,9,12,True,False,False,Hövsan,Bakı
6107180,187000,AZN,3,65.0,5,9,True,False,False,Əhmədli,Bakı
6467491,397000,AZN,2,99.0,4,18,True,False,False,28 May,Bakı
6487546,550000,AZN,4,121.3,7,7,True,False,False,Ağ şəhər,Bakı
6488569,386000,AZN,3,101.0,15,20,True,False,False,Nərimanov,Bakı
6466758,170000,AZN,3,75.0,7,9,True,False,False,Xətai,Bakı
6395871,157000,AZN,2,54.0,4,14,True,False,False,Xalqlar Dostluğu,Bakı
6489450,186000,AZN,2,55.0,4,10,True,False,False,Xalqlar Dostluğu,Bakı
6489449,189000,AZN,3,86.0,9,9,True,False,False,Memar Əcəmi,Bakı
5666751,168000,AZN,2,56.0,6,16,True,False,False,Neftçilər,Bakı
6489442,145000,AZN,2,45.0,1,9,True,False,False,Azadlıq Prospekti,Bakı
6382191,248000,AZN,3,107.0,8,12,True,False,False,Həzi Aslanov,Bakı
6489441,307000,AZN,2,67.0,2,4,True,False,False,Sea Breeze,Bakı
6465275,210000,AZN,2,65.0,14,15,True,False,False,Xətai,Bakı
5953362,80000,AZN,2,54.0,4,6,True,False,False,Masazır,Bakı
6489435,750000,AZN,3,165.0,14,16,False,False,False,İçəri Şəhər,Bakı
6489438,61000,AZN,1,36.0,11,11,True,False,False,,Xırdalan
6489436,79500,AZN,2,50.0,11,11,True,False,False,,Xırdalan
5469704,635000,AZN,3,163.0,4,20,False,False,False,Ağ şəhər,Bakı
6251536,182000,AZN,2,50.0,2,5,,False,False,Elmlər Akademiyası,Bakı
6405501,225000,AZN,3,118.0,4,6,True,False,False,Həzi Aslanov,Bakı
6073339,125000,AZN,2,54.0,19,19,True,False,False,Xalqlar Dostluğu,Bakı
6405534,195000,AZN,3,85.0,5,16,True,False,False,20 Yanvar,Bakı
6448685,132000,AZN,3,84.0,8,15,True,False,False,Masazır,Bakı
6444071,144000,AZN,3,68.0,5,9,True,False,False,Hövsan,Bakı
6471093,102500,AZN,2,63.7,3,5,True,False,False,Masazır,Bakı
6288577,275000,AZN,4,100.0,7,9,True,False,False,Xalqlar Dostluğu,Bakı
6436948,365000,AZN,3,122.0,8,10,True,False,False,Avtovağzal,Bakı
6399755,220000,AZN,5,110.0,9,9,True,False,False,Köhnə Günəşli,Bakı
6044863,190000,AZN,3,78.0,5,16,False,False,False,Qara Qarayev,Bakı
6205373,251000,AZN,3,85.0,5,9,True,True,False,Nəsimi,Bakı
6351665,785000,AZN,4,164.0,13,16,True,False,False,Nizami,Bakı
6322810,230000,AZN,5,120.0,3,9,True,False,False,Neftçilər,Bakı
6451959,780000,AZN,4,186.0,9,16,True,False,False,28 May,Bakı
6288393,177000,AZN,2,62.0,5,14,True,False,False,Neftçilər,Bakı
6322918,300000,AZN,3,81.0,14,17,True,False,False,Elmlər Akademiyası,Bakı
6450584,425000,AZN,3,136.0,13,15,True,False,False,Nəsimi,Bakı
6372993,345000,AZN,2,68.0,3,17,True,False,False,Elmlər Akademiyası,Bakı
6489423,210000,AZN,2,52.0,3,4,True,False,False,Elmlər Akademiyası,Bakı
6444391,359000,AZN,2,117.2,7,16,True,False,False,Koroğlu,Bakı
6489422,115000,AZN,2,50.0,1,4,True,False,False,Həzi Aslanov,Bakı
6450221,260000,AZN,3,74.0,11,17,True,False,False,Gənclik,Bakı
6489421,195000,AZN,2,61.0,5,9,True,False,False,Xalqlar Dostluğu,Bakı
6489419,222000,AZN,2,90.0,3,20,True,False,False,Həzi Aslanov,Bakı
6426188,178000,AZN,2,65.0,4,9,True,False,False,Xətai,Bakı
6489416,187000,AZN,2,78.0,5,16,False,False,False,Qara Qarayev,Bakı
6412831,260000,AZN,3,75.0,8,20,True,False,False,20 Yanvar,Bakı
6452307,165000,AZN,3,90.0,4,7,True,False,False,Nizami,Bakı
6489404,351000,AZN,2,117.2,8,16,False,False,False,Koroğlu,Bakı
6489413,160000,AZN,2,60.0,3,9,True,False,False,İnşaatçılar,Bakı
6445809,279000,AZN,2,80.7,5,9,True,False,False,Nəsimi,Bakı
6430665,349000,AZN,3,101.7,14,17,True,False,False,Nəsimi,Bakı
6031653,190000,AZN,4,130.0,4,5,True,False,False,Bakıxanov,Bakı
6388427,495000,AZN,3,113.7,7,12,True,False,False,Nizami,Bakı
6452386,272000,AZN,3,100.7,7,17,True,False,False,Elmlər Akademiyası,Bakı
6475633,179000,AZN,2,53.0,7,14,False,False,False,28 May,Bakı
6398681,235000,AZN,3,121.7,5,17,True,False,False,Həzi Aslanov,Bakı
5430201,1100000,AZN,4,185.0,18,20,True,False,False,Ağ şəhər,Bakı
6442130,270000,AZN,3,105.0,9,18,True,False,False,Nəriman Nərimanov,Bakı
6431889,278000,AZN,4,135.0,3,5,True,False,False,Azadlıq Prospekti,Bakı
6338930,380000,AZN,4,155.0,17,18,True,False,False,28 May,Bakı
6489410,596000,AZN,3,157.0,16,20,False,False,False,Ağ şəhər,Bakı
6489409,366000,AZN,4,143.0,4,12,True,False,False,Memar Əcəmi,Bakı
6286072,485000,AZN,3,100.0,12,14,True,False,False,Elmlər Akademiyası,Bakı
6489407,210000,AZN,3,76.0,3,10,True,False,False,Həzi Aslanov,Bakı
6489403,800000,AZN,5,151.0,2,4,True,False,False,İçəri Şəhər,Bakı
6489405,125000,AZN,3,77.0,2,9,True,False,False,Hövsan,Bakı
6489402,198000,AZN,3,80.0,6,11,True,False,False,Həzi Aslanov,Bakı
6095628,450000,AZN,4,212.0,8,17,True,False,False,Gənclik,Bakı
6013355,240000,AZN,2,91.0,2,17,True,False,False,Qara Qarayev,Bakı
6489401,308000,AZN,3,126.0,8,17,True,False,False,Həzi Aslanov,Bakı
6050105,95000,AZN,2,79.0,10,16,False,False,False,Lökbatan,Bakı
6371475,297000,AZN,2,82.0,15,19,True,False,False,Xətai,Bakı
6290080,220000,AZN,3,85.0,4,9,True,False,False,Bakıxanov,Bakı
6454165,215000,AZN,3,70.0,4,5,True,False,False,Elmlər Akademiyası,Bakı
6489397,176000,AZN,2,52.0,9,19,True,False,False,Xətai,Bakı
6489395,845000,AZN,3,180.0,5,20,False,False,False,Şah İsmayıl Xətai,Bakı
6474830,260000,AZN,3,105.0,10,17,True,False,False,Neftçilər,Bakı
6489393,250000,AZN,3,114.0,5,14,True,False,False,Avtovağzal,Bakı
6299850,283000,AZN,3,136.0,3,17,True,False,False,8-ci kilometr,Bakı
6489388,170000,AZN,2,42.0,15,15,True,False,False,Həzi Aslanov,Bakı
6484651,330000,AZN,3,93.0,14,19,True,False,False,İnşaatçılar,Bakı
6489371,215000,AZN,2,71.5,5,16,False,False,False,Koroğlu,Bakı
6430006,335000,AZN,3,130.0,9,16,True,False,False,Həzi Aslanov,Bakı
6236618,319000,AZN,2,105.0,9,17,True,False,False,Gənclik,Bakı
6431150,258000,AZN,3,114.0,6,17,True,False,False,Əhmədli,Bakı
6458082,175000,AZN,3,80.0,5,5,True,False,False,Xalqlar Dostluğu,Bakı
6489373,110000,AZN,2,40.0,3,5,True,False,False,Bakıxanov,Bakı
6468345,342000,AZN,3,148.0,11,17,True,False,False,Həzi Aslanov,Bakı
6456829,180000,AZN,3,80.0,2,5,True,False,False,Azadlıq Prospekti,Bakı
6489372,200000,AZN,2,70.0,2,2,True,False,False,Sahil,Bakı
6472415,160000,AZN,2,74.0,2,20,True,False,False,Əhmədli,Bakı
6464975,185000,AZN,3,91.4,7,18,True,False,False,Yeni Yasamal,Bakı
6269114,175000,AZN,3,65.0,4,9,True,False,False,Əhmədli,Bakı
6489370,89000,AZN,2,53.0,3,5,True,False,False,,Mingəçevir
6489367,235000,AZN,3,110.0,14,17,True,False,False,Həzi Aslanov,Bakı
6481754,117000,AZN,1,31.0,5,9,True,False,False,Gənclik,Bakı
6056396,820000,AZN,6,270.0,12,16,True,False,False,Qara Qarayev,Bakı
6489366,225000,AZN,3,94.0,12,16,False,False,False,Qara Qarayev,Bakı
6489365,299000,AZN,3,127.0,10,19,True,False,False,Nərimanov,Bakı
6384447,110000,AZN,1,35.0,1,5,True,False,False,Neftçilər,Bakı
6312762,137000,AZN,2,40.0,1,3,True,False,False,Sahil,Bakı
5909898,345000,AZN,3,96.7,17,17,True,False,False,Gənclik,Bakı
5843827,535000,AZN,3,139.9,9,17,True,False,False,Nəriman Nərimanov,Bakı
6004351,355000,AZN,3,140.0,4,16,True,False,False,İnşaatçılar,Bakı
6445261,230000,AZN,3,60.0,3,4,True,False,False,28 May,Bakı
6432234,370000,AZN,4,170.0,7,18,True,False,False,Memar Əcəmi,Bakı
6061468,325000,AZN,3,150.0,8,9,False,False,False,Nərimanov,Bakı
6489359,311000,AZN,4,127.0,10,15,False,False,False,Qara Qarayev,Bakı
6359412,215000,AZN,4,100.0,3,4,True,False,False,28 May,Bakı
6405829,195000,AZN,1,62.0,10,13,False,False,False,Qara Qarayev,Bakı
6318502,320000,AZN,3,146.0,11,16,False,False,False,Neftçilər,Bakı
6318501,175000,AZN,1,66.0,14,16,False,False,False,Neftçilər,Bakı
6219228,153000,AZN,1,67.0,5,15,False,False,False,Həzi Aslanov,Bakı
6024525,187000,AZN,2,87.0,3,16,False,False,False,Həzi Aslanov,Bakı
6489357,275000,AZN,3,125.0,2,19,True,False,False,İnşaatçılar,Bakı
6067915,242000,AZN,4,110.0,8,15,False,False,False,Neftçilər,Bakı
6258617,315000,AZN,4,137.0,8,15,False,False,False,Neftçilər,Bakı
6489356,410000,AZN,2,72.0,10,23,False,False,False,28 May,Bakı
6432869,550000,AZN,5,245.0,6,9,False,False,False,Nərimanov,Bakı
6302560,320000,AZN,3,108.0,10,11,True,False,False,Qara Qarayev,Bakı
6489335,520000,AZN,4,205.0,7,17,False,False,False,Nizami,Bakı
6489348,294400,AZN,2,93.0,4,10,False,False,False,Nəsimi,Bakı
6405894,155000,AZN,1,49.0,5,15,False,False,False,Qara Qarayev,Bakı
6405893,163000,AZN,1,52.0,12,15,False,False,False,Qara Qarayev,Bakı
5914325,220000,AZN,2,65.0,15,16,True,False,False,Bakıxanov,Bakı
6486586,202000,AZN,2,80.0,8,17,True,False,False,Bayıl,Bakı
6339638,225000,AZN,2,80.0,7,16,True,False,False,Memar Əcəmi,Bakı
6489344,185000,AZN,3,70.0,3,5,True,False,False,Neftçilər,Bakı
6489345,165000,AZN,3,80.0,9,9,True,False,False,Sabunçu,Bakı
6478292,137000,AZN,2,55.0,2,5,True,False,False,20 Yanvar,Bakı
6451926,184000,AZN,2,65.0,2,9,True,False,False,Həzi Aslanov,Bakı
6483442,168000,AZN,2,65.0,3,9,True,False,False,Xalqlar Dostluğu,Bakı
6385962,229000,AZN,3,94.0,11,16,False,False,False,Neftçilər,Bakı
6352703,183000,AZN,2,80.0,16,16,True,False,False,Bayıl,Bakı
6489338,225000,AZN,4,80.0,6,9,True,False,False,Həzi Aslanov,Bakı
6489339,269000,AZN,2,61.0,8,12,True,False,False,28 May,Bakı
6489337,258000,AZN,3,105.0,14,17,True,False,False,Həzi Aslanov,Bakı
6405715,119500,AZN,3,65.0,1,9,True,False,False,,Xırdalan
6469534,369000,AZN,3,127.0,10,20,True,False,False,Nəsimi,Bakı
5726679,250000,AZN,2,55.0,3,3,True,False,False,Sahil,Bakı
6489334,230000,AZN,3,60.0,3,4,True,False,False,28 May,Bakı
6489332,390000,AZN,3,140.0,17,17,True,False,False,Azadlıq Prospekti,Bakı
6489330,133500,AZN,2,50.0,15,18,True,False,False,Suraxanı,Bakı
6007493,925000,AZN,4,180.0,9,22,False,False,False,28 May,Bakı
6489329,230000,AZN,3,60.0,3,4,True,False,False,28 May,Bakı
6231405,190000,AZN,2,60.0,6,17,True,False,False,Qara Qarayev,Bakı
6489328,133000,AZN,2,55.0,1,5,True,False,False,Bakıxanov,Bakı
6393146,167000,AZN,3,85.0,9,9,True,False,False,Xalqlar Dostluğu,Bakı
6229957,259000,AZN,3,99.0,7,13,True,False,False,Qara Qarayev,Bakı
6472172,88000,AZN,2,57.0,6,11,True,False,False,,Xırdalan
6059203,257000,AZN,3,90.0,10,17,True,False,False,8 Noyabr,Bakı
6489327,154000,AZN,2,50.0,2,10,True,False,False,Xalqlar Dostluğu,Bakı
6419929,267000,AZN,3,80.0,8,14,True,False,False,Neftçilər,Bakı
6489323,370000,AZN,3,125.0,11,18,True,False,False,8-ci mikrorayon,Bakı
6489322,180000,AZN,2,65.0,6,9,True,False,False,Azadlıq Prospekti,Bakı
6404807,110000,AZN,2,50.0,1,4,True,False,False,Həzi Aslanov,Bakı
6489319,175000,AZN,3,90.0,4,10,True,False,False,Masazır,Bakı
6489317,95000,AZN,2,62.0,14,17,True,False,False,Abşeron,Xırdalan
6463068,535000,AZN,3,150.0,6,15,True,False,False,28 May,Bakı
6460841,313000,AZN,3,131.0,10,17,True,False,False,Memar Əcəmi,Bakı
6489312,158000,AZN,2,65.0,9,9,True,False,False,Həzi Aslanov,Bakı
6233266,146000,AZN,2,40.0,4,5,True,False,False,Nəriman Nərimanov,Bakı
6319328,290000,AZN,3,155.0,11,12,True,False,False,Abşeron,Sumqayıt
6468543,130000,AZN,1,35.0,2,5,True,False,False,Nizami,Bakı
6452622,405000,AZN,4,144.0,6,16,True,False,False,İnşaatçılar,Bakı
6489310,400000,AZN,4,161.0,11,16,True,False,False,Əhmədli,Bakı
6450408,124000,AZN,1,40.0,4,5,True,False,False,Nərimanov,Bakı
6485245,258000,AZN,4,127.0,9,17,True,False,False,Köhnə Günəşli,Bakı
6346426,171000,AZN,2,82.0,14,18,True,False,False,Köhnə Günəşli,Bakı
6350452,189000,AZN,3,75.0,4,17,True,False,False,Nəsimi,Bakı
6425053,235000,AZN,4,105.0,6,9,True,False,False,İnşaatçılar,Bakı
6489307,300000,AZN,3,105.0,5,16,True,False,False,Qara Qarayev,Bakı
6489306,140000,AZN,2,80.0,3,15,True,False,False,Abşeron,Xırdalan
6405931,187000,AZN,3,80.0,2,9,True,False,False,Yeni Günəşli,Bakı
6388649,153000,AZN,1,52.0,5,12,True,False,False,Bakıxanov,Bakı
6489304,205000,AZN,2,65.0,14,17,True,False,False,7-ci mikrorayon,Bakı
6489284,635000,AZN,3,162.0,4,20,False,False,False,Xətai,Bakı
6489301,123000,AZN,3,70.0,8,10,True,False,False,Masazır,Bakı
6444677,790000,AZN,4,181.0,18,20,True,False,False,Şah İsmayıl Xətai,Bakı
5999974,92800,AZN,1,22.0,1,2,True,False,False,Sahil,Bakı
6489298,137000,AZN,2,36.0,1,2,True,False,False,Sahil,Bakı
5999990,173500,AZN,2,48.0,2,2,True,False,False,Sahil,Bakı
6489296,575000,AZN,4,164.5,11,17,True,False,False,8-ci mikrorayon,Bakı
6407092,285000,AZN,3,91.0,5,15,True,False,False,Həzi Aslanov,Bakı
6466838,213000,AZN,3,122.0,7,12,True,False,False,,Xırdalan
6148058,599000,AZN,4,180.0,8,27,True,False,False,8 Noyabr,Bakı
6489297,380000,AZN,4,155.0,13,15,True,False,False,Binəqədi,Bakı
6489294,240000,AZN,4,75.0,4,9,True,False,False,Əhmədli,Bakı
6259881,1190000,AZN,4,210.0,6,17,True,False,False,28 May,Bakı
6448574,565000,AZN,4,204.0,10,17,True,False,False,Nəsimi,Bakı
4900527,465000,AZN,4,185.0,5,16,False,False,False,Bayıl,Bakı
6489292,850000,AZN,3,163.0,12,20,True,False,False,Ağ şəhər,Bakı
6489288,258000,AZN,2,85.0,14,16,True,False,False,8-ci mikrorayon,Bakı
6211533,430000,AZN,3,136.0,13,15,True,False,False,Nəsimi,Bakı
6236595,235000,AZN,2,82.0,16,17,True,False,False,Azadlıq Prospekti,Bakı
6463361,259000,AZN,3,100.0,7,13,True,False,False,Qara Qarayev,Bakı
6447353,235000,AZN,3,87.0,7,15,False,False,False,Qara Qarayev,Bakı
6489286,330000,AZN,3,100.0,18,20,True,False,False,8-ci mikrorayon,Bakı
6399218,82000,AZN,2,53.0,1,5,True,False,False,Lökbatan,Bakı
6371298,112000,AZN,3,73.0,5,5,True,False,False,Lökbatan,Bakı
6489283,310000,AZN,2,65.0,7,27,True,False,False,8 Noyabr,Bakı
6400432,147000,AZN,2,67.0,9,12,False,False,False,Xətai,Bakı
6010339,130000,AZN,3,70.0,3,5,True,False,False,Lökbatan,Bakı
6423495,97000,AZN,3,60.0,5,7,True,False,False,,Xırdalan
6482518,470000,AZN,4,180.0,15,18,True,False,False,Şah İsmayıl Xətai,Bakı
6489280,430000,AZN,3,140.0,10,16,True,False,False,Şah İsmayıl Xətai,Bakı
6376340,249000,AZN,3,85.0,11,19,True,False,False,Xətai,Bakı
6489279,185000,AZN,2,45.0,2,3,True,False,False,İçəri Şəhər,Bakı
6474528,162000,AZN,2,60.0,3,5,True,False,False,Xətai,Bakı
6395483,156000,AZN,2,65.0,4,5,True,False,False,Əhmədli,Bakı
6489278,335000,AZN,2,60.0,1,7,True,False,False,Ağ şəhər,Bakı
6364809,169000,AZN,2,55.0,8,19,True,False,False,Xətai,Bakı
6190024,305000,AZN,3,128.0,2,17,True,False,False,Şah İsmayıl Xətai,Bakı
6489277,175000,AZN,4,120.0,3,6,True,False,False,Masazır,Bakı
6252505,195000,AZN,3,90.0,8,9,True,False,False,Əhmədli,Bakı
6398541,175000,AZN,3,85.0,1,9,True,False,False,Əhmədli,Bakı
6156441,245000,AZN,2,50.0,15,18,True,False,False,28 May,Bakı
6406086,223000,AZN,3,70.0,4,5,True,False,False,Yasamal,Bakı
6441866,510000,AZN,4,192.5,14,20,False,False,False,Gənclik,Bakı
6489276,180000,AZN,3,89.0,7,14,False,False,False,Həzi Aslanov,Bakı
6489275,325000,AZN,2,76.5,8,20,False,False,False,Şah İsmayıl Xətai,Bakı
6387481,379000,AZN,2,68.0,10,20,True,False,False,Şah İsmayıl Xətai,Bakı
6486127,345000,AZN,3,135.0,15,16,True,False,False,Şah İsmayıl Xətai,Bakı
6421381,646000,AZN,3,142.0,14,17,True,False,False,Gənclik,Bakı
6478967,365000,AZN,4,150.0,5,10,True,False,False,Gənclik,Bakı
6489265,134000,AZN,2,72.0,4,10,True,False,False,,Sumqayıt
6489268,72000,AZN,1,16.0,1,2,True,False,False,Sahil,Bakı
6489263,380000,AZN,3,140.0,15,17,True,False,False,8-ci mikrorayon,Bakı
6482847,509000,AZN,4,163.0,4,19,False,False,False,Bayıl,Bakı
6482468,225000,AZN,3,90.0,8,14,True,False,False,Həzi Aslanov,Bakı
6489258,115000,AZN,2,45.0,1,4,True,False,False,Həzi Aslanov,Bakı
6420012,74400,AZN,2,62.0,1,3,False,False,False,Buzovna,Bakı
6489254,258000,AZN,3,95.0,3,9,True,False,False,İnşaatçılar,Bakı
6439273,165000,AZN,3,70.0,3,15,True,False,False,Yeni Günəşli,Bakı
6390070,95000,AZN,3,61.0,15,16,True,False,False,,Xırdalan
6467631,168000,AZN,3,69.1,1,9,True,False,False,Köhnə Günəşli,Bakı
6470865,200000,AZN,3,80.0,2,17,True,False,False,Həzi Aslanov,Bakı
6222094,205000,AZN,3,94.0,15,15,False,False,False,Neftçilər,Bakı
6232449,450000,AZN,3,115.0,5,16,True,False,False,Nəsimi,Bakı
6237585,307000,AZN,2,96.0,8,16,True,False,False,Gənclik,Bakı
6489245,185000,AZN,2,44.4,4,16,True,False,False,Gənclik,Bakı
6364392,205000,AZN,2,50.0,6,16,True,False,False,28 May,Bakı
5951655,270000,AZN,3,90.0,4,19,True,False,False,Xətai,Bakı
6489244,266000,AZN,3,110.0,12,17,True,False,False,Həzi Aslanov,Bakı
5661180,733000,AZN,4,163.0,2,8,False,False,False,Ağ şəhər,Bakı
6461990,365000,AZN,3,130.0,13,17,True,False,False,Elmlər Akademiyası,Bakı
5663462,875000,AZN,5,202.0,3,8,False,False,False,Ağ şəhər,Bakı
6438965,243000,AZN,4,110.0,4,9,True,False,False,İnşaatçılar,Bakı
6395957,174500,AZN,2,70.0,5,12,True,False,False,İnşaatçılar,Bakı
6440757,165000,AZN,2,55.0,3,20,True,False,False,Həzi Aslanov,Bakı
6489240,372000,AZN,3,120.0,11,14,False,False,False,Dərnəgül,Bakı
6412159,204000,AZN,2,85.0,4,20,False,False,False,Həzi Aslanov,Bakı
6485469,175000,AZN,3,70.0,3,4,True,False,False,Nəriman Nərimanov,Bakı
6049140,380000,AZN,3,165.0,15,24,True,False,False,Şah İsmayıl Xətai,Bakı
6489239,148000,AZN,3,48.0,3,5,True,False,False,Həzi Aslanov,Bakı
6489238,285000,AZN,3,93.0,2,17,True,False,False,20 Yanvar,Bakı
6224538,285000,AZN,2,88.0,10,16,True,False,False,Elmlər Akademiyası,Bakı
6454119,225000,AZN,5,115.0,8,9,True,False,False,Köhnə Günəşli,Bakı
6471259,305000,AZN,2,77.0,8,17,True,False,False,Nəsimi,Bakı
6238782,255000,AZN,2,76.0,16,17,True,False,False,Qara Qarayev,Bakı
6238792,255000,AZN,2,76.0,15,17,True,False,False,Qara Qarayev,Bakı
6400531,480000,AZN,6,156.0,6,17,True,False,False,20 Yanvar,Bakı
6465853,294000,AZN,2,90.0,4,16,True,False,False,Şah İsmayıl Xətai,Bakı
6489237,272000,AZN,3,100.0,8,16,True,False,False,20 Yanvar,Bakı
6419824,243000,AZN,4,100.0,7,9,True,False,False,Xətai,Bakı
6397981,379000,AZN,4,157.0,12,16,True,False,False,28 May,Bakı
6469668,183900,AZN,2,66.0,4,12,True,False,False,İnşaatçılar,Bakı
6489236,300000,AZN,3,72.0,18,18,True,False,False,Bakmil,Bakı
6445663,304000,AZN,2,74.0,7,17,True,False,False,Nəriman Nərimanov,Bakı
6489234,238000,AZN,2,65.0,12,16,True,False,False,Nizami,Bakı
6478013,205000,AZN,2,75.0,15,18,True,False,False,Həzi Aslanov,Bakı
6489233,236300,AZN,2,70.0,4,7,False,False,False,Nəsimi,Bakı
6394253,188000,AZN,2,53.0,17,19,True,False,False,Həzi Aslanov,Bakı
6452094,237000,AZN,3,100.0,1,9,True,False,False,Nərimanov,Bakı
6397062,157000,AZN,2,66.0,9,16,True,False,False,Yeni Günəşli,Bakı
6281641,210000,AZN,2,68.0,15,17,True,False,False,Həzi Aslanov,Bakı
6314435,460000,AZN,4,167.0,6,16,True,False,False,Nəriman Nərimanov,Bakı
6489228,145000,AZN,3,86.0,17,17,True,False,False,Əhmədli,Bakı
6450402,81000,AZN,2,70.0,1,1,True,False,False,20-ci sahə,Bakı
5882373,249000,AZN,2,85.0,6,19,True,False,False,Xətai,Bakı
6489227,124000,AZN,2,65.0,9,10,True,False,False,,Xırdalan
6161748,178000,AZN,2,45.0,12,15,True,False,False,İnşaatçılar,Bakı
6487012,348000,AZN,3,137.0,14,17,True,False,False,20 Yanvar,Bakı
6297631,195000,AZN,3,80.0,3,5,True,False,False,Nəriman Nərimanov,Bakı
6489225,228000,AZN,2,76.0,18,24,False,False,False,Şah İsmayıl Xətai,Bakı
6442008,145000,AZN,3,60.0,5,5,True,False,False,Memar Əcəmi,Bakı
6489224,355000,AZN,3,130.0,15,18,True,False,False,Azadlıq Prospekti,Bakı
5660191,360000,AZN,3,96.0,13,18,True,False,False,Şah İsmayıl Xətai,Bakı
6489222,159000,AZN,2,61.0,13,16,True,False,False,Qara Qarayev,Bakı
6482569,370000,AZN,3,103.0,6,14,True,False,False,Şah İsmayıl Xətai,Bakı
6489219,158000,AZN,2,64.0,6,17,False,False,False,Yasamal,Bakı
6406005,255000,AZN,4,110.0,5,5,True,False,False,İnşaatçılar,Bakı
6454245,365000,AZN,3,130.0,13,17,True,False,False,Elmlər Akademiyası,Bakı
6405362,340000,AZN,3,130.0,11,12,True,False,False,20 Yanvar,Bakı
5543655,335000,AZN,5,181.0,16,17,False,False,False,Qara Qarayev,Bakı
6437065,148000,AZN,2,63.0,7,14,True,False,False,,Sumqayıt
6489218,137000,AZN,2,68.0,3,4,True,False,False,Yeni Günəşli,Bakı
6477449,325000,AZN,3,104.4,11,17,False,False,False,Koroğlu,Bakı
5987794,244000,AZN,3,84.0,14,15,True,False,False,Neftçilər,Bakı
6367744,319000,AZN,3,132.0,6,17,True,False,False,Əhmədli,Bakı
6489217,250000,AZN,2,72.0,16,16,True,False,False,Koroğlu,Bakı
5696467,549000,AZN,3,150.0,7,12,True,False,False,Sahil,Bakı
6489216,235000,AZN,3,74.0,7,11,True,False,False,Qara Qarayev,Bakı
6425159,185000,AZN,2,68.0,7,9,True,False,False,Nəsimi,Bakı
6388311,247000,AZN,2,66.0,17,18,True,False,False,Şah İsmayıl Xətai,Bakı
6364419,148000,AZN,3,80.0,5,5,True,False,False,Həzi Aslanov,Bakı
6464810,117999,AZN,1,30.0,5,5,True,False,False,Memar Əcəmi,Bakı
6430832,270000,AZN,3,125.0,8,14,True,False,False,Xətai,Bakı
5922410,485000,AZN,4,120.0,7,16,True,False,False,28 May,Bakı
6383777,220000,AZN,5,110.0,1,5,True,False,False,Əhmədli,Bakı
6447594,470000,AZN,4,170.0,15,17,True,False,False,Şah İsmayıl Xətai,Bakı
6467798,750000,AZN,4,175.0,9,16,True,False,False,28 May,Bakı
6472284,290000,AZN,3,97.4,10,17,False,False,False,Koroğlu,Bakı
6152568,280000,AZN,3,95.0,8,16,True,False,False,Şah İsmayıl Xətai,Bakı
6468808,500000,AZN,3,101.2,5,5,True,False,False,Sahil,Bakı
6405567,275000,AZN,2,53.0,5,16,True,False,False,Nizami,Bakı
6483127,125500,AZN,3,63.0,7,16,True,False,False,,Xırdalan
6468415,340000,AZN,2,60.0,4,5,True,False,False,Sahil,Bakı
6489209,305000,AZN,2,78.0,9,18,True,False,False,Nərimanov,Bakı
6468629,285000,AZN,3,90.0,4,4,True,False,False,İçəri Şəhər,Bakı
6364302,575000,AZN,3,137.0,6,7,False,False,False,Şah İsmayıl Xətai,Bakı
5990934,359000,AZN,3,130.0,2,12,True,False,False,Şah İsmayıl Xətai,Bakı
6353763,180000,AZN,2,55.0,4,5,True,False,False,Nizami,Bakı
6311537,380000,AZN,3,130.0,6,18,True,False,False,Nəriman Nərimanov,Bakı
6404433,380000,AZN,3,133.0,5,17,True,False,False,8 Noyabr,Bakı
6010238,285000,AZN,3,90.0,9,10,True,False,False,Nəriman Nərimanov,Bakı
6397287,695000,AZN,3,145.0,5,6,True,False,False,Şah İsmayıl Xətai,Bakı
6489204,203000,AZN,3,65.0,5,5,True,False,False,Nizami,Bakı
6489203,290000,AZN,3,71.0,13,17,True,False,False,Nərimanov,Bakı
6452453,263500,AZN,1,66.7,5,8,False,False,False,Sea Breeze,Bakı
6487461,390000,AZN,3,100.0,11,18,True,False,False,Nəsimi,Bakı
6489145,215000,AZN,2,65.0,7,9,True,False,False,Azadlıq Prospekti,Bakı
6474531,365000,AZN,4,100.0,5,5,True,False,False,Nizami,Bakı
6387145,430000,AZN,3,155.0,4,18,True,False,False,Elmlər Akademiyası,Bakı
6476677,295000,AZN,3,100.0,5,6,True,False,False,Sahil,Bakı
6488454,435000,AZN,3,115.0,2,15,True,False,False,28 May,Bakı
6476680,295000,AZN,3,100.0,6,6,True,False,False,Sahil,Bakı
6488660,380000,AZN,3,117.0,15,16,True,False,False,Nəsimi,Bakı
6474834,260000,AZN,3,75.0,5,6,True,False,False,Sahil,Bakı
6474805,450000,AZN,4,126.0,4,4,True,False,False,Sahil,Bakı
6488842,395000,AZN,3,107.0,20,27,True,False,False,8 Noyabr,Bakı
6474564,315000,AZN,3,90.0,3,4,True,False,False,İçəri Şəhər,Bakı
6489155,192000,AZN,2,65.0,4,9,True,False,False,Azadlıq Prospekti,Bakı
6320810,142500,AZN,2,55.0,5,9,True,False,False,Həzi Aslanov,Bakı
6489197,310000,AZN,3,62.0,6,18,True,False,False,28 May,Bakı
6489195,126000,AZN,3,60.0,7,15,True,False,False,Abşeron,Xırdalan
6486198,208000,AZN,2,83.0,6,16,False,False,False,Azadlıq Prospekti,Bakı
6180505,625000,AZN,3,119.5,10,17,True,False,False,Elmlər Akademiyası,Bakı
6021456,285000,AZN,3,120.0,9,17,True,False,False,Azadlıq Prospekti,Bakı
6430969,218000,AZN,3,85.0,8,9,True,False,False,Nəsimi,Bakı
6489188,386000,AZN,3,100.0,15,20,True,False,False,Nərimanov,Bakı
6450370,260000,AZN,2,106.0,6,19,True,False,False,8 Noyabr,Bakı
5120492,216000,AZN,3,106.0,10,17,True,False,False,Qaraçuxur,Bakı
6489187,300000,AZN,3,100.0,10,16,True,False,False,İnşaatçılar,Bakı
6390937,369000,AZN,3,108.0,2,3,True,False,False,Sahil,Bakı
6489184,345000,AZN,3,115.0,3,16,True,False,False,İnşaatçılar,Bakı
6405067,125000,AZN,2,35.0,1,2,True,False,False,İçəri Şəhər,Bakı
6489179,485000,AZN,3,132.0,10,22,True,False,False,Nizami,Bakı
6378124,128000,AZN,3,65.0,1,9,True,False,False,Yeni Günəşli,Bakı
6450391,208000,AZN,3,80.0,11,13,True,False,False,Nizami,Bakı
6489177,258000,AZN,2,58.0,13,17,True,False,False,Nəsimi,Bakı
6489176,147000,AZN,3,60.0,6,9,True,False,False,Əhmədli,Bakı
6458505,135000,AZN,2,60.0,6,9,True,False,False,Həzi Aslanov,Bakı
6455423,143000,AZN,2,45.0,3,16,True,False,False,Qara Qarayev,Bakı
6489173,190000,AZN,2,60.0,9,16,True,False,False,Yasamal,Bakı
6475092,1019000,AZN,5,207.0,5,7,False,False,False,Ağ şəhər,Bakı
6391216,222000,AZN,2,57.0,9,16,True,False,False,28 May,Bakı
6440546,345000,AZN,2,99.0,9,18,True,False,False,Nəsimi,Bakı
6489170,233000,AZN,2,60.0,5,14,True,False,False,Nərimanov,Bakı
6462373,249000,AZN,3,82.0,7,17,True,False,False,Həzi Aslanov,Bakı
6489167,65000,AZN,1,24.0,5,5,True,False,False,Səbail,Bakı
6426408,195000,AZN,3,70.0,5,5,True,False,False,İnşaatçılar,Bakı
6489171,195000,AZN,3,70.0,4,5,True,False,False,Neftçilər,Bakı
6321334,429000,AZN,3,126.0,6,16,True,False,False,Elmlər Akademiyası,Bakı
6364784,480000,AZN,4,185.0,12,17,True,False,False,Nərimanov,Bakı
6383315,220000,AZN,3,90.0,10,16,True,False,False,Həzi Aslanov,Bakı
6489168,285000,AZN,3,110.0,9,17,True,False,False,7-ci mikrorayon,Bakı
6469266,208000,AZN,3,75.0,16,18,True,False,False,İnşaatçılar,Bakı
6489165,175000,AZN,3,70.0,5,5,True,False,False,Qara Qarayev,Bakı
6309624,560000,AZN,4,172.0,4,19,True,False,False,Nəsimi,Bakı
6482465,175000,AZN,2,55.0,14,17,True,False,False,Həzi Aslanov,Bakı
6489159,420000,AZN,3,165.0,7,10,True,False,False,8 Noyabr,Bakı
5954454,265000,AZN,3,75.0,12,16,True,False,False,Nəsimi,Bakı
6071021,159000,AZN,3,100.0,4,16,True,False,False,,Xırdalan
6378252,357000,AZN,3,140.0,12,17,True,False,False,Xətai,Bakı
6467034,249000,AZN,3,82.0,7,16,True,False,False,Həzi Aslanov,Bakı
6489154,214366,AZN,2,64.0,7,16,True,False,False,Yasamal,Bakı
6489153,175000,AZN,3,80.0,5,5,True,False,False,Xalqlar Dostluğu,Bakı
6489151,289000,AZN,2,70.0,6,16,True,False,False,Nəriman Nərimanov,Bakı
6470983,133000,AZN,2,50.0,4,9,True,False,False,Əhmədli,Bakı
6459121,225000,AZN,3,90.0,7,9,True,False,False,Xalqlar Dostluğu,Bakı
6461931,230000,AZN,3,90.0,10,18,True,False,False,Həzi Aslanov,Bakı
6476478,227000,AZN,3,85.0,7,9,True,False,False,Xalqlar Dostluğu,Bakı
6239422,195000,AZN,3,115.0,11,17,True,False,False,Xalqlar Dostluğu,Bakı
6269042,176000,AZN,3,80.0,5,9,True,False,False,Qaraçuxur,Bakı
6142083,172000,AZN,3,85.0,5,5,True,False,False,Həzi Aslanov,Bakı
6366669,205000,AZN,3,80.0,9,9,True,False,False,Həzi Aslanov,Bakı
6489147,219000,AZN,2,76.0,12,16,True,False,False,Bayıl,Bakı
6489148,210000,AZN,3,80.0,5,15,True,False,False,Xalqlar Dostluğu,Bakı
6171807,355000,AZN,3,145.0,6,16,True,False,False,Xətai,Bakı
6489144,194500,AZN,3,80.0,7,9,True,False,False,Həzi Aslanov,Bakı
6467613,63000,AZN,1,58.0,14,15,False,False,False,,Xırdalan
6351110,451000,AZN,2,82.0,9,20,False,False,False,Ağ şəhər,Bakı
6294002,450000,AZN,4,170.0,3,20,True,False,False,Gənclik,Bakı
6332108,160000,AZN,4,90.0,4,5,True,False,False,Lökbatan,Bakı
6489116,345000,AZN,3,125.0,5,18,True,False,False,Yeni Yasamal,Bakı
6489140,183000,AZN,2,57.0,2,16,False,False,False,Gənclik,Bakı
6489138,355000,AZN,3,130.0,15,18,True,False,False,Azadlıq Prospekti,Bakı
6489135,238000,AZN,3,80.0,2,9,True,False,False,Nəsimi,Bakı
6489130,355000,AZN,3,125.0,2,19,True,False,False,Nəriman Nərimanov,Bakı
6489134,365000,AZN,3,131.0,13,16,True,False,False,Elmlər Akademiyası,Bakı
6489133,320000,AZN,3,130.0,5,19,True,False,False,Nəriman Nərimanov,Bakı
6401693,170000,AZN,2,75.0,15,18,True,False,False,Koroğlu,Bakı
6489131,300000,AZN,3,118.0,4,16,True,False,False,Nəriman Nərimanov,Bakı
6489128,350000,AZN,3,95.0,12,17,True,False,False,20 Yanvar,Bakı
6489127,1500000,AZN,5,188.1,8,8,True,False,False,Ağ şəhər,Bakı
6489123,210000,AZN,2,92.0,5,17,True,False,False,Xətai,Bakı
6479062,548000,AZN,5,205.0,2,16,False,False,False,Bayıl,Bakı
6489122,148000,AZN,3,65.0,1,9,True,False,False,Həzi Aslanov,Bakı
6489124,290000,AZN,3,110.0,6,17,True,False,False,Memar Əcəmi,Bakı
6489121,190000,AZN,2,60.0,4,15,True,False,False,Xalqlar Dostluğu,Bakı
6408403,199000,AZN,2,85.0,9,9,True,False,False,Nəriman Nərimanov,Bakı
6489113,440000,AZN,3,117.0,3,9,True,False,False,28 May,Bakı
6489079,170000,AZN,2,42.0,4,5,True,False,False,Nəriman Nərimanov,Bakı
6489112,299000,AZN,3,72.0,18,18,True,False,False,Bakmil,Bakı
6416409,590000,AZN,4,220.0,5,19,True,False,False,28 May,Bakı
6489108,237000,AZN,3,75.0,1,5,True,False,False,Nizami,Bakı
6358845,1990000,AZN,7,420.0,3,16,True,False,False,Sahil,Bakı
6465930,158000,AZN,2,65.0,13,16,True,False,False,Qara Qarayev,Bakı
6489109,287000,AZN,3,96.0,16,20,True,False,False,Həzi Aslanov,Bakı
6489107,255000,AZN,2,78.0,3,12,False,False,False,Nəsimi,Bakı
6406120,177000,AZN,2,70.0,1,2,True,False,False,28 May,Bakı
6018962,197000,AZN,5,110.0,5,9,True,False,False,Biləcəri,Bakı
6489100,149000,AZN,3,63.0,5,14,True,False,False,,Xırdalan
6489105,280000,AZN,2,73.0,13,17,True,False,False,28 May,Bakı
6195374,212000,AZN,3,94.0,7,21,False,False,False,Həzi Aslanov,Bakı
6489101,158000,AZN,2,60.0,4,15,True,False,False,Xalqlar Dostluğu,Bakı
6489098,350000,AZN,3,121.0,17,19,True,False,False,Xalqlar Dostluğu,Bakı
6489102,130000,AZN,2,55.0,5,5,True,False,False,Memar Əcəmi,Bakı
6489097,160000,AZN,3,55.0,2,5,True,False,False,Azadlıq Prospekti,Bakı
6489099,229000,AZN,3,100.0,9,9,True,False,False,Azadlıq Prospekti,Bakı
6339153,275000,AZN,3,120.0,3,3,True,False,False,28 May,Bakı
6489096,354900,AZN,4,135.0,5,20,True,False,False,Həzi Aslanov,Bakı
6489091,425000,AZN,2,105.0,16,16,True,False,False,Gənclik,Bakı
6489086,270000,AZN,3,74.0,12,17,True,False,False,Nəsimi,Bakı
6444612,85000,AZN,2,51.0,4,8,True,False,False,Masazır,Bakı
6451843,164000,AZN,2,65.0,7,9,True,False,False,Əhmədli,Bakı
6489083,245000,AZN,3,75.0,7,9,True,False,False,20 Yanvar,Bakı
6489085,360000,AZN,3,100.0,11,15,True,False,False,28 May,Bakı
5781111,555000,AZN,4,130.0,10,15,True,False,False,Nəriman Nərimanov,Bakı
6489084,365000,AZN,3,145.0,15,17,True,False,False,Nəsimi,Bakı
6131040,117000,AZN,3,92.0,4,14,False,False,False,Masazır,Bakı
6489078,220000,AZN,3,75.0,15,15,True,False,False,İnşaatçılar,Bakı
6154370,360000,AZN,3,134.0,4,16,True,False,False,Qara Qarayev,Bakı
5908788,429000,AZN,3,135.0,3,17,True,False,False,Qara Qarayev,Bakı
6073385,680000,AZN,4,186.0,17,18,True,False,False,Qara Qarayev,Bakı
6219305,669000,AZN,5,286.0,7,18,True,False,False,Nəsimi,Bakı
6472693,123000,AZN,2,64.0,5,12,True,False,False,,Xırdalan
6489080,260000,AZN,2,70.0,6,10,True,False,False,Nəsimi,Bakı
6389075,355000,AZN,3,113.0,4,14,True,False,False,Azadlıq Prospekti,Bakı
6489076,323000,AZN,3,99.0,9,16,True,False,False,Koroğlu,Bakı
6479588,175000,AZN,3,65.0,4,9,True,False,False,Əhmədli,Bakı
6489071,258000,AZN,2,93.0,4,20,False,False,False,Şah İsmayıl Xətai,Bakı
6489067,147000,AZN,3,60.0,1,9,True,False,False,Əhmədli,Bakı
6489064,195000,AZN,2,51.0,4,5,True,False,False,Elmlər Akademiyası,Bakı
6489068,178000,AZN,2,65.0,3,9,True,False,False,Həzi Aslanov,Bakı
6489065,305000,AZN,2,99.6,14,17,False,False,False,Gənclik,Bakı
6489063,155000,AZN,2,40.0,2,9,True,False,False,Yasamal,Bakı
6357215,197000,AZN,2,50.0,15,19,True,False,False,28 May,Bakı
6441307,189000,AZN,2,82.1,2,13,False,False,False,Qara Qarayev,Bakı
6480177,315000,AZN,3,100.0,15,21,True,False,False,Nərimanov,Bakı
6489062,160000,AZN,2,50.0,8,9,True,False,False,Nəriman Nərimanov,Bakı
6484676,236000,AZN,2,60.0,7,16,True,False,False,28 May,Bakı
6368207,390000,AZN,3,120.0,4,4,True,False,False,Sahil,Bakı
6489061,240000,AZN,3,110.0,9,16,True,False,False,Əhmədli,Bakı
6489058,287500,AZN,3,95.0,16,20,True,False,False,Həzi Aslanov,Bakı
6489057,770000,AZN,4,202.0,8,14,True,False,False,Nizami,Bakı
6489050,155000,AZN,2,50.0,9,9,True,False,False,Nəsimi,Bakı
6428564,465000,AZN,3,134.0,7,14,True,False,False,Nizami,Bakı
6335918,131000,AZN,2,55.0,4,9,True,False,False,Yeni Günəşli,Bakı
6485032,205000,AZN,4,110.0,4,5,True,False,False,Həzi Aslanov,Bakı
6460512,175000,AZN,2,80.0,5,17,True,False,False,Əhmədli,Bakı
6240972,120000,AZN,3,70.0,5,5,True,False,False,Lökbatan,Bakı
6468027,290000,AZN,3,95.0,7,16,True,False,False,Xətai,Bakı
6371457,105000,AZN,3,56.0,3,3,True,False,False,Lökbatan,Bakı
6407763,195000,AZN,2,60.0,4,4,True,False,False,28 May,Bakı
6218572,205000,AZN,4,110.0,4,5,True,False,False,Həzi Aslanov,Bakı
6237078,265000,AZN,3,110.0,20,20,True,False,False,Şah İsmayıl Xətai,Bakı
6388774,237000,AZN,2,63.0,5,16,True,False,False,Koroğlu,Bakı
6392615,330000,AZN,2,64.0,8,17,True,False,False,Nəsimi,Bakı
6489045,390000,AZN,3,135.0,8,17,True,False,False,Şah İsmayıl Xətai,Bakı
6212481,335000,AZN,2,85.0,5,17,True,False,False,Nəsimi,Bakı
6489044,104900,AZN,2,58.0,4,7,True,False,False,,Xırdalan
6242959,150000,AZN,2,90.0,17,17,True,False,False,Xalqlar Dostluğu,Bakı
6212425,365000,AZN,3,112.0,14,14,True,False,False,Nəsimi,Bakı
6489042,246000,AZN,3,117.0,3,16,False,False,False,Memar Əcəmi,Bakı
6139087,279000,AZN,2,60.0,15,21,True,False,False,Şah İsmayıl Xətai,Bakı
6362483,72000,AZN,2,37.0,4,6,True,False,False,Masazır,Bakı
6239789,245000,AZN,3,105.0,15,18,True,False,False,Həzi Aslanov,Bakı
6404291,210000,AZN,2,94.0,9,14,True,False,False,Xalqlar Dostluğu,Bakı
6489040,340000,AZN,3,125.0,14,17,True,False,False,Əhmədli,Bakı
6403219,499000,AZN,4,198.0,3,24,True,False,False,Şah İsmayıl Xətai,Bakı
6489041,310000,AZN,3,98.0,15,20,True,False,False,Nərimanov,Bakı
5841466,450000,AZN,3,155.0,3,17,True,False,False,8-ci mikrorayon,Bakı
6405836,245000,AZN,4,125.0,9,10,True,False,False,Neftçilər,Bakı
6489039,305000,AZN,3,74.0,8,14,True,False,False,28 May,Bakı
6216942,203000,AZN,3,70.0,15,15,True,False,False,Nəriman Nərimanov,Bakı
6405867,143000,AZN,2,55.0,5,5,True,False,False,Neftçilər,Bakı
6382867,235000,AZN,2,74.0,16,17,True,False,False,Azadlıq Prospekti,Bakı
6336224,378000,AZN,4,150.0,5,18,True,False,False,Həzi Aslanov,Bakı
6350033,220000,AZN,3,85.0,8,9,True,False,False,Gənclik,Bakı
6259702,237000,AZN,3,85.0,8,9,True,False,False,Həzi Aslanov,Bakı
6489035,103000,AZN,3,75.0,5,5,True,False,False,Qaradağ,Bakı
6139242,175000,AZN,3,70.0,1,5,True,False,False,Binəqədi,Bakı
5843738,450000,AZN,3,156.0,3,18,True,False,False,8-ci mikrorayon,Bakı
6489033,155000,AZN,3,60.0,5,5,True,False,False,Nəriman Nərimanov,Bakı
6489034,595000,AZN,4,220.0,11,13,True,False,False,Gənclik,Bakı
6405513,330000,AZN,3,82.0,2,18,True,False,False,Nəsimi,Bakı
6115551,175000,AZN,3,75.0,3,5,True,False,False,Həzi Aslanov,Bakı
6355910,172000,AZN,2,50.0,3,4,True,False,False,Gənclik,Bakı
6488941,205000,AZN,3,76.0,9,20,True,False,False,İnşaatçılar,Bakı
6489030,229000,AZN,3,75.0,3,9,True,False,False,Həzi Aslanov,Bakı
6489023,280000,AZN,3,115.0,2,17,True,False,False,İnşaatçılar,Bakı
6489029,60000,AZN,2,60.1,4,14,True,False,False,Saray,Bakı
6489022,344000,AZN,3,144.0,2,18,False,False,False,Şah İsmayıl Xətai,Bakı
6489019,198000,AZN,3,73.0,5,9,True,False,False,Bakıxanov,Bakı
6483745,75000,AZN,2,49.0,2,4,True,False,False,Masazır,Bakı
6489021,198000,AZN,2,50.0,4,5,True,False,False,Nərimanov,Bakı
6275703,240000,AZN,2,52.0,10,17,True,False,False,Nəriman Nərimanov,Bakı
6405100,420000,AZN,4,170.0,6,10,True,False,False,Nəriman Nərimanov,Bakı
6489020,109000,AZN,2,55.0,2,15,True,False,False,,Xırdalan
6489018,468000,AZN,4,156.0,18,19,True,False,False,8 Noyabr,Bakı
6489016,230000,AZN,3,91.0,6,17,True,False,False,Həzi Aslanov,Bakı
6489011,172000,AZN,1,75.0,2,18,False,False,False,Şah İsmayıl Xətai,Bakı
6489010,289000,AZN,3,116.0,6,19,True,False,False,İnşaatçılar,Bakı
6296911,410000,AZN,3,135.0,10,16,True,False,False,Nizami,Bakı
6480372,149999,AZN,3,63.0,2,2,True,False,False,Nizami,Bakı
6489007,162500,AZN,3,80.0,3,9,True,False,False,Köhnə Günəşli,Bakı
6488933,255000,AZN,4,110.0,1,9,True,False,False,Azadlıq Prospekti,Bakı
6295518,249000,AZN,4,110.0,8,9,True,False,False,Nizami,Bakı
6489006,450000,AZN,3,165.0,13,16,True,False,False,28 May,Bakı
6489001,270000,AZN,3,115.0,3,10,True,False,False,Nəsimi,Bakı
6489002,220000,AZN,3,130.0,10,11,False,False,False,Bakıxanov,Bakı
6048033,340000,AZN,4,177.0,14,19,False,False,False,İnşaatçılar,Bakı
6212787,480000,AZN,3,95.0,4,20,True,False,False,Şah İsmayıl Xətai,Bakı
6459632,345000,AZN,3,146.0,9,18,True,False,False,Memar Əcəmi,Bakı
6488997,177000,AZN,2,68.0,7,16,False,False,False,Memar Əcəmi,Bakı
6385652,845000,AZN,4,184.0,6,14,False,False,False,Elmlər Akademiyası,Bakı
6488994,275000,AZN,2,70.0,15,20,True,False,False,Koroğlu,Bakı
5824763,623000,AZN,4,175.0,15,18,False,False,False,Nəsimi,Bakı
6477109,187000,AZN,2,80.0,2,14,True,False,False,Xalqlar Dostluğu,Bakı
6488995,133000,AZN,1,54.0,8,17,True,False,False,Memar Əcəmi,Bakı
6488992,380000,AZN,2,95.0,11,17,True,False,False,Nəsimi,Bakı
6373924,90000,AZN,2,50.0,3,4,True,False,False,Masazır,Bakı
6488993,230000,AZN,3,66.0,8,9,True,False,False,Bakıxanov,Bakı
4920711,272000,AZN,3,135.0,7,17,False,False,False,Badamdar,Bakı
6486864,169000,AZN,3,83.0,7,9,True,False,False,Həzi Aslanov,Bakı
6488988,160000,AZN,2,36.0,15,17,True,False,False,Qara Qarayev,Bakı
6488985,495000,AZN,3,92.0,5,18,True,False,False,28 May,Bakı
6486940,190000,AZN,3,83.0,3,9,True,False,False,Əhmədli,Bakı
6280466,235000,AZN,2,80.0,15,17,True,False,False,Səbail,Bakı
6488986,228000,AZN,2,71.0,9,17,True,False,False,Qara Qarayev,Bakı
6182005,891750,AZN,5,205.0,3,8,False,False,False,Ağ şəhər,Bakı
6486926,156000,AZN,3,83.0,1,9,True,False,False,Həzi Aslanov,Bakı
6488983,183000,AZN,2,65.0,4,9,True,False,False,Xalqlar Dostluğu,Bakı
6385411,75000,AZN,2,54.0,5,5,True,False,False,Memar Əcəmi,Bakı
6033542,130000,AZN,1,50.0,16,17,True,False,False,Qara Qarayev,Bakı
6488415,222000,AZN,2,90.0,3,20,True,False,False,Həzi Aslanov,Bakı
6488981,375000,AZN,2,68.0,10,21,True,False,False,Şah İsmayıl Xətai,Bakı
6488947,185000,AZN,3,73.0,5,7,True,False,False,Həzi Aslanov,Bakı
6397756,170000,AZN,3,88.0,7,9,True,False,False,Xətai,Bakı
6488982,559000,AZN,3,120.0,8,14,True,False,False,İçəri Şəhər,Bakı
6291911,170000,AZN,3,88.0,8,9,True,False,False,Xətai,Bakı
6488114,148000,AZN,3,65.0,3,5,True,False,False,Həzi Aslanov,Bakı
6050714,315000,AZN,2,80.0,5,17,True,False,False,Nəriman Nərimanov,Bakı
6441777,156000,AZN,2,62.0,2,6,True,False,False,Həzi Aslanov,Bakı
6464873,140000,AZN,2,116.0,4,5,True,False,False,Xətai,Bakı
6450154,185000,AZN,4,154.0,11,16,False,False,False,Qaradağ,Bakı
6085867,248000,AZN,2,77.0,2,20,True,False,False,Yasamal,Bakı
6290307,225000,AZN,2,55.0,17,17,True,False,False,Nəsimi,Bakı
6488977,286000,AZN,3,128.0,8,19,True,False,False,Memar Əcəmi,Bakı
6488978,218118,AZN,3,65.0,2,16,True,False,False,Yasamal,Bakı
6488974,218000,AZN,2,50.0,10,16,True,False,False,Qara Qarayev,Bakı
6488973,155000,AZN,1,52.0,2,16,True,False,False,Dərnəgül,Bakı
6402736,460000,AZN,4,145.4,10,17,False,False,False,28 May,Bakı
6488969,229000,AZN,3,80.0,3,9,True,False,False,Həzi Aslanov,Bakı
6488967,210000,AZN,3,75.0,3,10,True,False,False,Xətai,Bakı
6488964,171000,AZN,2,114.0,12,12,False,False,False,,Xırdalan
6488956,305000,AZN,4,175.0,5,7,False,False,False,,Sumqayıt
6488955,189000,AZN,2,54.0,12,16,True,False,False,Neftçilər,Bakı
6168650,410000,AZN,1,51.0,1,7,True,False,False,Ağ şəhər,Bakı
6488957,285000,AZN,3,110.0,9,17,True,False,False,Azadlıq Prospekti,Bakı
6458060,269000,AZN,3,80.0,1,4,True,False,False,Yasamal,Bakı
6432324,315000,AZN,3,120.0,9,14,True,False,False,İnşaatçılar,Bakı
6488954,255000,AZN,3,110.0,10,20,True,False,False,8-ci kilometr,Bakı
5540662,408000,AZN,3,156.0,5,17,True,False,False,Elmlər Akademiyası,Bakı
6394169,306000,AZN,3,100.0,13,16,True,False,False,Yasamal,Bakı
6404409,255000,AZN,2,70.0,3,5,True,False,False,Nəriman Nərimanov,Bakı
6404636,147000,AZN,1,40.0,5,5,True,False,False,Gənclik,Bakı
6414106,62500,AZN,1,36.0,11,11,True,False,False,,Xırdalan
6332662,119000,AZN,3,85.0,9,11,True,False,False,Abşeron,Xırdalan
6454152,395000,AZN,3,105.0,18,19,True,False,False,Nəriman Nərimanov,Bakı
6488951,259000,AZN,3,99.0,7,13,True,False,False,Qara Qarayev,Bakı
6488946,375000,AZN,3,110.0,12,15,True,False,False,Nizami,Bakı
6013337,1400000,AZN,7,285.0,6,18,True,False,False,28 May,Bakı
6467067,240000,AZN,2,87.0,11,17,True,False,False,8 Noyabr,Bakı
6488944,535000,AZN,3,150.0,6,14,True,False,False,Nərimanov,Bakı
6248401,425000,AZN,5,255.0,2,3,True,False,False,Yasamal,Bakı
6479848,118500,AZN,1,38.0,5,5,True,False,False,İnşaatçılar,Bakı
6404589,325000,AZN,3,135.0,16,19,True,False,False,Nəriman Nərimanov,Bakı
6243089,117000,AZN,2,82.0,5,7,True,False,False,Masazır,Bakı
6405243,72000,AZN,2,37.0,4,6,True,False,False,Masazır,Bakı
6433584,195000,AZN,3,65.0,12,19,True,False,False,7-ci mikrorayon,Bakı
6488940,300000,AZN,4,130.0,17,19,True,False,False,İnşaatçılar,Bakı
6466417,557000,AZN,4,206.0,7,16,True,False,False,28 May,Bakı
6260024,116000,AZN,2,35.0,4,5,True,False,False,Elmlər Akademiyası,Bakı
6488936,285000,AZN,3,80.0,15,18,True,False,False,28 May,Bakı
6488932,250000,AZN,2,95.0,3,17,True,False,False,Nəsimi,Bakı
6488937,755000,AZN,4,185.0,5,17,True,False,False,Elmlər Akademiyası,Bakı
6488934,220000,AZN,2,65.0,5,5,True,False,False,Nəriman Nərimanov,Bakı
6488931,148000,AZN,3,52.0,3,5,True,False,False,Həzi Aslanov,Bakı
6488930,290000,AZN,4,105.0,3,5,True,False,False,Binəqədi,Bakı
6483323,339000,AZN,3,128.0,4,16,True,False,False,Qara Qarayev,Bakı
6369419,195000,AZN,2,51.0,9,15,True,False,False,Qara Qarayev,Bakı
6461510,330000,AZN,4,500.0,16,16,False,False,False,8 Noyabr,Bakı
6097218,197000,AZN,2,85.0,15,17,True,False,False,İnşaatçılar,Bakı
6258185,325000,AZN,4,257.0,10,10,True,False,False,Nərimanov,Bakı
6488927,249000,AZN,3,95.0,15,17,True,False,False,Səbail,Bakı
6488923,237000,AZN,3,65.0,4,9,True,False,False,Nərimanov,Bakı
6488918,138000,AZN,2,55.0,2,5,True,False,False,Memar Əcəmi,Bakı
6488922,190000,AZN,3,65.0,3,9,True,False,False,Əhmədli,Bakı
6488921,280000,AZN,3,103.5,15,18,True,False,False,Yasamal,Bakı
6488920,139500,AZN,2,58.0,2,12,True,False,False,Həzi Aslanov,Bakı
6010985,480000,AZN,3,91.0,15,20,True,False,False,Şah İsmayıl Xətai,Bakı
6481007,168000,AZN,3,100.0,7,16,True,False,False,Abşeron,Xırdalan
6165681,240000,AZN,2,90.0,3,11,True,False,False,Xalqlar Dostluğu,Bakı
6458013,145000,AZN,2,73.0,9,16,False,False,False,Binəqədi,Bakı
6476398,170000,AZN,3,110.0,2,5,True,False,False,,Xırdalan
6472766,146000,AZN,3,65.0,2,5,True,False,False,,Xırdalan
5958320,700000,AZN,4,185.5,10,18,True,False,False,28 May,Bakı
6367870,650000,AZN,4,205.5,11,18,True,False,False,28 May,Bakı
6404795,250000,AZN,3,90.0,5,5,True,False,False,Nərimanov,Bakı
6061385,310000,AZN,1,75.0,4,4,True,False,False,Sea Breeze,Bakı
5354898,306000,AZN,2,85.7,4,5,False,False,False,Sea Breeze,Bakı
6216672,265000,AZN,2,91.9,5,7,False,False,False,Sea Breeze,Bakı
6488910,460000,AZN,3,91.0,15,20,True,False,False,Şah İsmayıl Xətai,Bakı
6165757,253000,AZN,2,70.0,10,17,True,False,False,8 Noyabr,Bakı
6157866,439000,AZN,3,160.0,18,24,True,False,False,Şah İsmayıl Xətai,Bakı
5326169,400000,AZN,2,75.0,5,5,True,False,False,Sea Breeze,Bakı
6216958,215000,AZN,1,48.8,1,7,True,False,False,Sea Breeze,Bakı
6216549,335937,AZN,1,94.1,1,8,False,False,False,Sea Breeze,Bakı
5611207,115000,AZN,1,67.0,2,5,True,False,False,Binəqədi,Bakı
6488906,85000,AZN,3,68.0,5,8,True,False,False,Masazır,Bakı
6071894,415000,AZN,3,138.0,13,22,True,False,False,İnşaatçılar,Bakı
6398343,258000,AZN,4,120.0,5,5,True,False,False,Yasamal,Bakı
6488895,587000,AZN,3,170.0,2,20,False,False,False,Şah İsmayıl Xətai,Bakı
6488899,95000,AZN,1,40.0,4,5,True,False,False,Mərdəkan,Bakı
6326412,365000,AZN,3,100.0,12,14,True,False,False,İnşaatçılar,Bakı
6408698,190000,AZN,2,74.5,8,16,True,False,False,Həzi Aslanov,Bakı
6256434,220000,AZN,3,70.0,4,5,True,False,False,Nərimanov,Bakı
6488898,268000,AZN,3,135.0,3,12,True,False,False,İnşaatçılar,Bakı
6488897,375000,AZN,3,110.0,9,17,True,False,False,28 May,Bakı
6404542,245000,AZN,4,90.0,2,5,True,False,False,İçəri Şəhər,Bakı
6488890,193500,AZN,2,65.0,6,9,True,False,False,Əhmədli,Bakı
6488885,50388,AZN,2,52.0,9,12,False,False,False,Sea Breeze,Bakı
6430847,168000,AZN,2,45.0,9,9,True,False,False,Binəqədi,Bakı
6488886,165000,AZN,2,68.0,15,17,True,False,False,Xətai,Bakı
6453762,289000,AZN,3,96.0,15,21,True,False,False,Həzi Aslanov,Bakı
6473038,429000,AZN,3,145.0,14,19,True,False,False,28 May,Bakı
6488884,210000,AZN,3,88.0,12,17,True,False,False,Həzi Aslanov,Bakı
6478925,179000,AZN,2,55.0,3,20,True,False,False,Həzi Aslanov,Bakı
6488226,120000,AZN,2,58.0,1,9,True,False,False,Hövsan,Bakı
6395664,195000,AZN,2,64.0,4,16,True,False,False,Yasamal,Bakı
6277872,355000,AZN,3,110.0,8,18,True,False,False,Badamdar,Bakı
6488882,184000,AZN,3,65.0,4,9,True,False,False,Əhmədli,Bakı
6488881,295000,AZN,4,120.0,9,9,True,False,False,Səbail,Bakı
6488875,250000,AZN,3,85.0,2,9,True,False,False,Elmlər Akademiyası,Bakı
6488878,205000,AZN,3,76.0,9,21,True,False,False,İnşaatçılar,Bakı
6461207,165000,AZN,2,61.0,15,17,True,False,False,Yeni Günəşli,Bakı
6488877,355000,AZN,3,120.0,2,16,True,False,False,İnşaatçılar,Bakı
6488865,649500,AZN,4,210.0,11,17,True,False,False,Elmlər Akademiyası,Bakı
6488869,155000,AZN,2,40.0,2,9,True,False,False,Yasamal,Bakı
6065305,209000,AZN,4,141.0,10,12,True,False,False,,Xırdalan
6488876,169400,AZN,3,83.0,2,14,True,False,False,Xətai,Bakı
6488874,230000,AZN,2,70.5,3,6,True,False,False,Elmlər Akademiyası,Bakı
6488872,330000,AZN,2,99.0,14,27,True,False,False,Nəsimi,Bakı
6488871,44186,AZN,1,45.6,5,12,False,False,False,Sea Breeze,Bakı
6456675,187000,AZN,2,90.0,2,14,True,False,False,Xalqlar Dostluğu,Bakı
6485615,136000,AZN,2,50.0,9,17,True,False,False,Yeni Günəşli,Bakı
6488867,255000,AZN,2,93.0,6,17,True,False,False,Nəsimi,Bakı
5742704,820000,AZN,5,323.0,16,17,False,False,False,Nəriman Nərimanov,Bakı
6488864,259000,AZN,3,90.0,3,14,True,False,False,Neftçilər,Bakı
6290668,295000,AZN,2,112.0,6,17,False,False,False,Qara Qarayev,Bakı
6488863,325000,AZN,3,80.0,9,12,True,False,False,Gənclik,Bakı
6488848,92000,AZN,3,65.0,3,5,True,False,False,,Şirvan
6473099,175000,AZN,3,75.0,8,9,True,False,False,Yeni Günəşli,Bakı
6488858,199500,AZN,3,85.0,8,10,True,False,False,Xalqlar Dostluğu,Bakı
6488856,229500,AZN,3,121.0,11,16,True,False,False,Həzi Aslanov,Bakı
6488857,465000,AZN,3,133.0,14,14,False,False,False,Memar Əcəmi,Bakı
6228156,240000,AZN,2,64.0,6,19,True,False,False,Şah İsmayıl Xətai,Bakı
6488850,145000,AZN,3,68.0,2,5,True,False,False,7-ci mikrorayon,Bakı
6488852,310000,AZN,3,105.0,8,16,True,False,False,Neftçilər,Bakı
6488849,349000,AZN,3,135.0,14,17,True,False,False,20 Yanvar,Bakı
6488840,258000,AZN,3,90.0,3,9,True,False,False,İnşaatçılar,Bakı
6262367,587000,AZN,3,170.0,2,20,False,False,False,Şah İsmayıl Xətai,Bakı
6488847,125000,AZN,3,85.0,1,10,True,False,False,,Xırdalan
6375421,235000,AZN,2,70.0,4,5,False,False,False,İnşaatçılar,Bakı
6318459,320000,AZN,2,108.0,14,27,False,False,False,8 Noyabr,Bakı
6488846,335000,AZN,4,135.0,5,9,True,False,False,Yasamal,Bakı
6488834,290000,AZN,3,125.0,15,16,True,False,False,Memar Əcəmi,Bakı
6401636,425000,AZN,2,84.0,1,7,False,False,False,Ağ şəhər,Bakı
6149820,342000,AZN,3,108.8,11,18,False,False,False,28 May,Bakı
6488841,176000,AZN,2,48.0,4,16,True,False,False,Yasamal,Bakı
6224967,435000,AZN,3,114.0,16,16,True,False,False,28 May,Bakı
6488839,310000,AZN,3,120.0,2,14,True,False,False,Neftçilər,Bakı
6488784,389000,AZN,3,135.0,6,20,True,False,False,Elmlər Akademiyası,Bakı
6403487,229222,AZN,2,76.0,15,17,True,False,False,Azadlıq Prospekti,Bakı
6307149,320000,AZN,3,134.0,10,16,False,False,False,Nərimanov,Bakı
6395565,248888,AZN,3,94.0,16,19,True,False,False,Səbail,Bakı
6159223,460000,AZN,3,116.0,15,16,True,False,False,Nəriman Nərimanov,Bakı
6270168,990000,AZN,4,180.0,11,14,True,False,False,Elmlər Akademiyası,Bakı
6351577,198000,AZN,2,75.0,12,17,True,False,False,Azadlıq Prospekti,Bakı
6474112,219000,AZN,3,95.0,8,17,True,False,False,Həzi Aslanov,Bakı
6488830,130000,AZN,1,45.0,8,9,True,False,False,Nəsimi,Bakı
6488831,143000,AZN,2,50.0,4,5,True,False,False,Memar Əcəmi,Bakı
6488829,185000,AZN,2,60.0,1,2,True,False,False,28 May,Bakı
6474670,325000,AZN,3,120.0,14,18,True,False,False,Xalqlar Dostluğu,Bakı
6446801,250000,AZN,2,82.0,4,19,True,False,False,Əhmədli,Bakı
6455952,120000,AZN,3,86.0,4,6,True,False,False,Masazır,Bakı
6396004,157000,AZN,2,65.0,4,17,True,False,False,Əhmədli,Bakı
6488819,282000,AZN,2,97.2,12,16,True,False,False,Nərimanov,Bakı
6399593,535000,AZN,4,174.0,5,17,True,False,False,28 May,Bakı
6488822,158500,AZN,2,52.0,14,19,True,False,False,Xalqlar Dostluğu,Bakı
6488817,179000,AZN,2,60.0,3,10,True,False,False,Xalqlar Dostluğu,Bakı
6488818,222000,AZN,2,60.0,4,5,True,False,False,Nəriman Nərimanov,Bakı
6488815,479000,AZN,3,165.0,12,24,True,False,False,Şah İsmayıl Xətai,Bakı
6488811,205000,AZN,3,80.0,9,9,True,False,False,Həzi Aslanov,Bakı
6439392,98000,AZN,2,63.5,8,14,True,False,False,,Sumqayıt
6288596,280000,AZN,3,98.0,4,17,False,False,False,Koroğlu,Bakı
6404541,210000,AZN,3,96.0,7,17,True,False,False,Yeni Yasamal,Bakı
6488809,233000,AZN,2,65.0,5,14,True,False,False,Nərimanov,Bakı
6488807,201000,AZN,1,57.8,5,14,True,False,False,İnşaatçılar,Bakı
6488802,340000,AZN,4,128.0,7,11,True,False,False,8 Noyabr,Bakı
5936692,59500,AZN,2,83.0,6,6,False,False,False,Masazır,Bakı
6488803,395000,AZN,3,105.0,18,19,True,False,False,Bakmil,Bakı
6482380,920000,AZN,8,412.0,16,17,True,False,False,Elmlər Akademiyası,Bakı
6413888,430000,AZN,3,150.0,4,12,True,False,False,Azadlıq Prospekti,Bakı
6488796,170000,AZN,3,72.5,5,14,False,False,False,Neftçilər,Bakı
5899147,515000,AZN,4,159.0,10,17,False,False,False,28 May,Bakı
6355587,587000,AZN,3,170.0,2,18,True,False,False,Şah İsmayıl Xətai,Bakı
6488799,320000,AZN,4,110.0,3,9,True,False,False,Gənclik,Bakı
6488794,360000,AZN,3,104.4,13,17,True,False,False,Koroğlu,Bakı
6488792,133000,AZN,3,72.0,10,10,True,False,False,,Xırdalan
6405332,276000,AZN,3,80.0,5,20,True,False,False,20 Yanvar,Bakı
6488786,310000,AZN,4,105.0,8,16,True,False,False,Qara Qarayev,Bakı
6488787,162000,AZN,2,50.0,2,5,True,False,False,Neftçilər,Bakı
6458725,232000,AZN,3,74.0,9,13,True,False,False,Bakıxanov,Bakı
6488783,650000,AZN,3,142.0,14,17,True,False,False,Gənclik,Bakı
6488785,329000,AZN,4,168.0,9,14,True,False,False,Xalqlar Dostluğu,Bakı
5972196,169500,AZN,1,46.7,2,6,False,False,False,Sea Breeze,Bakı
6488774,229000,AZN,3,100.0,12,16,True,False,False,Həzi Aslanov,Bakı
5995205,485000,AZN,4,145.0,12,14,True,False,False,20 Yanvar,Bakı
6488781,258000,AZN,3,85.0,2,9,True,False,False,İnşaatçılar,Bakı
6488782,199999,AZN,2,58.0,14,15,True,False,False,Azadlıq Prospekti,Bakı
6231793,665000,AZN,3,128.0,8,14,False,False,False,İçəri Şəhər,Bakı
6149926,310000,AZN,4,110.0,16,17,True,False,False,Binəqədi,Bakı
6488776,180000,AZN,3,75.0,2,5,True,False,False,Azadlıq Prospekti,Bakı
6321355,160000,AZN,2,75.0,6,9,True,False,False,Neftçilər,Bakı
6488778,215000,AZN,3,74.0,5,5,True,False,False,İnşaatçılar,Bakı
6458217,327000,AZN,3,119.0,12,18,True,False,False,Şah İsmayıl Xətai,Bakı
6203771,223000,AZN,3,90.0,15,17,True,False,False,Həzi Aslanov,Bakı
6488777,149999,AZN,3,65.0,2,2,True,False,False,Nizami,Bakı
6488771,218000,AZN,2,66.0,4,20,True,False,False,20 Yanvar,Bakı
6488766,208000,AZN,3,74.0,16,18,True,False,False,İnşaatçılar,Bakı
6194985,365000,AZN,2,70.0,13,20,True,False,False,Şah İsmayıl Xətai,Bakı
6488769,258000,AZN,3,100.0,3,9,True,False,False,İnşaatçılar,Bakı
6334830,215000,AZN,3,120.0,11,17,True,False,False,Xalqlar Dostluğu,Bakı
6488767,330000,AZN,2,62.0,10,18,True,False,False,Nəriman Nərimanov,Bakı
6421856,275000,AZN,3,90.0,10,19,True,False,False,Xətai,Bakı
6488768,251000,AZN,3,85.0,5,9,True,False,False,Nəriman Nərimanov,Bakı
6488765,218000,AZN,2,65.0,4,18,True,False,False,Elmlər Akademiyası,Bakı
6488761,339300,AZN,3,117.0,23,23,False,False,False,Nizami,Bakı
6488760,315000,AZN,3,103.0,12,18,True,False,False,İnşaatçılar,Bakı
6405096,270000,AZN,3,80.0,2,9,True,False,False,Nərimanov,Bakı
6488753,145000,AZN,2,60.0,4,5,True,False,False,Elmlər Akademiyası,Bakı
6488752,179000,AZN,2,55.0,3,10,True,False,False,Xalqlar Dostluğu,Bakı
6488723,120000,AZN,2,35.0,1,5,True,False,False,Memar Əcəmi,Bakı
6488748,300000,AZN,5,125.0,5,9,True,False,False,Xalqlar Dostluğu,Bakı
6285430,285000,AZN,2,108.2,6,17,False,False,False,Nərimanov,Bakı
6488749,74500,AZN,3,55.0,2,4,True,False,False,,Xırdalan
6488741,152000,AZN,2,62.0,5,19,True,False,False,Əhmədli,Bakı
6488746,175000,AZN,3,71.0,8,9,True,False,False,Qara Qarayev,Bakı
6488737,249000,AZN,2,55.0,15,17,True,False,False,Nəsimi,Bakı
6488739,158000,AZN,2,55.0,5,20,True,False,False,Əhmədli,Bakı
6086580,329000,AZN,2,56.5,5,7,True,False,False,Sea Breeze,Bakı
6289327,295000,AZN,3,120.0,10,13,,False,False,Əhmədli,Bakı
6488734,560000,AZN,3,142.0,14,18,True,False,False,Nəriman Nərimanov,Bakı
6488731,434000,AZN,4,150.0,9,13,True,False,False,Azadlıq Prospekti,Bakı
6488730,258000,AZN,3,95.0,3,9,True,False,False,İnşaatçılar,Bakı
6108435,229000,AZN,2,75.0,4,17,True,False,False,Nəriman Nərimanov,Bakı
6405798,313000,AZN,2,109.2,2,7,False,False,False,Nardaran,Bakı
6476992,165000,AZN,3,80.0,8,9,True,False,False,Xətai,Bakı
6322480,277000,AZN,2,79.3,6,17,True,False,False,Nərimanov,Bakı
6285993,300000,AZN,2,72.1,5,14,True,False,False,28 May,Bakı
6405635,650000,AZN,4,170.0,9,16,True,False,False,Şah İsmayıl Xətai,Bakı
6488726,179000,AZN,3,79.0,14,14,True,False,False,Həzi Aslanov,Bakı
6488713,155000,AZN,3,55.0,2,5,True,False,False,İnşaatçılar,Bakı
6488724,162000,AZN,2,56.0,16,18,True,False,False,Memar Əcəmi,Bakı
6488716,155000,AZN,2,50.0,9,9,True,False,False,Nəsimi,Bakı
6090475,257000,AZN,3,133.0,10,19,True,False,False,Xalqlar Dostluğu,Bakı
6163891,178000,AZN,2,60.0,7,9,True,False,False,Neftçilər,Bakı
6256076,190000,AZN,2,65.0,7,16,True,False,False,Qara Qarayev,Bakı
6488720,160000,AZN,3,92.0,7,7,True,False,False,Masazır,Bakı
6488717,625000,AZN,4,265.0,6,17,False,False,False,Gənclik,Bakı
6488708,155000,AZN,2,55.0,3,5,True,False,False,Memar Əcəmi,Bakı
6487960,179000,AZN,2,52.0,2,19,True,False,False,20 Yanvar,Bakı
6405168,175000,AZN,2,55.0,4,5,True,False,False,Nərimanov,Bakı
6306825,245000,AZN,3,107.0,15,17,True,False,False,Xətai,Bakı
6488704,222000,AZN,3,96.0,7,16,True,False,False,Əhmədli,Bakı
6488705,230000,AZN,3,75.0,5,5,True,False,False,Nəsimi,Bakı
6488702,174000,AZN,2,65.0,3,9,True,False,False,Yeni Yasamal,Bakı
6375292,159000,AZN,2,58.0,4,5,True,False,False,Memar Əcəmi,Bakı
6488256,205000,AZN,4,75.0,4,5,True,False,False,Xalqlar Dostluğu,Bakı
6488653,78000,AZN,3,70.0,2,2,True,False,False,Zabrat,Bakı
6315996,495000,AZN,3,165.0,8,14,False,False,False,Nizami,Bakı
6356575,349000,AZN,3,110.0,2,4,True,False,False,İçəri Şəhər,Bakı
6315989,645000,AZN,4,216.0,11,14,False,False,False,Nizami,Bakı
6368193,303000,AZN,3,90.0,9,16,True,False,False,Qara Qarayev,Bakı
6488701,214366,AZN,2,64.0,7,16,True,False,False,Yasamal,Bakı
6392657,215000,AZN,2,68.0,11,16,True,False,False,Həzi Aslanov,Bakı
6488698,435000,AZN,2,84.0,4,7,True,False,False,Ağ şəhər,Bakı
6459102,239000,AZN,3,72.0,5,18,True,False,False,İnşaatçılar,Bakı
6488699,299000,AZN,3,72.0,18,18,True,False,False,Bakmil,Bakı
6488693,238000,AZN,3,74.0,3,9,True,False,False,Yeni Günəşli,Bakı
6488695,260000,AZN,4,110.0,8,9,True,False,False,İnşaatçılar,Bakı
6488691,230000,AZN,2,87.0,8,15,True,False,False,Dərnəgül,Bakı
6488686,101000,AZN,1,38.0,1,5,True,False,False,Həzi Aslanov,Bakı
6488245,315000,AZN,4,185.0,14,18,False,False,False,Xətai,Bakı
6488688,169000,AZN,3,85.0,3,5,True,False,False,Memar Əcəmi,Bakı
6488687,230000,AZN,3,81.0,2,9,True,False,False,Şah İsmayıl Xətai,Bakı
6488685,185000,AZN,3,85.0,6,9,True,False,False,Həzi Aslanov,Bakı
6488684,165000,AZN,3,60.0,5,9,True,False,False,Həzi Aslanov,Bakı
6358242,192000,AZN,2,30.0,1,3,True,False,False,Sahil,Bakı
6488683,335000,AZN,3,118.0,8,11,True,False,False,Memar Əcəmi,Bakı
6132139,167000,AZN,3,60.0,6,9,True,False,False,Neftçilər,Bakı
6488679,207000,AZN,2,68.0,13,15,True,False,False,İnşaatçılar,Bakı
6488675,215000,AZN,3,61.0,3,17,True,False,False,Neftçilər,Bakı
6488451,234500,AZN,3,111.1,7,20,True,False,False,Əhmədli,Bakı
6488676,410000,AZN,3,143.0,5,17,True,False,False,Nizami,Bakı
6233879,258000,AZN,2,58.0,14,17,True,False,False,Nərimanov,Bakı
6488672,183400,AZN,2,70.0,2,12,False,False,False,Qara Qarayev,Bakı
6488674,220000,AZN,3,100.0,6,11,True,False,False,Yeni Günəşli,Bakı
6435333,380000,AZN,3,120.0,4,12,True,False,False,Nərimanov,Bakı
6392189,126500,AZN,1,45.0,1,9,True,False,False,Yeni Yasamal,Bakı
6468042,259000,AZN,2,95.0,13,16,True,False,False,Qara Qarayev,Bakı
6403889,95000,AZN,2,62.0,14,17,True,False,False,Abşeron,Xırdalan
6340883,233000,AZN,4,110.0,3,9,True,False,False,İnşaatçılar,Bakı
6239248,255000,AZN,3,78.0,15,16,True,False,False,20 Yanvar,Bakı
6488665,255000,AZN,2,75.0,7,13,True,False,False,Koroğlu,Bakı
6457227,479000,AZN,3,165.0,13,24,True,False,False,Şah İsmayıl Xətai,Bakı
6488664,300000,AZN,2,92.0,5,17,False,False,False,Nəriman Nərimanov,Bakı
6405699,758500,AZN,4,190.0,15,21,False,False,False,Ağ şəhər,Bakı
6488658,650000,AZN,3,133.0,15,17,True,False,False,Nizami,Bakı
6488661,595000,AZN,3,145.0,3,16,False,False,False,Elmlər Akademiyası,Bakı
6488659,175000,AZN,3,90.0,8,9,True,False,False,Yeni Günəşli,Bakı
6488657,93000,AZN,3,60.0,1,4,True,False,False,Abşeron,Xırdalan
6488656,165000,AZN,3,72.0,7,9,True,False,False,Həzi Aslanov,Bakı
6472254,127000,AZN,1,45.0,1,9,True,False,False,Nəsimi,Bakı
6488652,267000,AZN,3,94.0,7,17,True,False,False,Neftçilər,Bakı
6209925,199000,AZN,2,87.0,10,18,True,False,False,Həzi Aslanov,Bakı
6285101,89500,AZN,2,57.0,3,6,True,False,False,Masazır,Bakı
6488650,122000,AZN,2,60.0,5,9,True,False,False,Saray,Bakı
6198060,380000,AZN,2,85.0,2,5,True,False,False,Nardaran,Bakı
6488649,198000,AZN,2,60.0,4,5,True,False,False,Nəsimi,Bakı
6348223,125000,AZN,3,90.0,9,11,False,False,False,Masazır,Bakı
6488645,296000,AZN,3,100.0,12,17,True,False,False,20 Yanvar,Bakı
6488646,145000,AZN,2,67.0,7,18,True,False,False,9-cu mikrorayon,Bakı
6477202,172000,AZN,2,71.0,7,19,True,False,False,Memar Əcəmi,Bakı
6452571,160000,AZN,2,36.0,15,17,True,False,False,Qara Qarayev,Bakı
6488644,510000,AZN,4,173.0,13,17,True,False,False,Nəsimi,Bakı
6272965,365000,AZN,4,150.0,2,7,False,False,False,İnşaatçılar,Bakı
6240940,205000,AZN,3,76.0,9,20,True,False,False,İnşaatçılar,Bakı
6488533,175000,AZN,2,45.0,3,5,True,False,False,Neftçilər,Bakı
6488636,358000,AZN,3,90.0,4,4,True,False,False,Sahil,Bakı
6481951,127000,AZN,2,60.0,3,9,True,False,False,Memar Əcəmi,Bakı
6407659,750000,AZN,3,150.0,4,7,True,False,False,Ağ şəhər,Bakı
6476947,225000,AZN,3,94.0,9,17,True,False,False,Həzi Aslanov,Bakı
6488639,152000,AZN,2,52.0,4,15,True,False,False,Əhmədli,Bakı
6488631,272000,AZN,3,108.0,7,13,True,False,False,Neftçilər,Bakı
6427190,205000,AZN,3,76.0,9,19,True,False,False,İnşaatçılar,Bakı
6488627,185000,AZN,2,44.0,4,16,True,False,False,Gənclik,Bakı
6339391,102000,AZN,2,45.0,12,17,True,False,False,,Xırdalan
6488622,220000,AZN,2,95.0,6,12,True,False,False,Həzi Aslanov,Bakı
6279118,785000,AZN,4,185.0,3,16,True,False,False,Elmlər Akademiyası,Bakı
6347041,205000,AZN,3,85.0,6,9,True,False,False,Xalqlar Dostluğu,Bakı
6458861,295000,AZN,3,115.0,12,18,True,False,False,Yeni Yasamal,Bakı
6488621,265000,AZN,3,90.0,4,9,True,False,False,Elmlər Akademiyası,Bakı
6162656,225000,AZN,4,90.0,4,5,True,False,False,Xalqlar Dostluğu,Bakı
6161249,184000,AZN,2,69.0,9,16,True,False,False,Həzi Aslanov,Bakı
6488623,230000,AZN,3,120.0,11,16,True,False,False,Xətai,Bakı
6488618,195000,AZN,2,55.0,14,17,True,False,False,Memar Əcəmi,Bakı
6076532,172000,AZN,2,55.0,5,16,True,False,False,Əhmədli,Bakı
6158290,215000,AZN,4,120.0,2,5,True,False,False,Həzi Aslanov,Bakı
6488615,195000,AZN,2,68.0,14,14,True,False,False,Memar Əcəmi,Bakı
5994071,157000,AZN,3,80.0,9,9,True,False,False,Həzi Aslanov,Bakı
6488616,87000,AZN,2,42.0,8,10,True,False,False,Masazır,Bakı
6447454,225000,AZN,3,80.0,3,5,True,False,False,Bakıxanov,Bakı
6406104,157000,AZN,2,52.0,4,14,True,False,False,Xalqlar Dostluğu,Bakı
6400093,235000,AZN,3,70.0,3,5,True,False,False,Nəriman Nərimanov,Bakı
6240087,173000,AZN,3,65.0,1,5,True,False,False,Elmlər Akademiyası,Bakı
6160028,185000,AZN,5,120.0,6,9,True,False,False,Köhnə Günəşli,Bakı
6441984,210000,AZN,2,65.0,5,17,True,False,False,Qara Qarayev,Bakı
6488604,87000,AZN,1,32.0,6,9,True,False,False,Hövsan,Bakı
6320432,235000,AZN,4,105.0,6,10,True,False,False,Xalqlar Dostluğu,Bakı
6320429,179000,AZN,3,85.0,3,9,True,False,False,Həzi Aslanov,Bakı
6364753,825000,AZN,4,163.0,6,17,True,True,False,Səbail,Bakı
6156025,230000,AZN,5,120.0,9,9,True,False,False,Əhmədli,Bakı
6069726,225000,AZN,3,80.0,5,9,True,False,False,Xalqlar Dostluğu,Bakı
6417080,340000,AZN,4,110.0,3,6,True,False,False,Elmlər Akademiyası,Bakı
6419282,121000,AZN,1,45.0,7,9,True,False,False,Əhmədli,Bakı
6412169,159000,AZN,2,51.0,4,6,True,False,False,Həzi Aslanov,Bakı
6488593,197500,AZN,4,80.0,3,5,True,False,False,Neftçilər,Bakı
6236033,170000,AZN,2,70.0,4,16,True,False,False,Xətai,Bakı
6488594,645000,AZN,4,136.0,12,15,True,False,False,Nəriman Nərimanov,Bakı
6488592,155000,AZN,2,50.0,7,17,True,False,False,Həzi Aslanov,Bakı
6488591,198000,AZN,2,49.0,4,5,True,False,False,Nərimanov,Bakı
6488589,70000,AZN,2,62.0,12,18,False,False,False,Abşeron,Xırdalan
6306098,109000,AZN,2,35.0,5,5,True,False,False,Bakıxanov,Bakı
6488587,275000,AZN,2,60.0,4,17,True,False,False,Nəriman Nərimanov,Bakı
6488588,565000,AZN,3,145.0,3,12,True,False,False,28 May,Bakı
6488584,340000,AZN,2,117.0,4,17,True,False,False,Nəsimi,Bakı
6306718,152000,AZN,3,60.0,1,9,True,False,False,Bakıxanov,Bakı
6061123,265000,AZN,2,86.0,14,14,True,False,False,Qara Qarayev,Bakı
6239558,225000,AZN,5,120.0,3,9,True,False,False,Qaraçuxur,Bakı
6312386,265000,AZN,3,110.0,8,16,True,False,False,Həzi Aslanov,Bakı
6404106,288000,AZN,3,106.0,2,14,True,False,False,Qara Qarayev,Bakı
6354784,270000,AZN,3,80.0,16,17,True,False,False,Elmlər Akademiyası,Bakı
6488576,208000,AZN,3,74.0,16,18,True,False,False,İnşaatçılar,Bakı
6393148,140000,AZN,2,50.0,5,5,True,False,False,Nəsimi,Bakı
6299003,182000,AZN,3,85.0,1,9,True,False,False,Köhnə Günəşli,Bakı
6488430,179000,AZN,2,60.0,3,10,True,False,False,Xalqlar Dostluğu,Bakı
6389640,229000,AZN,3,61.0,4,9,True,False,False,Nərimanov,Bakı
6405311,336000,AZN,3,110.0,11,13,False,False,False,Azadlıq Prospekti,Bakı
6301994,275000,AZN,5,125.0,6,9,True,False,False,Azadlıq Prospekti,Bakı
6488577,187000,AZN,3,60.0,3,5,True,False,False,Neftçilər,Bakı
5817160,235000,AZN,4,105.0,8,9,True,False,False,Əhmədli,Bakı
6488568,255000,AZN,3,80.0,1,20,True,False,False,20 Yanvar,Bakı
6488574,230000,AZN,2,47.0,3,6,True,False,False,Elmlər Akademiyası,Bakı
6488572,188000,AZN,2,55.0,12,19,True,False,False,İnşaatçılar,Bakı
6488573,149000,AZN,3,60.0,1,5,True,False,False,Xətai,Bakı
6488570,265000,AZN,2,51.0,7,16,True,False,False,Nəsimi,Bakı
6458968,285000,AZN,2,65.0,19,27,True,False,False,8 Noyabr,Bakı
6488566,313000,AZN,3,118.0,12,12,False,False,False,Dərnəgül,Bakı
6463167,218000,AZN,2,79.0,2,17,True,False,False,Qara Qarayev,Bakı
6488559,220000,AZN,3,67.7,3,3,True,False,False,Nəsimi,Bakı
6402804,175000,AZN,3,85.0,9,9,True,False,False,Neftçilər,Bakı
6488564,175000,AZN,2,65.0,8,9,True,False,False,Xalqlar Dostluğu,Bakı
6386328,187000,AZN,3,70.0,3,5,True,False,False,Neftçilər,Bakı
5890399,325000,AZN,3,137.0,4,18,False,False,False,Badamdar,Bakı
6488555,450000,AZN,4,202.0,7,12,True,False,False,Gənclik,Bakı
6488554,395000,AZN,2,73.0,2,6,True,False,False,Ağ şəhər,Bakı
6392441,370000,AZN,4,131.0,5,17,,False,False,Nərimanov,Bakı
6488549,240000,AZN,3,88.0,4,19,True,False,False,Həzi Aslanov,Bakı
6488551,259000,AZN,3,90.0,10,14,True,False,False,Neftçilər,Bakı
6488548,650000,AZN,4,195.0,4,14,False,False,False,Nəsimi,Bakı
6488547,205000,AZN,2,79.0,2,13,True,False,False,İnşaatçılar,Bakı
6488543,625000,AZN,3,134.0,3,8,False,False,False,Ağ şəhər,Bakı
6488545,260000,AZN,3,75.0,3,5,True,False,False,28 May,Bakı
6304499,190000,AZN,3,90.0,5,9,True,False,False,Memar Əcəmi,Bakı
6401651,370000,AZN,4,131.0,5,15,False,False,False,28 May,Bakı
6445151,137000,AZN,3,76.0,3,7,True,False,False,Hövsan,Bakı
6163299,175000,AZN,3,70.0,2,5,True,False,False,Xalqlar Dostluğu,Bakı
6488539,165000,AZN,1,53.0,6,15,True,False,False,Xalqlar Dostluğu,Bakı
6323166,140000,AZN,2,60.0,2,5,True,False,False,Əhmədli,Bakı
6380318,249000,AZN,3,110.0,12,17,True,False,False,Həzi Aslanov,Bakı
6488532,186000,AZN,2,85.0,3,17,True,False,False,Əhmədli,Bakı
6199825,230000,AZN,3,122.0,11,16,True,False,False,Köhnə Günəşli,Bakı
6488530,129000,AZN,3,62.0,6,14,True,False,False,,Xırdalan
6454282,395000,AZN,3,105.0,18,19,True,False,False,Nəriman Nərimanov,Bakı
6488526,646000,AZN,3,145.0,14,18,True,False,False,Gənclik,Bakı
6488522,255000,AZN,3,75.0,1,17,True,False,False,20 Yanvar,Bakı
6368849,265000,AZN,3,115.0,2,19,True,False,False,İnşaatçılar,Bakı
6488515,205000,AZN,3,75.0,9,9,True,False,False,Həzi Aslanov,Bakı
6488520,258000,AZN,2,60.0,4,5,True,False,False,Nəriman Nərimanov,Bakı
6344717,208000,AZN,3,73.0,16,18,True,False,False,İnşaatçılar,Bakı
6488518,212000,AZN,3,87.0,1,12,True,False,False,Yeni Günəşli,Bakı
6488517,105000,AZN,2,42.0,2,5,True,False,False,Binəqədi,Bakı
6488513,230000,AZN,3,85.0,5,5,True,False,False,Həzi Aslanov,Bakı
6488514,268000,AZN,3,115.0,16,17,True,False,False,İnşaatçılar,Bakı
6405963,169000,AZN,3,70.0,1,9,True,False,False,Xalqlar Dostluğu,Bakı
6488509,240000,AZN,5,120.0,5,9,True,False,False,Əhmədli,Bakı
6465284,159000,AZN,2,56.0,4,5,True,False,False,Memar Əcəmi,Bakı
6488507,115000,AZN,2,55.0,3,8,True,False,False,Masazır,Bakı
6488505,260000,AZN,3,85.0,6,9,True,False,False,28 May,Bakı
6488508,112000,AZN,2,40.0,4,5,True,False,False,Suraxanı,Bakı
6484022,150000,AZN,2,60.0,2,5,True,False,False,İnşaatçılar,Bakı
6488506,305000,AZN,3,70.0,8,12,True,False,False,28 May,Bakı
6310225,198000,AZN,3,98.0,1,16,True,False,False,Massiv D,Bakı
6488504,165000,AZN,1,79.0,4,17,True,False,False,Əhmədli,Bakı
6385634,340000,AZN,2,102.0,10,17,True,False,False,Nəsimi,Bakı
6051907,358680,AZN,3,146.4,9,17,False,False,False,Koroğlu,Bakı
5682908,940000,AZN,4,205.0,14,20,False,False,False,Nizami,Bakı
6488502,146000,AZN,3,80.0,9,9,True,False,False,Həzi Aslanov,Bakı
5659712,555000,AZN,4,130.0,10,15,True,False,False,Nəriman Nərimanov,Bakı
4946004,813000,AZN,3,210.0,4,18,False,False,False,Nəsimi,Bakı
6163327,1128000,AZN,4,248.0,16,17,False,False,False,Nəsimi,Bakı
6389725,155000,AZN,2,54.0,17,17,True,False,False,Nəriman Nərimanov,Bakı
6163345,1210000,AZN,5,295.0,4,18,False,False,False,Nəsimi,Bakı
6436607,172000,AZN,2,65.0,6,9,True,False,False,Həzi Aslanov,Bakı
6163336,1913000,AZN,6,430.0,10,18,False,False,False,Nəsimi,Bakı
6320944,300000,AZN,3,100.0,4,16,True,False,False,Xalqlar Dostluğu,Bakı
5902267,250000,AZN,4,107.0,14,18,True,False,False,İnşaatçılar,Bakı
6488499,265000,AZN,3,85.0,4,9,True,False,False,Elmlər Akademiyası,Bakı
6220358,179500,AZN,3,75.0,5,5,True,False,False,Neftçilər,Bakı
6488495,450000,AZN,3,162.0,15,18,True,False,False,28 May,Bakı
6369064,240000,AZN,3,115.0,12,19,True,False,False,Yeni Yasamal,Bakı
6404844,179000,AZN,2,80.0,12,13,True,False,False,Xətai,Bakı
6488494,430000,AZN,3,108.0,4,15,True,False,False,Nəsimi,Bakı
6400870,235000,AZN,2,60.0,3,7,True,False,False,Sea Breeze,Bakı
6461960,387000,AZN,4,129.0,5,15,False,False,False,İnşaatçılar,Bakı
6345617,289000,AZN,3,100.0,15,20,True,False,False,Həzi Aslanov,Bakı
6488487,318000,AZN,3,130.0,11,19,True,False,False,Nəriman Nərimanov,Bakı
6441548,280000,AZN,3,105.0,16,17,True,False,False,Azadlıq Prospekti,Bakı
6460732,133000,AZN,2,66.0,7,9,True,False,False,Qaraçuxur,Bakı
6293610,280000,AZN,3,70.0,9,10,True,False,False,28 May,Bakı
5876616,355000,AZN,3,100.0,4,5,True,False,False,Nəsimi,Bakı
6488481,165000,AZN,2,55.0,14,20,True,False,False,Həzi Aslanov,Bakı
6488479,155000,AZN,2,40.0,2,9,True,False,False,Elmlər Akademiyası,Bakı
6488474,198000,AZN,4,75.0,3,5,True,False,False,Nizami,Bakı
6488475,390000,AZN,4,155.0,18,20,True,False,False,İnşaatçılar,Bakı
6488469,205000,AZN,3,85.0,9,9,True,False,False,Həzi Aslanov,Bakı
6488472,195000,AZN,2,60.0,14,17,True,False,False,Memar Əcəmi,Bakı
6488468,550000,AZN,3,176.0,14,22,True,False,False,Nizami,Bakı
6488460,649500,AZN,4,210.0,11,17,True,False,False,Elmlər Akademiyası,Bakı
6488462,198000,AZN,2,65.0,14,17,True,False,False,Həzi Aslanov,Bakı
6408951,94000,AZN,3,60.0,3,14,True,False,False,Masazır,Bakı
6488467,209000,AZN,2,78.0,2,13,True,False,False,İnşaatçılar,Bakı
6488466,145000,AZN,1,50.0,3,9,True,False,False,Azadlıq Prospekti,Bakı
6135323,305000,AZN,2,68.0,4,17,True,False,False,Elmlər Akademiyası,Bakı
6488465,280000,AZN,3,100.0,11,17,True,False,False,Yasamal,Bakı
6212072,570000,AZN,3,163.0,8,16,True,False,False,Elmlər Akademiyası,Bakı
6095481,155000,AZN,3,82.0,2,2,True,False,False,Sahil,Bakı
6488456,240000,AZN,3,100.0,6,9,True,False,False,Elmlər Akademiyası,Bakı
6488461,198000,AZN,2,50.0,4,5,True,False,False,Nərimanov,Bakı
6488457,185000,AZN,3,75.0,3,9,True,False,False,Biləcəri,Bakı
6488453,149000,AZN,2,55.0,3,20,True,False,False,Həzi Aslanov,Bakı
6488450,296000,AZN,3,100.0,12,17,True,False,False,20 Yanvar,Bakı
6447150,80000,AZN,1,41.0,2,7,True,False,False,Masazır,Bakı
6488449,399000,AZN,3,150.0,9,16,True,False,False,Nəsimi,Bakı
5989818,483000,AZN,3,210.0,13,20,False,False,False,28 May,Bakı
6488443,142000,AZN,1,37.0,4,5,True,False,False,Nəriman Nərimanov,Bakı
6488426,470000,AZN,4,170.0,14,16,True,False,False,Nəriman Nərimanov,Bakı
6460020,138000,AZN,2,44.0,4,9,True,False,False,Həzi Aslanov,Bakı
6488407,126000,AZN,2,70.0,12,15,False,False,False,Binəqədi,Bakı
6488431,210000,AZN,3,73.0,17,20,True,False,False,Nəsimi,Bakı
6488428,290000,AZN,3,102.0,8,16,True,False,False,Həzi Aslanov,Bakı
6488427,220000,AZN,1,51.0,6,16,True,False,False,28 May,Bakı
6244319,289000,AZN,3,90.0,11,15,True,False,False,Həzi Aslanov,Bakı
6488423,165000,AZN,2,65.0,9,9,True,False,False,Neftçilər,Bakı
6478304,238000,AZN,3,90.0,5,5,True,False,False,Nəriman Nərimanov,Bakı
6317564,280000,AZN,3,85.0,2,3,True,False,False,8 Noyabr,Bakı
6488422,186000,AZN,2,80.0,3,17,True,False,False,Əhmədli,Bakı
6488408,205000,AZN,3,76.0,9,20,True,False,False,İnşaatçılar,Bakı
6488416,184000,AZN,3,90.0,3,5,True,False,False,Xalqlar Dostluğu,Bakı
6029242,315000,AZN,3,106.0,6,25,False,False,False,Şah İsmayıl Xətai,Bakı
6488410,220000,AZN,4,110.0,4,5,True,False,False,Həzi Aslanov,Bakı
6367244,590000,AZN,4,202.0,8,25,False,False,False,Şah İsmayıl Xətai,Bakı
6488406,359000,AZN,3,140.0,8,18,True,False,False,İnşaatçılar,Bakı
6335983,293000,AZN,3,105.0,14,15,False,False,False,Azadlıq Prospekti,Bakı
5342111,385000,AZN,4,250.0,8,11,True,False,False,Bakıxanov,Bakı
6120114,199000,AZN,2,74.0,11,17,False,False,False,Nərimanov,Bakı
5887876,60000,AZN,1,35.0,7,9,True,False,False,,Sumqayıt
6461846,112000,AZN,3,76.0,3,6,True,False,False,,Xırdalan
6326269,555000,AZN,3,108.0,3,7,True,False,False,Ağ şəhər,Bakı
5663814,290000,AZN,2,91.0,5,18,True,False,False,Elmlər Akademiyası,Bakı
6488291,200000,AZN,1,58.0,7,7,True,False,False,Sea Breeze,Bakı
5838106,550000,AZN,3,119.0,6,6,True,False,False,Ağ şəhər,Bakı
6456045,155000,AZN,2,60.0,5,9,True,False,False,Həzi Aslanov,Bakı
6444405,290000,AZN,3,94.0,8,17,True,False,False,Xalqlar Dostluğu,Bakı
5963549,360000,AZN,2,50.0,4,7,True,False,False,Ağ şəhər,Bakı
6488403,210000,AZN,3,75.4,3,10,True,False,False,Əhmədli,Bakı
6488401,550000,AZN,3,178.0,8,17,True,False,False,28 May,Bakı
6241459,156000,AZN,2,63.0,5,6,True,False,False,Həzi Aslanov,Bakı
6488394,150000,AZN,1,45.0,4,9,True,False,False,Nəriman Nərimanov,Bakı
6028539,710000,AZN,4,148.0,2,7,False,False,False,Ağ şəhər,Bakı
6488400,670000,AZN,5,272.0,5,16,False,False,False,Nəsimi,Bakı
6488396,290000,AZN,3,100.0,11,16,True,False,False,Nizami,Bakı
6488399,236300,AZN,2,51.0,8,9,True,False,False,İnşaatçılar,Bakı
6488398,142000,AZN,1,40.0,3,9,True,False,False,8-ci mikrorayon,Bakı
6488395,118000,AZN,2,50.0,3,3,True,False,False,28 May,Bakı
6488392,832000,AZN,4,208.0,3,10,False,False,False,Nizami,Bakı
6488389,175000,AZN,2,94.0,16,20,True,False,False,,Xırdalan
6307726,169000,AZN,3,70.0,9,16,True,False,False,Yeni Günəşli,Bakı
6488381,265000,AZN,3,85.0,4,9,True,False,False,Elmlər Akademiyası,Bakı
6402651,399000,AZN,3,100.0,3,4,True,False,False,Sahil,Bakı
6488376,450000,AZN,3,160.0,17,18,True,False,False,Nərimanov,Bakı
6488377,215000,AZN,3,85.0,2,9,True,False,False,Həzi Aslanov,Bakı
6429935,240000,AZN,3,75.0,5,5,True,False,False,Elmlər Akademiyası,Bakı
6488373,23000,AZN,1,70.0,6,14,True,False,False,Saray,Sumqayıt
6488374,125000,AZN,2,40.0,2,2,True,False,False,28 May,Bakı
6401479,158000,AZN,2,55.0,5,5,True,False,False,Nəriman Nərimanov,Bakı
6488370,350000,AZN,2,78.0,5,16,True,False,False,Şah İsmayıl Xətai,Bakı
6488369,200000,AZN,3,80.0,5,15,False,False,False,Azadlıq Prospekti,Bakı
6488368,155000,AZN,3,57.0,1,2,True,False,False,Azadlıq Prospekti,Bakı
6315070,667000,AZN,5,208.5,5,5,False,False,False,Nardaran,Bakı
6126517,850000,AZN,2,116.0,3,5,True,False,False,Nardaran,Bakı
6315626,850000,AZN,3,190.0,7,20,True,False,False,Şah İsmayıl Xətai,Bakı
6488362,265000,AZN,3,60.0,3,5,True,False,False,Nəriman Nərimanov,Bakı
6396776,205000,AZN,3,80.0,9,9,True,False,False,Həzi Aslanov,Bakı
6045082,618000,AZN,3,112.4,3,8,False,False,False,Şah İsmayıl Xətai,Bakı
6027742,998000,AZN,4,247.0,10,17,True,False,False,Elmlər Akademiyası,Bakı
4661001,465000,AZN,2,93.2,14,17,False,False,False,Gənclik,Bakı
6386508,76000,AZN,2,46.0,5,5,True,False,False,,Xırdalan
4661040,690000,AZN,3,143.9,15,17,False,False,False,Gənclik,Bakı
6285470,554000,AZN,4,127.0,10,15,True,False,False,Nəriman Nərimanov,Bakı
5997563,420000,AZN,3,176.0,14,16,True,False,False,Əhmədli,Bakı
6488359,395000,AZN,3,90.0,7,16,True,False,False,Nəsimi,Bakı
6488360,299000,AZN,2,80.0,9,17,True,False,False,Nərimanov,Bakı
6290071,578000,AZN,3,126.0,6,6,True,False,False,Şah İsmayıl Xətai,Bakı
5978268,689000,AZN,5,272.0,5,16,False,False,False,Gənclik,Bakı
6488358,245000,AZN,3,114.0,5,5,True,False,False,Nəriman Nərimanov,Bakı
4661138,1362500,AZN,5,272.5,14,17,False,False,False,Gənclik,Bakı
5984673,289000,AZN,2,71.5,16,16,True,False,False,Koroğlu,Bakı
6349861,415000,AZN,2,60.0,3,6,True,False,False,Ağ şəhər,Bakı
6485675,203000,AZN,1,57.0,7,7,True,False,False,Sea Breeze,Bakı
6488348,265000,AZN,2,51.0,7,16,True,False,False,Nəsimi,Bakı
6488353,50000,AZN,2,63.0,6,6,False,False,False,Masazır,Bakı
6488350,217000,AZN,2,82.0,14,16,True,False,False,Əhmədli,Bakı
6272857,490000,AZN,4,196.0,5,16,False,False,False,Nəriman Nərimanov,Bakı
6488349,225000,AZN,2,88.0,2,17,True,False,False,Həzi Aslanov,Bakı
6488347,193800,AZN,2,60.0,6,9,True,False,False,Əhmədli,Bakı
6488346,241468,AZN,3,72.8,1,14,False,False,False,Yasamal,Bakı
6334989,275000,AZN,3,90.0,4,5,True,False,False,Nəriman Nərimanov,Bakı
6488345,205000,AZN,2,76.0,9,21,True,False,False,İnşaatçılar,Bakı
6488333,162000,AZN,2,54.0,3,5,True,False,False,Həzi Aslanov,Bakı
6464993,160000,AZN,1,60.0,7,10,True,False,False,Nəriman Nərimanov,Bakı
6488342,303000,AZN,3,86.3,9,16,True,False,False,Qara Qarayev,Bakı
6390900,243000,AZN,4,100.0,4,9,True,False,False,Bakıxanov,Bakı
6310113,255000,AZN,3,112.0,16,17,True,False,False,Xalqlar Dostluğu,Bakı
6285359,185000,AZN,2,55.0,4,5,True,False,False,Nəriman Nərimanov,Bakı
6488337,500000,AZN,3,200.0,6,7,True,False,False,Nizami,Bakı
6488341,235000,AZN,3,101.0,14,16,True,False,False,Həzi Aslanov,Bakı
6488339,220000,AZN,4,110.0,4,5,True,False,False,Həzi Aslanov,Bakı
6334514,148000,AZN,2,45.0,6,9,True,False,False,Nərimanov,Bakı
5836561,138000,AZN,2,36.0,2,5,True,False,False,Nəriman Nərimanov,Bakı
6461527,145000,AZN,2,60.0,4,5,True,False,False,Elmlər Akademiyası,Bakı
6488336,180000,AZN,3,84.0,6,9,True,False,False,Həzi Aslanov,Bakı
6281615,195000,AZN,3,75.0,3,5,True,False,False,Nəriman Nərimanov,Bakı
6244299,162000,AZN,2,50.0,1,5,True,False,False,Nəriman Nərimanov,Bakı
6367485,235000,AZN,3,85.0,2,5,True,False,False,Nəriman Nərimanov,Bakı
6420511,144000,AZN,2,65.0,8,9,True,False,False,Qaraçuxur,Bakı
6488326,346500,AZN,3,126.0,21,21,True,False,False,Nəriman Nərimanov,Bakı
6480139,220000,AZN,3,80.0,3,5,True,False,False,Qara Qarayev,Bakı
6488328,450000,AZN,3,136.0,7,16,True,False,False,Elmlər Akademiyası,Bakı
6254150,295000,AZN,3,92.0,10,14,True,False,False,Qara Qarayev,Bakı
6218281,1000000,AZN,6,352.0,14,16,True,False,False,Nəriman Nərimanov,Bakı
6488322,248000,AZN,2,55.0,11,16,True,False,False,Şah İsmayıl Xətai,Bakı
6300884,260000,AZN,3,97.0,7,9,True,False,False,Bakıxanov,Bakı
6483342,260000,AZN,3,118.0,8,17,True,False,False,Həzi Aslanov,Bakı
6479776,650000,AZN,3,121.0,14,17,True,False,False,Elmlər Akademiyası,Bakı
5701765,320000,AZN,3,145.0,10,19,False,False,False,Qara Qarayev,Bakı
6451269,197000,AZN,2,50.0,5,5,True,False,False,Elmlər Akademiyası,Bakı
6098134,615000,AZN,3,119.0,10,17,True,False,False,Elmlər Akademiyası,Bakı
6420848,485000,AZN,3,130.0,16,21,True,False,False,Elmlər Akademiyası,Bakı
6180735,258000,AZN,2,68.0,4,17,True,False,False,20 Yanvar,Bakı
6488321,340000,AZN,2,85.0,3,17,True,False,False,Gənclik,Bakı
6488319,185000,AZN,2,65.0,6,9,True,False,False,Həzi Aslanov,Bakı
6423166,135000,AZN,1,42.0,5,5,True,False,False,Elmlər Akademiyası,Bakı
6488318,120000,AZN,2,42.0,3,3,True,False,False,28 May,Bakı
6359343,585000,AZN,3,115.0,13,16,True,False,False,28 May,Bakı
6017300,305000,AZN,2,68.0,4,17,True,False,False,Elmlər Akademiyası,Bakı
6089298,750000,AZN,6,747.0,17,17,False,False,False,Elmlər Akademiyası,Bakı
6488315,299000,AZN,2,60.0,4,18,True,False,False,Şah İsmayıl Xətai,Bakı
6488313,200000,AZN,2,51.0,5,15,True,False,False,Qara Qarayev,Bakı
6458466,225000,AZN,2,60.0,4,5,True,False,False,Elmlər Akademiyası,Bakı
6488311,245000,AZN,3,75.0,3,5,True,False,False,Badamdar,Bakı
5748280,52000,AZN,3,75.0,3,3,False,False,False,Masazır,Bakı
6163464,335000,AZN,2,68.0,7,17,True,False,False,Elmlər Akademiyası,Bakı
6146767,140000,AZN,3,85.0,3,5,True,False,False,Hövsan,Bakı
6079477,258000,AZN,3,77.0,5,18,True,False,False,20 Yanvar,Bakı
6349413,160000,AZN,2,57.0,11,15,True,False,False,İnşaatçılar,Bakı
6349315,155000,AZN,2,58.0,8,16,True,False,False,İnşaatçılar,Bakı
6135390,445000,AZN,3,120.0,15,19,True,False,False,İnşaatçılar,Bakı
6488304,610000,AZN,3,172.0,5,17,True,False,False,Elmlər Akademiyası,Bakı
6488303,420000,AZN,3,168.0,7,10,True,False,False,8 Noyabr,Bakı
6132883,230000,AZN,3,84.0,6,14,True,False,False,Bakıxanov,Bakı
6488301,110000,AZN,2,56.2,10,12,True,False,False,Məmmədli,Bakı
6402273,280000,AZN,3,131.0,16,17,True,False,False,20 Yanvar,Bakı
6488295,495000,AZN,3,175.0,9,10,True,False,False,Nizami,Bakı
6488294,160000,AZN,2,62.0,5,5,True,False,False,Nəriman Nərimanov,Bakı
6488292,210000,AZN,5,105.0,8,9,True,False,False,Həzi Aslanov,Bakı
6488288,205000,AZN,3,76.0,9,20,True,False,False,İnşaatçılar,Bakı
6488287,100000,AZN,3,65.0,3,5,True,False,False,Lökbatan,Bakı
6421199,103000,AZN,2,63.0,4,14,True,False,False,Saray,Bakı
5971897,195000,AZN,3,110.0,11,19,True,False,False,Bakıxanov,Bakı
6478741,225000,AZN,4,100.0,4,5,True,False,False,Xalqlar Dostluğu,Bakı
6488284,195000,AZN,2,52.0,14,17,True,False,False,Memar Əcəmi,Bakı
6384769,799000,AZN,3,214.7,9,9,True,False,False,Sahil,Bakı
6488276,95000,AZN,2,55.0,15,15,True,False,False,,Xırdalan
6488278,129000,AZN,1,40.0,10,12,True,False,False,İnşaatçılar,Bakı
6422826,485000,AZN,5,200.0,3,3,True,False,False,Nizami,Bakı
6309086,177000,AZN,2,50.0,7,16,True,False,False,8-ci mikrorayon,Bakı
5448137,115000,AZN,2,52.0,1,4,True,False,False,Badamdar,Bakı
5840261,680000,AZN,4,202.0,3,14,True,False,False,Nizami,Bakı
6005219,170000,AZN,2,60.0,3,20,True,False,False,Yasamal,Bakı
6488270,189000,AZN,3,90.0,4,16,True,False,False,,Xırdalan
6488274,136000,AZN,2,50.0,2,5,True,False,False,20 Yanvar,Bakı
5780850,255000,AZN,4,120.0,19,21,True,False,False,İnşaatçılar,Bakı
6366808,275000,AZN,4,136.0,12,17,True,False,False,İnşaatçılar,Bakı
6126642,127000,AZN,2,40.0,1,9,True,False,False,Nəsimi,Bakı
6405259,215000,AZN,3,90.0,8,20,True,False,False,Yeni Yasamal,Bakı
6488271,237000,AZN,3,66.0,6,9,True,False,False,Gənclik,Bakı
6488268,380000,AZN,3,135.0,15,17,True,False,False,Azadlıq Prospekti,Bakı
5865972,250000,AZN,4,107.0,14,18,True,False,False,İnşaatçılar,Bakı
5426319,619400,AZN,4,163.0,4,14,False,False,False,Səbail,Bakı
6488264,185000,AZN,2,54.0,4,16,True,False,False,Neftçilər,Bakı
6377115,225000,AZN,2,65.0,4,5,True,False,False,Elmlər Akademiyası,Bakı
6430225,199000,AZN,3,110.0,11,14,True,False,False,Abşeron,Xırdalan
6488263,365000,AZN,2,98.0,7,7,True,False,False,Sea Breeze,Bakı
6480288,240000,AZN,2,65.0,8,9,True,False,False,8 Noyabr,Bakı
6069095,238000,AZN,4,146.0,4,16,True,False,False,,Xırdalan
6447046,405000,AZN,3,131.0,7,15,True,False,False,İnşaatçılar,Bakı
6452607,200000,AZN,2,70.0,12,16,True,False,False,Elmlər Akademiyası,Bakı
6488259,105000,AZN,2,44.0,2,2,True,False,False,Bakıxanov,Bakı
6443339,91900,AZN,2,55.0,1,5,True,False,False,,Xırdalan
6488257,215000,AZN,3,65.0,3,17,True,False,False,Neftçilər,Bakı
6488254,300000,AZN,2,44.0,6,7,True,False,False,Ağ şəhər,Bakı
5943816,510000,AZN,1,79.0,2,5,True,False,False,Sea Breeze,Bakı
5823564,2400000,AZN,3,140.0,21,33,False,False,False,28 May,Bakı
6319976,333000,AZN,3,111.0,6,15,False,False,False,28 May,Bakı
6488251,250000,AZN,3,85.0,11,18,True,False,False,Neftçilər,Bakı
6488246,120000,AZN,3,55.0,5,5,True,False,False,Abşeron,Xırdalan
6340270,150000,AZN,3,100.0,9,9,True,False,False,Yeni Günəşli,Bakı
6488237,420000,AZN,3,140.0,10,14,True,False,False,Yasamal,Bakı
6458486,310000,AZN,2,74.0,2,5,True,False,False,Sea Breeze,Bakı
4586401,680165,AZN,3,103.7,7,7,True,False,False,Ağ şəhər,Bakı
4586269,850425,AZN,3,130.6,3,8,True,False,False,Ağ şəhər,Bakı
6488243,950000,AZN,4,216.0,8,19,True,False,False,Elmlər Akademiyası,Bakı
4861072,842396,AZN,3,123.7,5,7,True,False,False,Ağ şəhər,Bakı
4585715,652474,AZN,3,98.6,8,8,True,False,False,Ağ şəhər,Bakı
6446731,348000,AZN,3,86.0,2,4,True,False,False,Sea Breeze,Bakı
4586358,720495,AZN,3,101.3,5,7,True,False,False,Ağ şəhər,Bakı
4585729,747982,AZN,3,113.5,8,8,True,False,False,Ağ şəhər,Bakı
6488242,210000,AZN,2,65.0,14,16,True,False,False,Xətai,Bakı
6412193,127000,AZN,2,50.0,2,5,True,False,False,Badamdar,Bakı
6488235,179000,AZN,2,52.0,3,10,True,False,False,Xalqlar Dostluğu,Bakı
6440599,310000,AZN,2,72.0,1,7,True,False,False,Sea Breeze,Bakı
6476707,102000,AZN,2,45.0,12,16,True,False,False,Abşeron,Xırdalan
6488232,210000,AZN,2,68.0,14,16,True,False,False,Həzi Aslanov,Bakı
6283120,202000,AZN,2,60.0,9,14,True,False,False,Qara Qarayev,Bakı
5630592,230000,AZN,3,85.0,5,16,True,False,False,Badamdar,Bakı
4249085,204575,AZN,3,83.5,6,14,True,False,False,Zığ,Bakı
6488227,429000,AZN,3,135.0,3,16,True,False,False,Qara Qarayev,Bakı
6419115,164000,AZN,3,72.0,4,9,True,False,False,Badamdar,Bakı
6488214,144000,AZN,2,42.0,1,5,True,False,False,Həzi Aslanov,Bakı
6488224,528000,AZN,5,278.0,7,16,False,False,False,8 Noyabr,Bakı
6488222,325000,AZN,3,119.0,7,17,True,False,False,İnşaatçılar,Bakı
5009524,196560,AZN,3,75.6,14,14,True,False,False,Zığ,Bakı
6388747,150000,AZN,3,82.0,1,5,True,False,False,Badamdar,Bakı
4591955,218540,AZN,3,89.2,2,14,True,False,False,Zığ,Bakı
6488219,460000,AZN,3,131.0,8,16,True,False,False,Gənclik,Bakı
6401491,210000,AZN,2,55.0,2,5,True,False,False,Elmlər Akademiyası,Bakı
6488218,180000,AZN,2,50.0,4,5,True,False,False,Gənclik,Bakı
6322039,220000,AZN,5,157.0,4,9,True,False,False,Hövsan,Bakı
6488216,430000,AZN,4,160.0,8,11,True,False,False,Neftçilər,Bakı
6162221,175000,AZN,2,48.0,3,9,False,False,False,Gənclik,Bakı
4239142,238140,AZN,4,113.4,14,14,False,False,False,Zığ,Bakı
4243985,244755,AZN,3,99.9,2,14,True,False,False,Zığ,Bakı
4592034,225060,AZN,4,102.3,2,14,False,False,False,Zığ,Bakı
4308972,192990,AZN,4,91.9,14,14,False,False,False,Zığ,Bakı
5009536,285220,AZN,4,109.7,12,14,True,False,False,Zığ,Bakı
5009590,213620,AZN,4,97.1,6,14,False,False,False,Zığ,Bakı
6488191,175000,AZN,3,65.0,8,9,False,False,False,Qara Qarayev,Bakı
5009607,158620,AZN,3,72.1,2,14,False,False,False,Zığ,Bakı
6488199,148000,AZN,3,48.0,3,5,True,False,False,Həzi Aslanov,Bakı
4234814,213150,AZN,2,87.0,2,14,True,False,False,Zığ,Bakı
6488204,139000,AZN,1,50.0,7,9,True,False,False,Nəsimi,Bakı
5009504,134420,AZN,2,51.7,13,14,True,False,False,Zığ,Bakı
5943763,198380,AZN,3,76.3,13,14,True,False,False,Zığ,Bakı
6396500,128000,AZN,3,102.0,13,17,False,False,False,Abşeron,Xırdalan
6488195,175000,AZN,3,90.0,4,10,True,False,False,Abşeron,Bakı
6462221,179000,AZN,3,65.0,2,9,True,False,False,Həzi Aslanov,Bakı
5944538,159000,AZN,3,79.5,11,14,False,False,False,Zığ,Bakı
4586317,695557,AZN,3,106.1,8,8,True,False,False,Ağ şəhər,Bakı
5944831,119535,AZN,2,61.3,7,14,False,False,False,Zığ,Bakı
4586286,684521,AZN,3,103.6,7,7,True,False,False,Ağ şəhər,Bakı
4586375,666583,AZN,2,99.5,8,8,True,False,False,Ağ şəhər,Bakı
4586328,783814,AZN,3,116.1,7,7,True,False,False,Ağ şəhər,Bakı
4587147,115060,AZN,2,52.3,13,14,False,False,False,Zığ,Bakı
4585620,775112,AZN,3,110.9,7,8,True,False,False,Ağ şəhər,Bakı
4586301,678888,AZN,3,104.0,8,8,True,False,False,Ağ şəhər,Bakı
4585602,744615,AZN,3,110.9,7,7,True,False,False,Ağ şəhər,Bakı
5009668,274000,AZN,4,109.6,9,14,True,False,False,Zığ,Bakı
6488194,150000,AZN,1,55.0,9,19,True,False,False,Əhmədli,Bakı
4362102,655294,AZN,2,100.3,8,8,True,False,False,Ağ şəhər,Bakı
6403197,156000,AZN,2,88.0,7,16,False,False,False,Suraxanı,Bakı
4586343,636318,AZN,2,100.8,7,7,True,False,False,Ağ şəhər,Bakı
6402534,770000,AZN,4,256.0,14,16,False,False,False,28 May,Bakı
6320871,265000,AZN,3,100.0,9,9,True,False,False,Elmlər Akademiyası,Bakı
6488190,450000,AZN,4,202.0,7,12,True,False,False,Nərimanov,Bakı
4585768,635130,AZN,3,91.2,8,8,True,False,False,Ağ şəhər,Bakı
4586389,704396,AZN,3,106.7,8,8,True,False,False,Ağ şəhər,Bakı
6318296,440000,AZN,3,135.0,2,10,True,False,False,Elmlər Akademiyası,Bakı
6236779,597000,AZN,4,200.0,8,17,False,False,False,Elmlər Akademiyası,Bakı
6488187,140000,AZN,3,85.0,3,5,True,False,False,Hövsan,Bakı
6488186,495000,AZN,3,175.0,9,10,True,False,False,Nizami,Bakı
6488180,330000,AZN,3,120.0,6,16,True,False,False,Elmlər Akademiyası,Bakı
5838057,220000,AZN,2,54.0,7,14,True,False,False,Nərimanov,Bakı
6488181,299000,AZN,3,73.0,18,18,True,False,False,Bakmil,Bakı
4362120,673755,AZN,2,102.4,7,7,True,False,False,Ağ şəhər,Bakı
4585788,847396,AZN,3,123.7,6,8,True,False,False,Ağ şəhər,Bakı
6488177,193800,AZN,2,65.0,6,9,True,False,False,Əhmədli,Bakı
6487766,155000,AZN,2,55.0,1,9,True,False,False,Sabunçu,Bakı
6488164,295000,AZN,3,100.0,12,17,True,False,False,Nəsimi,Bakı
6382073,100200,AZN,1,30.0,1,3,True,False,False,İçəri Şəhər,Bakı
6481606,205000,AZN,2,85.0,7,17,True,False,False,Həzi Aslanov,Bakı
6482535,240000,AZN,2,88.0,4,19,True,False,False,Xətai,Bakı
6476597,210000,AZN,2,65.0,14,15,True,False,False,Həzi Aslanov,Bakı
6488169,265000,AZN,3,85.0,4,9,True,False,False,Elmlər Akademiyası,Bakı
6488163,395000,AZN,3,140.0,5,18,True,False,False,Nəriman Nərimanov,Bakı
6458425,215000,AZN,3,80.0,8,9,True,False,False,Bakıxanov,Bakı
6488158,280000,AZN,4,120.0,5,9,True,False,False,Səbail,Bakı
5716551,183000,AZN,2,55.0,9,15,True,False,False,Həzi Aslanov,Bakı
6488159,225000,AZN,4,90.0,6,9,True,False,False,Həzi Aslanov,Bakı
6404381,187000,AZN,2,68.0,4,9,True,False,False,Əhmədli,Bakı
6448074,155000,AZN,2,53.0,2,17,True,False,False,Nərimanov,Bakı
6488153,189000,AZN,3,72.0,4,16,True,False,False,Əhmədli,Bakı
6488152,415000,AZN,4,168.0,13,17,True,False,False,Neftçilər,Bakı
6084173,240000,AZN,2,89.0,3,12,True,False,False,Əhmədli,Bakı
6488148,1030000,AZN,5,206.0,6,7,False,False,False,Ağ şəhər,Bakı
6488146,115000,AZN,2,45.0,1,4,True,False,False,Həzi Aslanov,Bakı
6323691,228000,AZN,2,75.0,16,17,True,False,False,Azadlıq Prospekti,Bakı
6405147,199000,AZN,3,70.0,6,6,True,False,False,Bayıl,Bakı
6378551,112000,AZN,2,45.0,1,4,True,False,False,Badamdar,Bakı
6256540,600000,AZN,4,260.0,12,19,True,False,False,28 May,Bakı
6405146,165000,AZN,3,65.0,1,4,True,False,False,İçəri Şəhər,Bakı
6488140,162000,AZN,2,60.0,2,14,True,False,False,Həzi Aslanov,Bakı
6263038,278000,AZN,2,82.0,15,18,True,False,False,8-ci mikrorayon,Bakı
6488139,220000,AZN,4,100.0,4,5,True,False,False,Həzi Aslanov,Bakı
6476648,158000,AZN,2,54.0,5,19,True,False,False,Əhmədli,Bakı
6488138,162000,AZN,2,59.0,2,5,True,False,False,Memar Əcəmi,Bakı
6488135,450000,AZN,3,135.0,12,17,True,False,False,Nəsimi,Bakı
6488133,350000,AZN,3,132.0,2,12,True,False,False,Memar Əcəmi,Bakı
6488130,380000,AZN,3,135.0,2,18,True,False,False,Elmlər Akademiyası,Bakı
6488118,195000,AZN,2,57.0,3,19,True,False,False,İnşaatçılar,Bakı
6459839,365000,AZN,3,110.0,10,16,True,False,False,28 May,Bakı
6488126,349000,AZN,3,100.0,14,18,True,False,False,Nəsimi,Bakı
6358945,360000,AZN,3,95.0,2,3,True,False,False,Sahil,Bakı
6488123,172000,AZN,2,50.0,8,20,True,False,False,20 Yanvar,Bakı
6488097,215000,AZN,3,73.0,5,5,True,False,False,İnşaatçılar,Bakı
6488124,90000,AZN,2,55.2,3,4,True,False,False,Masazır,Bakı
6488122,350000,AZN,4,120.0,2,3,True,False,False,Sahil,Bakı
6488113,152000,AZN,2,80.0,5,16,True,False,False,,Sumqayıt
6488104,206000,AZN,3,80.0,8,9,True,False,False,Bakıxanov,Bakı
6405020,420000,AZN,4,176.0,14,24,True,False,False,Yasamal,Bakı
6488110,340000,AZN,3,130.0,13,17,True,False,False,Şah İsmayıl Xətai,Bakı
6488101,145000,AZN,2,43.0,3,5,True,False,False,Memar Əcəmi,Bakı
6488088,420000,AZN,3,106.0,6,27,True,False,False,20 Yanvar,Bakı
6488091,214366,AZN,2,64.0,7,16,True,False,False,Yasamal,Bakı
6488092,270000,AZN,1,60.0,12,20,False,False,False,Ağ şəhər,Bakı
6488095,125000,AZN,2,80.0,17,17,True,False,False,Əhmədli,Bakı
6488094,160000,AZN,2,56.0,19,20,True,False,False,Əhmədli,Bakı
6180914,520000,AZN,3,130.0,9,16,True,False,False,Nəriman Nərimanov,Bakı
6405186,135000,AZN,3,82.0,10,11,True,False,False,Masazır,Bakı
6488087,120000,AZN,2,42.0,3,3,True,False,False,28 May,Bakı
6488085,320000,AZN,3,110.0,12,17,True,False,False,Qara Qarayev,Bakı
6459018,112000,AZN,2,70.0,6,10,True,False,False,Abşeron,Xırdalan
6488083,175000,AZN,4,110.0,12,16,True,False,False,,Sumqayıt
6488078,106000,AZN,1,23.0,4,6,True,False,False,Elmlər Akademiyası,Bakı
6488072,220000,AZN,3,77.0,15,15,True,False,False,İnşaatçılar,Bakı
6163861,180000,AZN,2,55.0,1,5,True,False,False,Şah İsmayıl Xətai,Bakı
6488077,700000,AZN,8,800.0,17,18,False,False,False,Elmlər Akademiyası,Bakı
6488076,169000,AZN,3,85.0,3,5,True,False,False,Memar Əcəmi,Bakı
6488073,166000,AZN,2,45.0,9,9,True,False,False,Həzi Aslanov,Bakı
6308854,208000,AZN,3,75.0,16,18,True,False,False,İnşaatçılar,Bakı
6488066,125000,AZN,2,43.0,17,17,True,False,False,Əhmədli,Bakı
6488068,150000,AZN,1,35.0,1,5,True,False,False,Memar Əcəmi,Bakı
6488064,136000,AZN,2,46.0,5,5,True,False,False,Xalqlar Dostluğu,Bakı
6488067,293000,AZN,3,50.0,3,3,True,False,False,Sahil,Bakı
6488063,248000,AZN,2,60.0,11,16,True,False,False,Şah İsmayıl Xətai,Bakı
6488062,127000,AZN,1,36.0,4,9,True,False,False,Həzi Aslanov,Bakı
6488061,332000,AZN,2,114.0,14,18,True,False,False,Nərimanov,Bakı
6488056,97500,AZN,2,43.0,2,5,True,False,False,,Xırdalan
